semanticResourceURN;bcpg:lvType;bcpg:lvCode;bcpg:lvValue;bcpg:lvValue_en;bcpg:lvValue_fr;bcpg:lvValue_de;bcpg:lvValue_nl;bcpg:lvValue_es;bcpg:lvValue_en_US;bcpg:lvValue_it;bcpg:lvValue_pt;bcpg:lvValue_sv;bcpg:lvValue_fi;changeLog;Status;Version;;;;;;;;;;;;;
urn:gs1:gdd:cl:AdditionalTradeItemClassificationCodeListCode;AdditionalTradeItemClassificationCodeListCode;;;;;;;;;;;;;CHANGED;CURRENT;9;;;;;;;;;;;;;
urn:gs1:gdd:cl:AdditionalTradeItemClassificationCodeListCode:1;AdditionalTradeItemClassificationCodeListCode;1;GXS;GXS;GXS;;;;;;;;;NEW;CURRENT;1;;;;;;;;;;;;;
urn:gs1:gdd:cl:AdditionalTradeItemClassificationCodeListCode:10;AdditionalTradeItemClassificationCodeListCode;10;CCG;CCG;CCG;;;;;;;;;CHANGED;CURRENT;2;;;;;;;;;;;;;
urn:gs1:gdd:cl:AdditionalTradeItemClassificationCodeListCode:11;AdditionalTradeItemClassificationCodeListCode;11;EANFIN;EANFIN;EANFIN;;;;;;;;;CHANGED;CURRENT;2;;;;;;;;;;;;;
urn:gs1:gdd:cl:AdditionalTradeItemClassificationCodeListCode:12;AdditionalTradeItemClassificationCodeListCode;12;CFIA (Canadian Food Inspection Agency) fish list;CFIA (Canadian Food Inspection Agency) fish list;Liste des poissons de l'ACIA (Agence canadienne d'inspection des aliments);;;;;;;;;GDSN;;NEW;CURRENT;1;;;;;;;;;;;
urn:gs1:gdd:cl:AdditionalTradeItemClassificationCodeListCode:13;AdditionalTradeItemClassificationCodeListCode;13;IFLS5;IFLS5;IFLS5;;;;;;;;;CHANGED;CURRENT;2;;;;;;;;;;;;;
urn:gs1:gdd:cl:AdditionalTradeItemClassificationCodeListCode:14;AdditionalTradeItemClassificationCodeListCode;14;CBL;CBL;CBL;;;;;;;;;CHANGED;CURRENT;2;;;;;;;;;;;;;
urn:gs1:gdd:cl:AdditionalTradeItemClassificationCodeListCode:15;AdditionalTradeItemClassificationCodeListCode;15;JICFS;JICFS;JICFS;;;;;;;;;CHANGED;CURRENT;2;;;;;;;;;;;;;
urn:gs1:gdd:cl:AdditionalTradeItemClassificationCodeListCode:16;AdditionalTradeItemClassificationCodeListCode;16;European Union;European Union;Union européenne;;;;;;;;;5 % fat) 5 Category V - medium fat milk (1;5 - 1;8 % fat)7 Category VII - low fat milk (<0;5 % fat)9 Category IX - other;CODEVALUE;Shared;;CHANGED;CURRENT;2;;;;;;
urn:gs1:gdd:cl:AdditionalTradeItemClassificationCodeListCode:17;AdditionalTradeItemClassificationCodeListCode;17;GS1 Spain;GS1 Spain;GS1 Espagne;;;;;;;;;CHANGED;CURRENT;2;;;;;;;;;;;;;
urn:gs1:gdd:cl:AdditionalTradeItemClassificationCodeListCode:18;AdditionalTradeItemClassificationCodeListCode;18;GS1 Poland;GS1 Poland;GS1 Pologne;;;;;;;;;CHANGED;CURRENT;2;;;;;;;;;;;;;
urn:gs1:gdd:cl:AdditionalTradeItemClassificationCodeListCode:19;AdditionalTradeItemClassificationCodeListCode;19;Federal Agency on Technical Regulating and Metrology of the Russia Federation;Federal Agency on Technical Regulating and Metrology of the Russia Federation;Agence fédérale de réglementation technique et de métrologie de la Fédération de Russie;;;;;;;;;NEW;CURRENT;1;;;;;;;;;;;;;
urn:gs1:gdd:cl:AdditionalTradeItemClassificationCodeListCode:2;AdditionalTradeItemClassificationCodeListCode;2;IRI;IRI;IRI;;;;;;;;;NEW;CURRENT;1;;;;;;;;;;;;;
urn:gs1:gdd:cl:AdditionalTradeItemClassificationCodeListCode:20;AdditionalTradeItemClassificationCodeListCode;20;ECR;ECR;ECR;;;;;;;;;CHANGED;CURRENT;2;;;;;;;;;;;;;
urn:gs1:gdd:cl:AdditionalTradeItemClassificationCodeListCode:21;AdditionalTradeItemClassificationCodeListCode;21;GS1 Italy;GS1 Italy;GS1 Italie;;;;;;;;;CHANGED;CURRENT;2;;;;;;;;;;;;;
urn:gs1:gdd:cl:AdditionalTradeItemClassificationCodeListCode:22;AdditionalTradeItemClassificationCodeListCode;22;CPV;CPV;CPV;;;;;;;;;;NEW;CURRENT;1;;;;;;;;;;;;
urn:gs1:gdd:cl:AdditionalTradeItemClassificationCodeListCode:23;AdditionalTradeItemClassificationCodeListCode;23;IFDA;IFDA;IFDA;;;;;;;;;NEW;CURRENT;1;;;;;;;;;;;;;
urn:gs1:gdd:cl:AdditionalTradeItemClassificationCodeListCode:24;AdditionalTradeItemClassificationCodeListCode;24;AHFS;AHFS;AHFS;;;;;;;;;NEW;CURRENT;1;;;;;;;;;;;;;
urn:gs1:gdd:cl:AdditionalTradeItemClassificationCodeListCode:25;AdditionalTradeItemClassificationCodeListCode;25;ATC;ATC;ATC;;;;;;;;;NEW;CURRENT;1;;;;;;;;;;;;;
urn:gs1:gdd:cl:AdditionalTradeItemClassificationCodeListCode:26;AdditionalTradeItemClassificationCodeListCode;26;ClaDiMed;ClaDiMed;ClaDiMed;;;;;;;;;NEW;CURRENT;1;;;;;;;;;;;;;
urn:gs1:gdd:cl:AdditionalTradeItemClassificationCodeListCode:27;AdditionalTradeItemClassificationCodeListCode;27;CMDR;CMDR;CMDR;;;;;;;;;NEW;CURRENT;1;;;;;;;;;;;;;
urn:gs1:gdd:cl:AdditionalTradeItemClassificationCodeListCode:28;AdditionalTradeItemClassificationCodeListCode;28;CND;CND;CND;;;;;;;;;NEW;CURRENT;1;;;;;;;;;;;;;
urn:gs1:gdd:cl:AdditionalTradeItemClassificationCodeListCode:3;AdditionalTradeItemClassificationCodeListCode;3;AC Nielsen;AC Nielsen;AC Nielsen;;;;;;;;;NEW;CURRENT;1;;;;;;;;;;;;;
urn:gs1:gdd:cl:AdditionalTradeItemClassificationCodeListCode:30;AdditionalTradeItemClassificationCodeListCode;30;UKDM&D;UKDM&D;Royaume-UniDM&D;;;;;;;;;CHANGED;CURRENT;2;;;;;;;;;;;;;
urn:gs1:gdd:cl:AdditionalTradeItemClassificationCodeListCode:31;AdditionalTradeItemClassificationCodeListCode;31;eCl@ss;eCl@ss;eCl@ss;;;;;;;;;NEW;CURRENT;1;;;;;;;;;;;;;
urn:gs1:gdd:cl:AdditionalTradeItemClassificationCodeListCode:32;AdditionalTradeItemClassificationCodeListCode;32;EDMA;EDMA;EDMA;;;;;;;;;NEW;CURRENT;1;;;;;;;;;;;;;
urn:gs1:gdd:cl:AdditionalTradeItemClassificationCodeListCode:33;AdditionalTradeItemClassificationCodeListCode;33;EGAR;EGAR;EGAR;;;;;;;;;NEW;CURRENT;1;;;;;;;;;;;;;
urn:gs1:gdd:cl:AdditionalTradeItemClassificationCodeListCode:34;AdditionalTradeItemClassificationCodeListCode;34;IMS;IMS;IMS;;;;;;;;;NEW;CURRENT;1;;;;;;;;;;;;;
urn:gs1:gdd:cl:AdditionalTradeItemClassificationCodeListCode:35;AdditionalTradeItemClassificationCodeListCode;35;GMDN;GMDN;GMDN;;;;;;;;;NEW;CURRENT;1;;;;;;;;;;;;;
urn:gs1:gdd:cl:AdditionalTradeItemClassificationCodeListCode:36;AdditionalTradeItemClassificationCodeListCode;36;GPI;GPI;IPP;;;;;;;;;NEW;CURRENT;1;;;;;;;;;;;;;
urn:gs1:gdd:cl:AdditionalTradeItemClassificationCodeListCode:37;AdditionalTradeItemClassificationCodeListCode;37;HCPCS;HCPCS;HCPCS;;;;;;;;;NEW;CURRENT;1;;;;;;;;;;;;;
urn:gs1:gdd:cl:AdditionalTradeItemClassificationCodeListCode:38;AdditionalTradeItemClassificationCodeListCode;38;ICPS;ICPS;ICPS;;;;;;;;;NEW;CURRENT;1;;;;;;;;;;;;;
urn:gs1:gdd:cl:AdditionalTradeItemClassificationCodeListCode:39;AdditionalTradeItemClassificationCodeListCode;39;MedDRA;MedDRA;MedDRA;;;;;;;;;Shared;;NEW;CURRENT;1;;;;;;;;;;;
urn:gs1:gdd:cl:AdditionalTradeItemClassificationCodeListCode:4;AdditionalTradeItemClassificationCodeListCode;4;GS1 Canada ECCnet;GS1 Canada ECCnet;GS1 Canada ECCnet;;;;;;;;;NEW;CURRENT;1;;;;;;;;;;;;;
urn:gs1:gdd:cl:AdditionalTradeItemClassificationCodeListCode:40;AdditionalTradeItemClassificationCodeListCode;40;Medical Columbus;Medical Columbus;Colombus médical;;;;;;;;;NEW;CURRENT;1;;;;;;;;;;;;;
urn:gs1:gdd:cl:AdditionalTradeItemClassificationCodeListCode:41;AdditionalTradeItemClassificationCodeListCode;41;NAPCS;NAPCS;NAPCS;;;;;;;;;NEW;CURRENT;1;;;;;;;;;;;;;
urn:gs1:gdd:cl:AdditionalTradeItemClassificationCodeListCode:42;AdditionalTradeItemClassificationCodeListCode;42;NHS-eClass;NHS-eClass;Classe électronique du NHS;;;;;;;;;;NEW;CURRENT;1;;;;;;;;;;;;
urn:gs1:gdd:cl:AdditionalTradeItemClassificationCodeListCode:43;AdditionalTradeItemClassificationCodeListCode;43;US FDA PCCD;US FDA PCCD;PCCD de la FDA américaine;;;;;;;;;CHANGED;CURRENT;2;;;;;;;;;;;;;
urn:gs1:gdd:cl:AdditionalTradeItemClassificationCodeListCode:44;AdditionalTradeItemClassificationCodeListCode;44;SHPA;SHPA;SHPA;;;;;;;;;NEW;CURRENT;1;;;;;;;;;;;;;
urn:gs1:gdd:cl:AdditionalTradeItemClassificationCodeListCode:45;AdditionalTradeItemClassificationCodeListCode;45;SNOMED CT;SNOMED CT;SNOMED CT;;;;;;;;;CHANGED;CURRENT;2;;;;;;;;;;;;;
urn:gs1:gdd:cl:AdditionalTradeItemClassificationCodeListCode:46;AdditionalTradeItemClassificationCodeListCode;46;UMDNS;UMDNS;UMDNS;;;;;;;;;CHANGED;CURRENT;2;;;;;;;;;;;;;
urn:gs1:gdd:cl:AdditionalTradeItemClassificationCodeListCode:47;AdditionalTradeItemClassificationCodeListCode;47;DTB;DTB;DTB;;;;;;;;;NEW;CURRENT;1;;;;;;;;;;;;;
urn:gs1:gdd:cl:AdditionalTradeItemClassificationCodeListCode:48;AdditionalTradeItemClassificationCodeListCode;48;FEDAS PCK;FEDAS PCK;FEDAS PCK;;;;;;;;;CODEVALUE;Shared;;CHANGED;CURRENT;1;;;;;;;;;;
urn:gs1:gdd:cl:AdditionalTradeItemClassificationCodeListCode:49;AdditionalTradeItemClassificationCodeListCode;49;EAS;EAS;EAS;;;;;;;;;NEW;CURRENT;1;;;;;;;;;;;;;
urn:gs1:gdd:cl:AdditionalTradeItemClassificationCodeListCode:5;AdditionalTradeItemClassificationCodeListCode;5;UNSPSC;UNSPSC;UNSPSC;;;;;;;;;NEW;CURRENT;1;;;;;;;;;;;;;
urn:gs1:gdd:cl:AdditionalTradeItemClassificationCodeListCode:50;AdditionalTradeItemClassificationCodeListCode;50;Australian TGA Type;Australian TGA Type;Type TGA australien;;;;;;;;;Shared;;NEW;CURRENT;2;;;;;;;;;;;
urn:gs1:gdd:cl:AdditionalTradeItemClassificationCodeListCode:51;AdditionalTradeItemClassificationCodeListCode;51;Australian Medicines and Poisons Schedule Code;Australian Medicines and Poisons Schedule Code;Code australien des médicaments et des poisons;;;;;;;;;CODEVALUE;Shared;;NEW;CURRENT;2;;;;;;;;;;
urn:gs1:gdd:cl:AdditionalTradeItemClassificationCodeListCode:52;AdditionalTradeItemClassificationCodeListCode;52;Australian Pharmaceutical Benefits Scheme;Australian Pharmaceutical Benefits Scheme;Régime australien d'assurance-médicaments;;;;;;;;; so the consumer will pay the difference of $3.50 for the medication. The Repatriation Pharmaceutical Benefits Scheme is effectively the same scheme; however; offered to eligible war veterans; war widows and their dependents.;CODEVALUE;Shared;;NEW;CURRENT;2;;;;;;
urn:gs1:gdd:cl:AdditionalTradeItemClassificationCodeListCode:53;AdditionalTradeItemClassificationCodeListCode;53;Australian TGA Risk Classification;Australian TGA Risk Classification;Classification des risques TGA australienne;;;;;;;;;NEW;CURRENT;2;;;;;;;;;;;;;
urn:gs1:gdd:cl:AdditionalTradeItemClassificationCodeListCode:54;AdditionalTradeItemClassificationCodeListCode;54;MIV-C;MIV-C;MIV-C;;;;;;;;;NEW;CURRENT;2;;;;;;;;;;;;;
urn:gs1:gdd:cl:AdditionalTradeItemClassificationCodeListCode:55;AdditionalTradeItemClassificationCodeListCode;55;MIV-D;MIV-D;MIV-D;;;;;;;;;NEW;CURRENT;2;;;;;;;;;;;;;
urn:gs1:gdd:cl:AdditionalTradeItemClassificationCodeListCode:56;AdditionalTradeItemClassificationCodeListCode;56;BTE;BTE;BTE;;;;;;;;;NEW;CURRENT;2;;;;;;;;;;;;;
urn:gs1:gdd:cl:AdditionalTradeItemClassificationCodeListCode:57;AdditionalTradeItemClassificationCodeListCode;57;REV;REV;TOUR;;;;;;;;;Shared;;NEW;CURRENT;2;;;;;;;;;;;
urn:gs1:gdd:cl:AdditionalTradeItemClassificationCodeListCode:58;AdditionalTradeItemClassificationCodeListCode;58;FDA Premarket Submission Number;FDA Premarket Submission Number;Numéro de soumission préalable à la mise sur le marché de la FDA;;;;;;;;;CHANGED;CURRENT;4;;;;;;;;;;;;;
urn:gs1:gdd:cl:AdditionalTradeItemClassificationCodeListCode:59;AdditionalTradeItemClassificationCodeListCode;59;ETIM;ETIM;ETIM;;;;;;;;;;NEW;CURRENT;3;;;;;;;;;;;;
urn:gs1:gdd:cl:AdditionalTradeItemClassificationCodeListCode:6;AdditionalTradeItemClassificationCodeListCode;6;ECCMA;ECCMA;ECCMA;;;;;;;;;CHANGED;CURRENT;2;;;;;;;;;;;;;
urn:gs1:gdd:cl:AdditionalTradeItemClassificationCodeListCode:60;AdditionalTradeItemClassificationCodeListCode;60;G-DRG;G-DRG;G-DRG;;;;;;;;; the Association of Statutory Health Insurance Funds and the Association of private health insurance. http://www.g-drg.de/cms/;CODEVALUE;Shared;;NEW;CURRENT;3;;;;;;;;;
urn:gs1:gdd:cl:AdditionalTradeItemClassificationCodeListCode:61;AdditionalTradeItemClassificationCodeListCode;61;ICD-GM;ICD-GM;CIM-GM;;;;;;;;;Shared;;NEW;CURRENT;3;;;;;;;;;;;
urn:gs1:gdd:cl:AdditionalTradeItemClassificationCodeListCode:62;AdditionalTradeItemClassificationCodeListCode;62;OPS-G;OPS-G;OPS-G;;;;;;;;;CODEVALUE;Shared;;NEW;CURRENT;3;;;;;;;;;;
urn:gs1:gdd:cl:AdditionalTradeItemClassificationCodeListCode:63;AdditionalTradeItemClassificationCodeListCode;63;NCM;NCM;MR;;;;;;;;; uses the Harmonized System that forms the six first numbers; while the seventh and eighth numbers are used for specific within Mercosul. Harmonized System: The Harmonised Commodity Description and Coding System (HS) of tariff nomenclature is an internationally standardized system of names and numbers for classifying traded products developed and maintained by the World Customs Organization (WCO) (formerly the Customs Co-operation Council); an independent intergovernmental organization with over 170 member countries based in Brussels; Belgium. Example: 0104.10.11;CODEVALUE;Shared;;NEW;CURRENT;3;;;;;;
urn:gs1:gdd:cl:AdditionalTradeItemClassificationCodeListCode:64;AdditionalTradeItemClassificationCodeListCode;64;CORE DIY;CORE DIY;DIY DE BASE;;;;;;;;;NEW;CURRENT;3;;;;;;;;;;;;;
urn:gs1:gdd:cl:AdditionalTradeItemClassificationCodeListCode:65;AdditionalTradeItemClassificationCodeListCode;65;FDA Preferred Term Code;;FDA Preferred Term Code;;;;;;;;; Unique four-character value assigned by the FDA to indicate a GMDN Preferred Term without exposing the GMDN PT Code.;CODEVALUE;Shared;;NEW;CURRENT;1;;;;;;;;;
urn:gs1:gdd:cl:AdditionalTradeItemClassificationCodeListCode:66;AdditionalTradeItemClassificationCodeListCode;66;Medsafe Risk Classification;Medsafe Risk Classification;Classification des risques Medsafe;;;;;;;;;NEW;CURRENT;1;;;;;;;;;;;;;
urn:gs1:gdd:cl:AdditionalTradeItemClassificationCodeListCode:67;AdditionalTradeItemClassificationCodeListCode;67;Medsafe Regulatory Classification;Medsafe Regulatory Classification;Classification réglementaire Medsafe;;;;;;;;;NEW;CURRENT;1;;;;;;;;;;;;;
urn:gs1:gdd:cl:AdditionalTradeItemClassificationCodeListCode:68;AdditionalTradeItemClassificationCodeListCode;68;LPRR;LPRR;LPRR;;;;;;;;; implantable devices or vehicles for the physically disabled. For each product the LPPR is applied with the refundable amount; the repayment rate and possibly its end date of repayment.;CODEVALUE;Shared;;NEW;CURRENT;1;;;;;;;;
urn:gs1:gdd:cl:AdditionalTradeItemClassificationCodeListCode:69;AdditionalTradeItemClassificationCodeListCode;69;INN;INN;AUBERGE;;;;;;;;;NEW;CURRENT;4;;;;;;;;;;;;;
urn:gs1:gdd:cl:AdditionalTradeItemClassificationCodeListCode:7;AdditionalTradeItemClassificationCodeListCode;7;EAN Norges Multibransje Varegruppestandard;EAN Norges Multibransje Varegruppestandard;EAN Norges Multibransje Varegruppestandard;;;;;;;;;CHANGED;CURRENT;2;;;;;;;;;;;;;
urn:gs1:gdd:cl:AdditionalTradeItemClassificationCodeListCode:70;AdditionalTradeItemClassificationCodeListCode;70;VBN;VBN;VBN;;;;;;;;;;NEW;CURRENT;5;;;;;;;;;;;;
urn:gs1:gdd:cl:AdditionalTradeItemClassificationCodeListCode:71;AdditionalTradeItemClassificationCodeListCode;71;Groupement d’Etude des Marchés en Restauration Collective et de Nutrition;Groupement d’Etude des Marchés en Restauration Collective et de Nutrition;Groupement d’Etude des Marchés en Restauration Collective et de Nutrition;;;;;;;;;NEW;CURRENT;6;;;;;;;;;;;;;
urn:gs1:gdd:cl:AdditionalTradeItemClassificationCodeListCode:72;AdditionalTradeItemClassificationCodeListCode;72;European Community School Milk;European Community School Milk;Lait scolaire de la Communauté européenne;;;;;;;;;NEW;CURRENT;6;;;;;;;;;;;;;
urn:gs1:gdd:cl:AdditionalTradeItemClassificationCodeListCode:73;AdditionalTradeItemClassificationCodeListCode;73;OKPD2 Russian Classification of Product by Economic Activities.;OKPD2 Russian Classification of Product by Economic Activities.;OKPD2 Classification russe des produits par activités économiques.;;;;;;;;;NEW;CURRENT;7;;;;;;;;;;;;;
urn:gs1:gdd:cl:AdditionalTradeItemClassificationCodeListCode:74;AdditionalTradeItemClassificationCodeListCode;74;French Ministry of Health;French Ministry of Health;Ministère français de la Santé;;;;;;;;;NEW;CURRENT;7;;;;;;;;;;;;;
urn:gs1:gdd:cl:AdditionalTradeItemClassificationCodeListCode:75;AdditionalTradeItemClassificationCodeListCode;75;GS1 Sweden Alcoholic Beverages;GS1 Sweden Alcoholic Beverages;Boissons alcoolisées GS1 Suède;;;;;;;;;NEW;CURRENT;8;;;;;;;;;;;;;
urn:gs1:gdd:cl:AdditionalTradeItemClassificationCodeListCode:76;AdditionalTradeItemClassificationCodeListCode;76;EU Regulation (MDR/IVDR) Risk class;EU Regulation (MDR/IVDR) Risk class;Classe de risque du règlement de l'UE (MDR/IVDR);;;;;;;;;;CHANGED;CURRENT;9;;;;;;;;;;;;
urn:gs1:gdd:cl:AdditionalTradeItemClassificationCodeListCode:77;AdditionalTradeItemClassificationCodeListCode;77;MiGeL Position number;MiGeL Position number;Numéro de position MiGeL;;;;;;;;;NEW;CURRENT;9;;;;;;;;;;;;;
urn:gs1:gdd:cl:AdditionalTradeItemClassificationCodeListCode:78;AdditionalTradeItemClassificationCodeListCode;78;Swissmedic dispensing category;Swissmedic dispensing category;Catégorie de distribution Swissmedic;;;;;;;;; E: Supply in the absence of advice of a specialist.;CODEVALUE;Shared;;CHANGED;UPDATED;2;;;;;;;;;
urn:gs1:gdd:cl:AdditionalTradeItemClassificationCodeListCode:79;AdditionalTradeItemClassificationCodeListCode;79;DE_Hilfsmittelnummer;DE_Hilfsmittelnummer;DE_Hilfsmittelnummer;;;;;;;;; indication-related requirements and medical benefit have been proven by the manufacturer. In the aid directory of the statutory health insurance funds all aids with aid number are divided into categories and product groups and collected.;CODEVALUE;Shared;;NEW;CURRENT;1;;;;;;;;;
urn:gs1:gdd:cl:AdditionalTradeItemClassificationCodeListCode:8;AdditionalTradeItemClassificationCodeListCode;8;Supplier Assigned;Supplier Assigned;Fournisseur assigné;;;;;;;;;NEW;CURRENT;1;;;;;;;;;;;;;
urn:gs1:gdd:cl:AdditionalTradeItemClassificationCodeListCode:80;AdditionalTradeItemClassificationCodeListCode;80;Valvira Packaging Code;Valvira Packaging Code;Code d'emballage Valvira;;;;;;;;;NEW;CURRENT;1;;;;;;;;;;;;;
urn:gs1:gdd:cl:AdditionalTradeItemClassificationCodeListCode:81;AdditionalTradeItemClassificationCodeListCode;81;Valvira Product Category Code;Valvira Product Category Code;Code de catégorie de produit Valvira;;;;;;;;;NEW;CURRENT;1;;;;;;;;;;;;;
urn:gs1:gdd:cl:AdditionalTradeItemClassificationCodeListCode:82;AdditionalTradeItemClassificationCodeListCode;82;Valvira Quality Class Code for wines;Valvira Quality Class Code for wines;Code de classe de qualité Valvira pour les vins;;;;;;;;;NEW;CURRENT;1;;;;;;;;;;;;;
urn:gs1:gdd:cl:AdditionalTradeItemClassificationCodeListCode:83;AdditionalTradeItemClassificationCodeListCode;83;BNN;BNN;BNN;;;;;;;;;NEW;CURRENT;1;;;;;;;;;;;;;
urn:gs1:gdd:cl:AdditionalTradeItemClassificationCodeListCode:84;AdditionalTradeItemClassificationCodeListCode;84;CEST;CEST;CEST;;;;;;;;;NEW;CURRENT;1;;;;;;;;;;;;;
urn:gs1:gdd:cl:AdditionalTradeItemClassificationCodeListCode:85;AdditionalTradeItemClassificationCodeListCode;85;EU Directive (MDD/AIMDD/IVDD) Risk class;EU Directive (MDD/AIMDD/IVDD) Risk class;Classe de risque de la directive européenne (MDD/AIMDD/IVDD);;;;;;;;;Shared;;NEW;CURRENT;1;;;;;;;;;;;
urn:gs1:gdd:cl:AdditionalTradeItemClassificationCodeListCode:86;AdditionalTradeItemClassificationCodeListCode;86;National Healthcare Security Administration (NHSA);National Healthcare Security Administration (NHSA);Administration nationale de la sécurité des soins de santé (NHSA);;;;;;;;;NEW;CURRENT;1;;;;;;;;;;;;;
urn:gs1:gdd:cl:AdditionalTradeItemClassificationCodeListCode:87;AdditionalTradeItemClassificationCodeListCode;87;National Medical Products Administration (NMPA);National Medical Products Administration (NMPA);Administration nationale des produits médicaux (NMPA);;;;;;;;;NEW;CURRENT;1;;;;;;;;;;;;;
urn:gs1:gdd:cl:AdditionalTradeItemClassificationCodeListCode:88;AdditionalTradeItemClassificationCodeListCode;88;European Medical Device Nomenclature (EMDN);European Medical Device Nomenclature (EMDN);Nomenclature européenne des dispositifs médicaux (EMDN);;;;;;;;;NEW;CURRENT;1;;;;;;;;;;;;;
urn:gs1:gdd:cl:AdditionalTradeItemClassificationCodeListCode:89;AdditionalTradeItemClassificationCodeListCode;89;COFEPRIS;COFEPRIS;COFEPRIS;;;;;;;;;;NEW;CURRENT;1;;;;;;;;;;;;
urn:gs1:gdd:cl:AdditionalTradeItemClassificationCodeListCode:9;AdditionalTradeItemClassificationCodeListCode;9;AMECE;AMECE;AMECE;;;;;;;;;CHANGED;CURRENT;2;;;;;;;;;;;;;
urn:gs1:gdd:cl:AdditionalTradeItemClassificationCodeListCode:90;AdditionalTradeItemClassificationCodeListCode;90;Czech State Veterinary Administration;Czech State Veterinary Administration;Administration vétérinaire d'État tchèque;;;;;;;;;NEW;CURRENT;1;;;;;;;;;;;;;
urn:gs1:gdd:cl:AdditionalTradeItemClassificationCodeListCode:91;AdditionalTradeItemClassificationCodeListCode;91;Czech General Health Insurance Code (VZP);Czech General Health Insurance Code (VZP);Code général d'assurance maladie tchèque (VZP);;;;;;;;;NEW;CURRENT;1;;;;;;;;;;;;;
urn:gs1:gdd:cl:AdditionalTradeItemClassificationCodeListCode:93;AdditionalTradeItemClassificationCodeListCode;93;Sailab Fennica;Sailab Fennica;Sailab Fennica;;;;;;;;;NEW;CURRENT;1;;;;;;;;;;;;;
urn:gs1:gdd:cl:AdditionalTradeItemClassificationCodeListCode:99;AdditionalTradeItemClassificationCodeListCode;99;United Kingdom (UK) High in Fat Salt and Sugar (HFSS);United Kingdom (UK) High in Fat Salt and Sugar (HFSS);Royaume-Uni (RU) Riche en matières grasses;;;;;;;;;;NEW;CURRENT;1;;;;;;;;;;;;
urn:gs1:gdd:cl:AlcoholBeverageDistilledFromCode;AlcoholBeverageDistilledFromCode;;;;;;;;;;;;;NEW;CURRENT;1;;;;;;;;;;;;;
urn:gs1:gdd:cl:AlcoholBeverageDistilledFromCode:APPLE;AlcoholBeverageDistilledFromCode;APPLE;Apple;Apple;Pomme;;;;;;;;;NEW;CURRENT;1;;;;;;;;;;;;;
urn:gs1:gdd:cl:AlcoholBeverageDistilledFromCode:BARLEY;AlcoholBeverageDistilledFromCode;BARLEY;Barley;Barley;Orge;;;;;;;;;NEW;CURRENT;1;;;;;;;;;;;;;
urn:gs1:gdd:cl:AlcoholBeverageDistilledFromCode:CORN;AlcoholBeverageDistilledFromCode;CORN;Corn;Corn;Maïs;;;;;;;;;NEW;CURRENT;1;;;;;;;;;;;;;
urn:gs1:gdd:cl:AlcoholBeverageDistilledFromCode:GRAIN;AlcoholBeverageDistilledFromCode;GRAIN;Grain;Grain;Grain;;;;;;;;;NEW;CURRENT;1;;;;;;;;;;;;;
urn:gs1:gdd:cl:AlcoholBeverageDistilledFromCode:GRAPE;AlcoholBeverageDistilledFromCode;GRAPE;Grape;Grape;Raisin;;;;;;;;;NEW;CURRENT;1;;;;;;;;;;;;;
urn:gs1:gdd:cl:AlcoholBeverageDistilledFromCode:HONEY;AlcoholBeverageDistilledFromCode;HONEY;Honey;Honey;Chéri;;;;;;;;;NEW;CURRENT;1;;;;;;;;;;;;;
urn:gs1:gdd:cl:AlcoholBeverageDistilledFromCode:HOPS;AlcoholBeverageDistilledFromCode;HOPS;Hops;Hops;Houblon;;;;;;;;;NEW;CURRENT;1;;;;;;;;;;;;;
urn:gs1:gdd:cl:AlcoholBeverageDistilledFromCode:MALT;AlcoholBeverageDistilledFromCode;MALT;Malt;Malt;Malt;;;;;;;;;NEW;CURRENT;1;;;;;;;;;;;;;
urn:gs1:gdd:cl:AlcoholBeverageDistilledFromCode:MILK;AlcoholBeverageDistilledFromCode;MILK;Milk;Milk;Lait;;;;;;;;;NEW;CURRENT;1;;;;;;;;;;;;;
urn:gs1:gdd:cl:AlcoholBeverageDistilledFromCode:MOLASSES;AlcoholBeverageDistilledFromCode;MOLASSES;Molasses;Molasses;mélasse;;;;;;;;;NEW;CURRENT;1;;;;;;;;;;;;;
urn:gs1:gdd:cl:AlcoholBeverageDistilledFromCode:OATS;AlcoholBeverageDistilledFromCode;OATS;Oats;Oats;Avoine;;;;;;;;;NEW;CURRENT;1;;;;;;;;;;;;;
urn:gs1:gdd:cl:AlcoholBeverageDistilledFromCode:PEAR;AlcoholBeverageDistilledFromCode;PEAR;Pear;Pear;Poire;;;;;;;;;NEW;CURRENT;1;;;;;;;;;;;;;
urn:gs1:gdd:cl:AlcoholBeverageDistilledFromCode:POTATO;AlcoholBeverageDistilledFromCode;POTATO;Potato;Potato;Pomme de terre;;;;;;;;;NEW;CURRENT;1;;;;;;;;;;;;;
urn:gs1:gdd:cl:AlcoholBeverageDistilledFromCode:QUINOA;AlcoholBeverageDistilledFromCode;QUINOA;Quinoa;Quinoa;Quinoa;;;;;;;;;NEW;CURRENT;1;;;;;;;;;;;;;
urn:gs1:gdd:cl:AlcoholBeverageDistilledFromCode:RYE;AlcoholBeverageDistilledFromCode;RYE;Rye;Rye;Seigle;;;;;;;;;NEW;CURRENT;1;;;;;;;;;;;;;
urn:gs1:gdd:cl:AlcoholBeverageDistilledFromCode:SPELT;AlcoholBeverageDistilledFromCode;SPELT;Spelt;Spelt;Épeautre;;;;;;;;;NEW;CURRENT;1;;;;;;;;;;;;;
urn:gs1:gdd:cl:AlcoholBeverageDistilledFromCode:SUGARCANE;AlcoholBeverageDistilledFromCode;SUGARCANE;Sugarcane;Sugarcane;Canne à sucre;;;;;;;;;NEW;CURRENT;1;;;;;;;;;;;;;
urn:gs1:gdd:cl:AlcoholBeverageDistilledFromCode:SUGARCANE_JUICE;AlcoholBeverageDistilledFromCode;SUGARCANE_JUICE;Sugarcane Juice;Sugarcane Juice;Jus de canne à sucre;;;;;;;;;NEW;CURRENT;1;;;;;;;;;;;;;
urn:gs1:gdd:cl:AlcoholBeverageDistilledFromCode:SWEET_POTATO;AlcoholBeverageDistilledFromCode;SWEET_POTATO;Sweet Potato;Sweet Potato;Patate douce;;;;;;;;;NEW;CURRENT;1;;;;;;;;;;;;;
urn:gs1:gdd:cl:AlcoholBeverageDistilledFromCode:UNCLASSIFIED;AlcoholBeverageDistilledFromCode;UNCLASSIFIED;Unclassified;Unclassified;Non classé;;;;;;;;;NEW;CURRENT;1;;;;;;;;;;;;;
urn:gs1:gdd:cl:AlcoholBeverageDistilledFromCode:UNIDENTIFIED;AlcoholBeverageDistilledFromCode;UNIDENTIFIED;Unidentified;Unidentified;Non identifié;;;;;;;;;NEW;CURRENT;1;;;;;;;;;;;;;
urn:gs1:gdd:cl:AlcoholBeverageDistilledFromCode:WHEAT;AlcoholBeverageDistilledFromCode;WHEAT;Wheat;Wheat;Blé;;;;;;;;;NEW;CURRENT;1;;;;;;;;;;;;;
urn:gs1:gdd:cl:AlcoholBeverageFilteringMethodTypeCode;AlcoholBeverageFilteringMethodTypeCode;;;;;;;;;;;;;NEW;CURRENT;1;;;;;;;;;;;;;
urn:gs1:gdd:cl:AlcoholBeverageFilteringMethodTypeCode:CHARCOAL;AlcoholBeverageFilteringMethodTypeCode;CHARCOAL;Charcoal;Charcoal;Charbon de bois;;;;;;;;;NEW;CURRENT;1;;;;;;;;;;;;;
urn:gs1:gdd:cl:AlcoholBeverageFilteringMethodTypeCode:CHILLED;AlcoholBeverageFilteringMethodTypeCode;CHILLED;Chilled;Chilled;Glacé;;;;;;;;;NEW;CURRENT;1;;;;;;;;;;;;;
urn:gs1:gdd:cl:AlcoholBeverageFilteringMethodTypeCode:NON_CHILLED;AlcoholBeverageFilteringMethodTypeCode;NON_CHILLED;Non-Chilled;Non-Chilled;Non réfrigéré;;;;;;;;;NEW;CURRENT;1;;;;;;;;;;;;;
urn:gs1:gdd:cl:AlcoholBeverageFilteringMethodTypeCode:OTHER;AlcoholBeverageFilteringMethodTypeCode;OTHER;Other;Other;Autre;;;;;;;;;NEW;CURRENT;1;;;;;;;;;;;;;
urn:gs1:gdd:cl:AlcoholBeverageFilteringMethodTypeCode:UNFILTERED;AlcoholBeverageFilteringMethodTypeCode;UNFILTERED;Unfiltered;Unfiltered;Non filtré;;;;;;;;;NEW;CURRENT;1;;;;;;;;;;;;;
urn:gs1:gdd:cl:AlcoholBeverageProductionMethodTypeCode;AlcoholBeverageProductionMethodTypeCode;;;;;;;;;;;;;NEW;CURRENT;1;;;;;;;;;;;;;
urn:gs1:gdd:cl:AlcoholBeverageProductionMethodTypeCode:ARTIFICIAL_CARBONATION;AlcoholBeverageProductionMethodTypeCode;ARTIFICIAL_CARBONATION;Artificial Carbonation;Artificial Carbonation;Carbonatation artificielle;;;;;;;;;NEW;CURRENT;1;;;;;;;;;;;;;
urn:gs1:gdd:cl:AlcoholBeverageProductionMethodTypeCode:CHAMPENOISE;AlcoholBeverageProductionMethodTypeCode;CHAMPENOISE;Champenoise;Champenoise;Champenoise;;;;;;;;;NEW;CURRENT;1;;;;;;;;;;;;;
urn:gs1:gdd:cl:AlcoholBeverageProductionMethodTypeCode:CHARMAT_PROCESS_CUVE_CLOSE;AlcoholBeverageProductionMethodTypeCode;CHARMAT_PROCESS_CUVE_CLOSE;Charmat Process/Cuve Close;Charmat Process/Cuve Close;Procédé Charmat/Cuve Close;;;;;;;;;NEW;CURRENT;1;;;;;;;;;;;;;
urn:gs1:gdd:cl:AlcoholBeverageProductionMethodTypeCode:METHODE_TRADITIONNELLE;AlcoholBeverageProductionMethodTypeCode;METHODE_TRADITIONNELLE;Methode Traditionnelle;Methode Traditionnelle;Méthode Traditionnelle;;;;;;;;;NEW;CURRENT;1;;;;;;;;;;;;;
urn:gs1:gdd:cl:AlcoholBeverageProductionMethodTypeCode:METHODE_TRADITIONNELLE_CRÉMANT;AlcoholBeverageProductionMethodTypeCode;METHODE_TRADITIONNELLE_CRÉMANT;Methode Traditionnelle/Crémant;Methode Traditionnelle/Crémant;Méthode Traditionnelle/Crémant;;;;;;;;;NEW;CURRENT;1;;;;;;;;;;;;;
urn:gs1:gdd:cl:AlcoholBeverageProductionMethodTypeCode:RURAL_GAILLACOIS;AlcoholBeverageProductionMethodTypeCode;RURAL_GAILLACOIS;Rural/Gaillacois;Rural/Gaillacois;Rural/Gaillacois;;;;;;;;;NEW;CURRENT;1;;;;;;;;;;;;;
urn:gs1:gdd:cl:AlcoholBeverageProductionMethodTypeCode:TRANSFER;AlcoholBeverageProductionMethodTypeCode;TRANSFER;Transfer;Transfer;Transfert;;;;;;;;;NEW;CURRENT;1;;;;;;;;;;;;;
urn:gs1:gdd:cl:AlcoholBeverageProductionMethodTypeCode:UNCLASSIFIED;AlcoholBeverageProductionMethodTypeCode;UNCLASSIFIED;Unclassified;Unclassified;Non classé;;;;;;;;;NEW;CURRENT;1;;;;;;;;;;;;;
urn:gs1:gdd:cl:AlcoholBeverageProductionMethodTypeCode:UNIDENTIFIED;AlcoholBeverageProductionMethodTypeCode;UNIDENTIFIED;Unidentified;Unidentified;Non identifié;;;;;;;;;NEW;CURRENT;1;;;;;;;;;;;;;
urn:gs1:gdd:cl:AlcoholBeverageTypeCode;AlcoholBeverageTypeCode;;;;;;;;;;;;;NEW;CURRENT;1;;;;;;;;;;;;;
urn:gs1:gdd:cl:AlcoholBeverageTypeCode:ALCOHOLIC_PRE_MIXED_DRINK_LIQUEUR_BASED;AlcoholBeverageTypeCode;ALCOHOLIC_PRE_MIXED_DRINK_LIQUEUR_BASED;Alcoholic Pre-mixed Drink-Liqueur Based;Alcoholic Pre-mixed Drink-Liqueur Based;Boisson alcoolisée pré-mélangée à base de liqueur;;;;;;;;;NEW;CURRENT;1;;;;;;;;;;;;;
urn:gs1:gdd:cl:AlcoholBeverageTypeCode:ALCOHOLIC_PRE_MIXED_DRINK_MALT_BASED;AlcoholBeverageTypeCode;ALCOHOLIC_PRE_MIXED_DRINK_MALT_BASED;Alcoholic Pre-mixed Drink-Malt Based;Alcoholic Pre-mixed Drink-Malt Based;Boisson alcoolisée pré-mélangée à base de malt;;;;;;;;;NEW;CURRENT;1;;;;;;;;;;;;;
urn:gs1:gdd:cl:AlcoholBeverageTypeCode:ALCOHOLIC_PRE_MIXED_DRINK_SPIRIT_BASED;AlcoholBeverageTypeCode;ALCOHOLIC_PRE_MIXED_DRINK_SPIRIT_BASED;Alcoholic Pre-mixed Drink-Spirit Based;Alcoholic Pre-mixed Drink-Spirit Based;Boisson alcoolisée pré-mélangée à base de spiritueux;;;;;;;;;;NEW;CURRENT;1;;;;;;;;;;;;
urn:gs1:gdd:cl:AlcoholBeverageTypeCode:ALCOHOLIC_PRE_MIXED_DRINK_WINE_BASED;AlcoholBeverageTypeCode;ALCOHOLIC_PRE_MIXED_DRINK_WINE_BASED;Alcoholic Pre-mixed Drink-Wine Based;Alcoholic Pre-mixed Drink-Wine Based;Boisson alcoolisée pré-mélangée à base de vin;;;;;;;;;NEW;CURRENT;1;;;;;;;;;;;;;
urn:gs1:gdd:cl:AlcoholBeverageTypeCode:ALCOHOLIC_PRE_MIXED_DRINKS_OTHER;AlcoholBeverageTypeCode;ALCOHOLIC_PRE_MIXED_DRINKS_OTHER;Alcoholic Pre-Mixed Drinks-Other;Alcoholic Pre-Mixed Drinks-Other;Boissons alcoolisées prémélangées - Autres;;;;;;;;;NEW;CURRENT;1;;;;;;;;;;;;;
urn:gs1:gdd:cl:AlcoholBeverageTypeCode:ALCOHOLIC_SYRUP_OR_BITTERS_BEAN_KERNEL_BASED;AlcoholBeverageTypeCode;ALCOHOLIC_SYRUP_OR_BITTERS_BEAN_KERNEL_BASED;Alcoholic Syrup or Bitters-Bean/Kernel Based;Alcoholic Syrup or Bitters-Bean/Kernel Based;Sirop alcoolisé ou bitter à base de fèves/graines;;;;;;;;;GDSN;;NEW;CURRENT;1;;;;;;;;;;;
urn:gs1:gdd:cl:AlcoholBeverageTypeCode:ALCOHOLIC_SYRUP_OR_BITTERS_HERB_BASED;AlcoholBeverageTypeCode;ALCOHOLIC_SYRUP_OR_BITTERS_HERB_BASED;Alcoholic Syrup or Bitters-Herb Based;Alcoholic Syrup or Bitters-Herb Based;Sirop alcoolisé ou bitter à base d'herbes;;;;;;;;;GDSN;;NEW;CURRENT;1;;;;;;;;;;;
urn:gs1:gdd:cl:AlcoholBeverageTypeCode:BEER_ABBEY_TRAPPIST;AlcoholBeverageTypeCode;BEER_ABBEY_TRAPPIST;Beer-Abbey/Trappist;Beer-Abbey/Trappist;Abbaye de Beer/Trappiste;;;;;;;;;CODEVALUE;GDSN;;NEW;CURRENT;1;;;;;;;;;;
urn:gs1:gdd:cl:AlcoholBeverageTypeCode:BEER_ALE_BITTER;AlcoholBeverageTypeCode;BEER_ALE_BITTER;Beer-Ale/Bitter;Beer-Ale/Bitter;Bière-Ale/Bitter;;;;;;;;;;NEW;CURRENT;1;;;;;;;;;;;;
urn:gs1:gdd:cl:AlcoholBeverageTypeCode:BEER_BOCK;AlcoholBeverageTypeCode;BEER_BOCK;Bock beer;Bock beer;Bière Bock;;;;;;;;;;NEW;CURRENT;1;;;;;;;;;;;;
urn:gs1:gdd:cl:AlcoholBeverageTypeCode:BEER_INDIA_PALE_ALE;AlcoholBeverageTypeCode;BEER_INDIA_PALE_ALE;Beer-India Pale Ale;Beer-India Pale Ale;Bière - India Pale Ale;;;;;;;;;NEW;CURRENT;1;;;;;;;;;;;;;
urn:gs1:gdd:cl:AlcoholBeverageTypeCode:BEER_LAGER;AlcoholBeverageTypeCode;BEER_LAGER;Beer-Lager;Beer-Lager;Bière blonde;;;;;;;;;;NEW;CURRENT;1;;;;;;;;;;;;
urn:gs1:gdd:cl:AlcoholBeverageTypeCode:BEER_OTHER;AlcoholBeverageTypeCode;BEER_OTHER;Beer-Other;Beer-Other;Bière - Autre;;;;;;;;;NEW;CURRENT;1;;;;;;;;;;;;;
urn:gs1:gdd:cl:AlcoholBeverageTypeCode:BEER_SOUR;AlcoholBeverageTypeCode;BEER_SOUR;Beer-Sour;Beer-Sour;Bière aigre;;;;;;;;;GDSN;;NEW;CURRENT;1;;;;;;;;;;;
urn:gs1:gdd:cl:AlcoholBeverageTypeCode:BEER_STOUT_PORTER;AlcoholBeverageTypeCode;BEER_STOUT_PORTER;Beer-Stout/Porter;Beer-Stout/Porter;Bière-Stout/Porter;;;;;;;;; firm mocha coloured foam head.;CODEVALUE;GDSN;;NEW;CURRENT;1;;;;;;;;;
urn:gs1:gdd:cl:AlcoholBeverageTypeCode:BEER_WHEAT_BEER;AlcoholBeverageTypeCode;BEER_WHEAT_BEER;Beer-Wheat Beer;Beer-Wheat Beer;Bière-Bière de blé;;;;;;;;;;NEW;CURRENT;1;;;;;;;;;;;;
urn:gs1:gdd:cl:AlcoholBeverageTypeCode:FLAVOURED_BEER;AlcoholBeverageTypeCode;FLAVOURED_BEER;Flavoured beer;Flavoured beer;Bière aromatisée;;;;;;;;; after the fermentation.;CODEVALUE;GDSN;;NEW;CURRENT;1;;;;;;;;;
urn:gs1:gdd:cl:AlcoholBeverageTypeCode:FORTIFIED_WINE_ICE_WINE;AlcoholBeverageTypeCode;FORTIFIED_WINE_ICE_WINE;Fortified Wine-Ice Wine;Fortified Wine-Ice Wine;Vin fortifié - Vin de glace;;;;;;;;;;NEW;CURRENT;1;;;;;;;;;;;;
urn:gs1:gdd:cl:AlcoholBeverageTypeCode:FORTIFIED_WINE_MADEIRA;AlcoholBeverageTypeCode;FORTIFIED_WINE_MADEIRA;Fortified Wine-Madeira;Fortified Wine-Madeira;Vin fortifié de Madère;;;;;;;;;;NEW;CURRENT;1;;;;;;;;;;;;
urn:gs1:gdd:cl:AlcoholBeverageTypeCode:FORTIFIED_WINE_MALAGA;AlcoholBeverageTypeCode;FORTIFIED_WINE_MALAGA;Fortified Wine-Malaga;Fortified Wine-Malaga;Vin fortifié de Malaga;;;;;;;;;NEW;CURRENT;1;;;;;;;;;;;;;
urn:gs1:gdd:cl:AlcoholBeverageTypeCode:FORTIFIED_WINE_MARSALA;AlcoholBeverageTypeCode;FORTIFIED_WINE_MARSALA;Fortified Wine-Marsala;Fortified Wine-Marsala;Vin fortifié - Marsala;;;;;;;;;GDSN;;NEW;CURRENT;1;;;;;;;;;;;
urn:gs1:gdd:cl:AlcoholBeverageTypeCode:FORTIFIED_WINE_MOSCATEL;AlcoholBeverageTypeCode;FORTIFIED_WINE_MOSCATEL;Fortified Wine-Moscatel;Fortified Wine-Moscatel;Vin fortifié - Moscatel;;;;;;;;;NEW;CURRENT;1;;;;;;;;;;;;;
urn:gs1:gdd:cl:AlcoholBeverageTypeCode:FORTIFIED_WINE_MUSCAT_DE_BEAUMES_DE_VENISE;AlcoholBeverageTypeCode;FORTIFIED_WINE_MUSCAT_DE_BEAUMES_DE_VENISE;Fortified Wine-Muscat de Beaumes de Venise;Fortified Wine-Muscat de Beaumes de Venise;Vin Fortifié-Muscat de Beaumes de Venise;;;;;;;;;;NEW;CURRENT;1;;;;;;;;;;;;
urn:gs1:gdd:cl:AlcoholBeverageTypeCode:FORTIFIED_WINE_MUSCAT_DE_FRONTIGNAN;AlcoholBeverageTypeCode;FORTIFIED_WINE_MUSCAT_DE_FRONTIGNAN;Fortified Wine-Muscat de Frontignan;Fortified Wine-Muscat de Frontignan;Vin Fortifié-Muscat de Frontignan;;;;;;;;;NEW;CURRENT;1;;;;;;;;;;;;;
urn:gs1:gdd:cl:AlcoholBeverageTypeCode:FORTIFIED_WINE_MUSCAT_DE_LUNEL;AlcoholBeverageTypeCode;FORTIFIED_WINE_MUSCAT_DE_LUNEL;Fortified Wine-Muscat de Lunel;Fortified Wine-Muscat de Lunel;Vin Fortifié-Muscat de Lunel;;;;;;;;;NEW;CURRENT;1;;;;;;;;;;;;;
urn:gs1:gdd:cl:AlcoholBeverageTypeCode:FORTIFIED_WINE_MUSCAT_DE_MIREVAL;AlcoholBeverageTypeCode;FORTIFIED_WINE_MUSCAT_DE_MIREVAL;Fortified Wine-Muscat de Mireval;Fortified Wine-Muscat de Mireval;Vin fortifié - Muscat de Mireval;;;;;;;;;NEW;CURRENT;1;;;;;;;;;;;;;
urn:gs1:gdd:cl:AlcoholBeverageTypeCode:FORTIFIED_WINE_MUSCAT_DE_RIVESALTES;AlcoholBeverageTypeCode;FORTIFIED_WINE_MUSCAT_DE_RIVESALTES;Fortified Wine-Muscat de Rivesaltes;Fortified Wine-Muscat de Rivesaltes;Vin Fortifié-Muscat de Rivesaltes;;;;;;;;;NEW;CURRENT;1;;;;;;;;;;;;;
urn:gs1:gdd:cl:AlcoholBeverageTypeCode:FORTIFIED_WINE_MUSCAT_DE_ST_JEAN_DE_MINERVOIS;AlcoholBeverageTypeCode;FORTIFIED_WINE_MUSCAT_DE_ST_JEAN_DE_MINERVOIS;Fortified Wine-Muscat de St Jean de Minervois;Fortified Wine-Muscat de St Jean de Minervois;Vin Fortifié-Muscat de St Jean de Minervois;;;;;;;;;NEW;CURRENT;1;;;;;;;;;;;;;
urn:gs1:gdd:cl:AlcoholBeverageTypeCode:FORTIFIED_WINE_OTHER;AlcoholBeverageTypeCode;FORTIFIED_WINE_OTHER;Fortified wine other;Fortified wine other;Vin fortifié autre;;;;;;;;;NEW;CURRENT;1;;;;;;;;;;;;;
urn:gs1:gdd:cl:AlcoholBeverageTypeCode:FORTIFIED_WINE_PORT;AlcoholBeverageTypeCode;FORTIFIED_WINE_PORT;Fortified Wine-Port;Fortified Wine-Port;Vin de Porto fortifié;;;;;;;;;NEW;CURRENT;1;;;;;;;;;;;;;
urn:gs1:gdd:cl:AlcoholBeverageTypeCode:FORTIFIED_WINE_SHERRY;AlcoholBeverageTypeCode;FORTIFIED_WINE_SHERRY;Fortified Wine-Sherry;Fortified Wine-Sherry;Vin fortifié-Sherry;;;;;;;;; such as Amontillado and Oloroso.;CODEVALUE;GDSN;;NEW;CURRENT;1;;;;;;;;;
urn:gs1:gdd:cl:AlcoholBeverageTypeCode:FORTIFIED_WINE_VERMOUTH;AlcoholBeverageTypeCode;FORTIFIED_WINE_VERMOUTH;Fortified Wine-Vermouth;Fortified Wine-Vermouth;Vin fortifié-Vermouth;;;;;;;;; seeds; herbs; and spices) and sometimes coloured.;CODEVALUE;GDSN;;NEW;CURRENT;1;;;;;;;
urn:gs1:gdd:cl:AlcoholBeverageTypeCode:FORTIFIED_WINE_VIN_DOUX_NATURELS_VDN;AlcoholBeverageTypeCode;FORTIFIED_WINE_VIN_DOUX_NATURELS_VDN;Fortified Wine-Vin Doux Naturels (VDN);Fortified Wine-Vin Doux Naturels (VDN);Vin Fortifié-Vin Doux Naturels (VDN);;;;;;;;;;NEW;CURRENT;1;;;;;;;;;;;;
urn:gs1:gdd:cl:AlcoholBeverageTypeCode:LIQUEUR_BEAN_FLAVOURED;AlcoholBeverageTypeCode;LIQUEUR_BEAN_FLAVOURED;Liqueur-Bean Flavoured;Liqueur-Bean Flavoured;Saveur de haricot de liqueur;;;;;;;;;GDSN;;NEW;CURRENT;1;;;;;;;;;;;
urn:gs1:gdd:cl:AlcoholBeverageTypeCode:LIQUEUR_CHOCOLATE_FLAVOURED;AlcoholBeverageTypeCode;LIQUEUR_CHOCOLATE_FLAVOURED;Liqueur-Chocolate Flavoured;Liqueur-Chocolate Flavoured;Saveur liqueur-chocolat;;;;;;;;;GDSN;;NEW;CURRENT;1;;;;;;;;;;;
urn:gs1:gdd:cl:AlcoholBeverageTypeCode:LIQUEUR_COFFEE_FLAVOURED;AlcoholBeverageTypeCode;LIQUEUR_COFFEE_FLAVOURED;Liqueur-Coffee Flavoured;Liqueur-Coffee Flavoured;Arôme liqueur-café;;;;;;;;;GDSN;;NEW;CURRENT;1;;;;;;;;;;;
urn:gs1:gdd:cl:AlcoholBeverageTypeCode:LIQUEUR_COMBINATION;AlcoholBeverageTypeCode;LIQUEUR_COMBINATION;Liqueur-Combination;Liqueur-Combination;Combinaison de liqueurs;;;;;;;;;GDSN;;NEW;CURRENT;1;;;;;;;;;;;
urn:gs1:gdd:cl:AlcoholBeverageTypeCode:LIQUEUR_DAIRY_FLAVOURED;AlcoholBeverageTypeCode;LIQUEUR_DAIRY_FLAVOURED;Liqueur-Dairy Flavoured;Liqueur-Dairy Flavoured;Liqueur-arôme laitier;;;;;;;;;GDSN;;NEW;CURRENT;1;;;;;;;;;;;
urn:gs1:gdd:cl:AlcoholBeverageTypeCode:LIQUEUR_EGG_FLAVOURED;AlcoholBeverageTypeCode;LIQUEUR_EGG_FLAVOURED;Liqueur-Egg Flavoured;Liqueur-Egg Flavoured;Liqueur aromatisée aux œufs;;;;;;;;;GDSN;;NEW;CURRENT;1;;;;;;;;;;;
urn:gs1:gdd:cl:AlcoholBeverageTypeCode:LIQUEUR_FLORAL_FLAVOURED;AlcoholBeverageTypeCode;LIQUEUR_FLORAL_FLAVOURED;Liqueur-Floral Flavoured;Liqueur-Floral Flavoured;Liqueur aromatisée aux fleurs;;;;;;;;;GDSN;;NEW;CURRENT;1;;;;;;;;;;;
urn:gs1:gdd:cl:AlcoholBeverageTypeCode:LIQUEUR_FRUIT_FLAVOURED;AlcoholBeverageTypeCode;LIQUEUR_FRUIT_FLAVOURED;Liqueur-Fruit Flavoured;Liqueur-Fruit Flavoured;Liqueur aromatisée aux fruits;;;;;;;;;GDSN;;NEW;CURRENT;1;;;;;;;;;;;
urn:gs1:gdd:cl:AlcoholBeverageTypeCode:LIQUEUR_HERB_FLAVOURED;AlcoholBeverageTypeCode;LIQUEUR_HERB_FLAVOURED;Liqueur-Herb Flavoured;Liqueur-Herb Flavoured;Liqueur aromatisée aux herbes;;;;;;;;;GDSN;;NEW;CURRENT;1;;;;;;;;;;;
urn:gs1:gdd:cl:AlcoholBeverageTypeCode:LIQUEUR_HERB_SPICE_FLAVOURED;AlcoholBeverageTypeCode;LIQUEUR_HERB_SPICE_FLAVOURED;Liqueur-Herb/Spice Flavoured;Liqueur-Herb/Spice Flavoured;Liqueur aromatisée aux herbes et aux épices;;;;;;;;;GDSN;;NEW;CURRENT;1;;;;;;;;;;;
urn:gs1:gdd:cl:AlcoholBeverageTypeCode:LIQUEUR_HONEY_FLAVOURED;AlcoholBeverageTypeCode;LIQUEUR_HONEY_FLAVOURED;Liqueur-Honey Flavoured;Liqueur-Honey Flavoured;Liqueur aromatisée au miel;;;;;;;;;GDSN;;NEW;CURRENT;1;;;;;;;;;;;
urn:gs1:gdd:cl:AlcoholBeverageTypeCode:LIQUEUR_MINT_FLAVOURED;AlcoholBeverageTypeCode;LIQUEUR_MINT_FLAVOURED;Liqueur-Mint Flavoured;Liqueur-Mint Flavoured;Liqueur aromatisée à la menthe;;;;;;;;;GDSN;;NEW;CURRENT;1;;;;;;;;;;;
urn:gs1:gdd:cl:AlcoholBeverageTypeCode:LIQUEUR_NUT_FLAVOURED;AlcoholBeverageTypeCode;LIQUEUR_NUT_FLAVOURED;Liqueur-Nut Flavoured;Liqueur-Nut Flavoured;Saveur liqueur-noix;;;;;;;;;GDSN;;NEW;CURRENT;1;;;;;;;;;;;
urn:gs1:gdd:cl:AlcoholBeverageTypeCode:LIQUEUR_OTHER;AlcoholBeverageTypeCode;LIQUEUR_OTHER;Liqueur-Other;Liqueur-Other;Liqueur - Autre;;;;;;;;;NEW;CURRENT;1;;;;;;;;;;;;;
urn:gs1:gdd:cl:AlcoholBeverageTypeCode:LIQUEUR_SEED_SPICE_FLAVOURED;AlcoholBeverageTypeCode;LIQUEUR_SEED_SPICE_FLAVOURED;Liqueur-Seed/Spice Flavoured;Liqueur-Seed/Spice Flavoured;Saveur de graines/épices et de liqueur;;;;;;;;;GDSN;;NEW;CURRENT;1;;;;;;;;;;;
urn:gs1:gdd:cl:AlcoholBeverageTypeCode:LIQUEUR_SOUR_FLAVOURED;AlcoholBeverageTypeCode;LIQUEUR_SOUR_FLAVOURED;Liqueur-Sour Flavoured;Liqueur-Sour Flavoured;Liqueur aigre-douce;;;;;;;;;GDSN;;NEW;CURRENT;1;;;;;;;;;;;
urn:gs1:gdd:cl:AlcoholBeverageTypeCode:LIQUEUR_SWEET_FLAVOURED;AlcoholBeverageTypeCode;LIQUEUR_SWEET_FLAVOURED;Liqueur-Sweet Flavoured;Liqueur-Sweet Flavoured;Liqueur sucrée;;;;;;;;;GDSN;;NEW;CURRENT;1;;;;;;;;;;;
urn:gs1:gdd:cl:AlcoholBeverageTypeCode:LIQUEUR_VEGETABLE_FLAVOURED;AlcoholBeverageTypeCode;LIQUEUR_VEGETABLE_FLAVOURED;Liqueur-Vegetable Flavoured;Liqueur-Vegetable Flavoured;Liqueur aromatisée aux légumes;;;;;;;;;GDSN;;NEW;CURRENT;1;;;;;;;;;;;
urn:gs1:gdd:cl:AlcoholBeverageTypeCode:NON_GRAPE_FERMENTED_ALCOHOLIC_BEVERAGE_BERRY_BASED;AlcoholBeverageTypeCode;NON_GRAPE_FERMENTED_ALCOHOLIC_BEVERAGE_BERRY_BASED;Non Grape Fermented Alcoholic Beverage-Berry Based;Non Grape Fermented Alcoholic Beverage-Berry Based;Boisson alcoolisée non fermentée à base de raisin et de baies;;;;;;;;;NEW;CURRENT;1;;;;;;;;;;;;;
urn:gs1:gdd:cl:AlcoholBeverageTypeCode:NON_GRAPE_FERMENTED_ALCOHOLIC_BEVERAGE_FRUIT_BASED_NON_BERRY_GRAPE;AlcoholBeverageTypeCode;NON_GRAPE_FERMENTED_ALCOHOLIC_BEVERAGE_FRUIT_BASED_NON_BERRY_GRAPE;Non Grape Fermented Alcoholic Beverage-Fruit Based (Non-Berry/Grape);Non Grape Fermented Alcoholic Beverage-Fruit Based (Non-Berry/Grape);Boisson alcoolisée fermentée sans raisin;;;;;;;;;;NEW;CURRENT;1;;;;;;;;;;;;
urn:gs1:gdd:cl:AlcoholBeverageTypeCode:NON_GRAPE_FERMENTED_ALCOHOLIC_BEVERAGE_GRAIN_BASED;AlcoholBeverageTypeCode;NON_GRAPE_FERMENTED_ALCOHOLIC_BEVERAGE_GRAIN_BASED;Non Grape Fermented Alcoholic Beverage-Grain Based;Non Grape Fermented Alcoholic Beverage-Grain Based;Boisson alcoolisée non fermentée à base de céréales;;;;;;;;;NEW;CURRENT;1;;;;;;;;;;;;;
urn:gs1:gdd:cl:AlcoholBeverageTypeCode:NON_GRAPE_FERMENTED_ALCOHOLIC_BEVERAGE_HONEY_BASED;AlcoholBeverageTypeCode;NON_GRAPE_FERMENTED_ALCOHOLIC_BEVERAGE_HONEY_BASED;Non Grape Fermented Alcoholic Beverage-Honey Based;Non Grape Fermented Alcoholic Beverage-Honey Based;Boisson alcoolisée non fermentée à base de raisin et de miel;;;;;;;;;NEW;CURRENT;1;;;;;;;;;;;;;
urn:gs1:gdd:cl:AlcoholBeverageTypeCode:NON_GRAPE_FERMENTED_ALCOHOLIC_BEVERAGE_OTHER;AlcoholBeverageTypeCode;NON_GRAPE_FERMENTED_ALCOHOLIC_BEVERAGE_OTHER;Non Grape Fermented Alcoholic Beverage-Other;Non Grape Fermented Alcoholic Beverage-Other;Boisson alcoolisée non fermentée à base de raisin - Autre;;;;;;;;;NEW;CURRENT;1;;;;;;;;;;;;;
urn:gs1:gdd:cl:AlcoholBeverageTypeCode:NON_GRAPE_FERMENTED_ALCOHOLIC_BEVERAGE_VEGETABLE_BASED;AlcoholBeverageTypeCode;NON_GRAPE_FERMENTED_ALCOHOLIC_BEVERAGE_VEGETABLE_BASED;Non Grape Fermented Alcoholic Beverage-Vegetable Based;Non Grape Fermented Alcoholic Beverage-Vegetable Based;Boisson alcoolisée non fermentée à base de raisin et de légumes;;;;;;;;;NEW;CURRENT;1;;;;;;;;;;;;;
urn:gs1:gdd:cl:AlcoholBeverageTypeCode:SPARKLING_WINE_ASTI_SPUMANTE;AlcoholBeverageTypeCode;SPARKLING_WINE_ASTI_SPUMANTE;Sparkling Wine-Asti Spumante;Sparkling Wine-Asti Spumante;Vin mousseux - Asti Spumante;;;;;;;;;GDSN;;NEW;CURRENT;1;;;;;;;;;;;
urn:gs1:gdd:cl:AlcoholBeverageTypeCode:SPARKLING_WINE_BLANQUETTE_DE_LIMOUX;AlcoholBeverageTypeCode;SPARKLING_WINE_BLANQUETTE_DE_LIMOUX;Sparkling Wine-Blanquette de Limoux;Sparkling Wine-Blanquette de Limoux;Vin Pétillant-Blanquette de Limoux;;;;;;;;;CODEVALUE;GDSN;;NEW;CURRENT;1;;;;;;;;;;
urn:gs1:gdd:cl:AlcoholBeverageTypeCode:SPARKLING_WINE_CAVA;AlcoholBeverageTypeCode;SPARKLING_WINE_CAVA;Sparkling Wine-Cava;Sparkling Wine-Cava;Vin mousseux-Cava;;;;;;;;;NEW;CURRENT;1;;;;;;;;;;;;;
urn:gs1:gdd:cl:AlcoholBeverageTypeCode:SPARKLING_WINE_CHAMPAGNE;AlcoholBeverageTypeCode;SPARKLING_WINE_CHAMPAGNE;Sparkling Wine-Champagne;Sparkling Wine-Champagne;Vin mousseux-Champagne;;;;;;;;;NEW;CURRENT;1;;;;;;;;;;;;;
urn:gs1:gdd:cl:AlcoholBeverageTypeCode:SPARKLING_WINE_CLAIRETTE_DE_DIE;AlcoholBeverageTypeCode;SPARKLING_WINE_CLAIRETTE_DE_DIE;Sparkling Wine-Clairette de Die;Sparkling Wine-Clairette de Die;Vin Pétillant-Clairette de Die;;;;;;;;;NEW;CURRENT;1;;;;;;;;;;;;;
urn:gs1:gdd:cl:AlcoholBeverageTypeCode:SPARKLING_WINE_CRÉMANT_DE_BORDEAUX;AlcoholBeverageTypeCode;SPARKLING_WINE_CRÉMANT_DE_BORDEAUX;Sparkling Wine-Crémant de Bordeaux;Sparkling Wine-Crémant de Bordeaux;Vin Pétillant-Crémant de Bordeaux;;;;;;;;;NEW;CURRENT;1;;;;;;;;;;;;;
urn:gs1:gdd:cl:AlcoholBeverageTypeCode:SPARKLING_WINE_CRÉMANT_DE_BOURGOGNE;AlcoholBeverageTypeCode;SPARKLING_WINE_CRÉMANT_DE_BOURGOGNE;Sparkling Wine-Crémant de Bourgogne;Sparkling Wine-Crémant de Bourgogne;Vin Pétillant-Crémant de Bourgogne;;;;;;;;;NEW;CURRENT;1;;;;;;;;;;;;;
urn:gs1:gdd:cl:AlcoholBeverageTypeCode:SPARKLING_WINE_CRÉMANT_DE_DIE;AlcoholBeverageTypeCode;SPARKLING_WINE_CRÉMANT_DE_DIE;Sparkling Wine-Crémant de Die;Sparkling Wine-Crémant de Die;Vin Pétillant-Crémant de Die;;;;;;;;;;NEW;CURRENT;1;;;;;;;;;;;;
urn:gs1:gdd:cl:AlcoholBeverageTypeCode:SPARKLING_WINE_CRÉMANT_DE_JURA;AlcoholBeverageTypeCode;SPARKLING_WINE_CRÉMANT_DE_JURA;Sparkling Wine-Crémant de Jura;Sparkling Wine-Crémant de Jura;Vin Pétillant-Crémant de Jura;;;;;;;;;NEW;CURRENT;1;;;;;;;;;;;;;
urn:gs1:gdd:cl:AlcoholBeverageTypeCode:SPARKLING_WINE_CRÉMANT_DE_LIMOUX;AlcoholBeverageTypeCode;SPARKLING_WINE_CRÉMANT_DE_LIMOUX;Sparkling Wine-Crémant de Limoux;Sparkling Wine-Crémant de Limoux;Vin Pétillant-Crémant de Limoux;;;;;;;;;NEW;CURRENT;1;;;;;;;;;;;;;
urn:gs1:gdd:cl:AlcoholBeverageTypeCode:SPARKLING_WINE_CRÉMANT_DE_LOIRE;AlcoholBeverageTypeCode;SPARKLING_WINE_CRÉMANT_DE_LOIRE;Sparkling Wine-Crémant de Loire;Sparkling Wine-Crémant de Loire;Vin Pétillant-Crémant de Loire;;;;;;;;;NEW;CURRENT;1;;;;;;;;;;;;;
urn:gs1:gdd:cl:AlcoholBeverageTypeCode:SPARKLING_WINE_FRIZZANTE;AlcoholBeverageTypeCode;SPARKLING_WINE_FRIZZANTE;Sparkling Wine-Frizzante;Sparkling Wine-Frizzante;Vin mousseux-Frizzante;;;;;;;;;;NEW;CURRENT;1;;;;;;;;;;;;
urn:gs1:gdd:cl:AlcoholBeverageTypeCode:SPARKLING_WINE_ICE_WINE;AlcoholBeverageTypeCode;SPARKLING_WINE_ICE_WINE;Sparkling Wine-Ice Wine;Sparkling Wine-Ice Wine;Vin mousseux-Vin de glace;;;;;;;;;NEW;CURRENT;1;;;;;;;;;;;;;
urn:gs1:gdd:cl:AlcoholBeverageTypeCode:SPARKLING_WINE_OTHER;AlcoholBeverageTypeCode;SPARKLING_WINE_OTHER;Sparkling Wine-Other;Sparkling Wine-Other;Vin mousseux - Autre;;;;;;;;;;NEW;CURRENT;1;;;;;;;;;;;;
urn:gs1:gdd:cl:AlcoholBeverageTypeCode:SPARKLING_WINE_PROSECCO;AlcoholBeverageTypeCode;SPARKLING_WINE_PROSECCO;Sparkling Wine-Prosecco;Sparkling Wine-Prosecco;Vin mousseux-Prosecco;;;;;;;;; or tranquillo (still wine). It is made from Prosecco grapes (renamed within the EU to Glera grapes);CODEVALUE;GDSN;;NEW;CURRENT;1;;;;;;;;;
urn:gs1:gdd:cl:AlcoholBeverageTypeCode:SPARKLING_WINE_SEKT;AlcoholBeverageTypeCode;SPARKLING_WINE_SEKT;Sparkling Wine-Sekt;Sparkling Wine-Sekt;Vin mousseux-Sekt;;;;;;;;;NEW;CURRENT;1;;;;;;;;;;;;;
urn:gs1:gdd:cl:AlcoholBeverageTypeCode:SPARKLING_WINE_SEMI_SPARKLING_WINE;AlcoholBeverageTypeCode;SPARKLING_WINE_SEMI_SPARKLING_WINE;Sparkling Wine-Semi-Sparkling Wine;Sparkling Wine-Semi-Sparkling Wine;Vin mousseux-Vin pétillant;;;;;;;;;NEW;CURRENT;1;;;;;;;;;;;;;
urn:gs1:gdd:cl:AlcoholBeverageTypeCode:SPIRIT_ABSINTHE;AlcoholBeverageTypeCode;SPIRIT_ABSINTHE;Spirit-Absinthe;Spirit-Absinthe;Esprit-Absinthe;;;;;;;;; sweet fennel; and other medicinal and culinary herbs.;CODEVALUE;GDSN;;NEW;CURRENT;1;;;;;;;;
urn:gs1:gdd:cl:AlcoholBeverageTypeCode:SPIRIT_APPLEJACK_APPLE_BRANDY;AlcoholBeverageTypeCode;SPIRIT_APPLEJACK_APPLE_BRANDY;Spirit-Applejack/Apple Brandy;Spirit-Applejack/Apple Brandy;Spiritueux-Applejack/Eau-de-vie de pomme;;;;;;;;;NEW;CURRENT;1;;;;;;;;;;;;;
urn:gs1:gdd:cl:AlcoholBeverageTypeCode:SPIRIT_ARAK;AlcoholBeverageTypeCode;SPIRIT_ARAK;Spirit-Arak;Spirit-Arak;Esprit-Arak;;;;;;;;;NEW;CURRENT;1;;;;;;;;;;;;;
urn:gs1:gdd:cl:AlcoholBeverageTypeCode:SPIRIT_ARMAGNAC;AlcoholBeverageTypeCode;SPIRIT_ARMAGNAC;Spirit-Armagnac;Spirit-Armagnac;Spiritueux-Armagnac;;;;;;;;; traditionally using column stills rather than the pot stills used in the production of cognac; which is made only from ugni blanc grapes. The resulting spirit is then aged in oak barrels before release. Production is overseen by the Institut national de l'origine et de la qualité (INAO) and the Bureau National Interprofessionel de l'Armagnac (BNIA).;CODEVALUE;GDSN;;NEW;CURRENT;1;;;;;;;;
urn:gs1:gdd:cl:AlcoholBeverageTypeCode:SPIRIT_BAIJIU;AlcoholBeverageTypeCode;SPIRIT_BAIJIU;Spirit-Baijiu;Spirit-Baijiu;Esprit-Baijiu;;;;;;;;;GDSN;;NEW;CURRENT;1;;;;;;;;;;;
urn:gs1:gdd:cl:AlcoholBeverageTypeCode:SPIRIT_BOURBON;AlcoholBeverageTypeCode;SPIRIT_BOURBON;Spirit-Bourbon;Spirit-Bourbon;Spiritueux-Bourbon;;;;;;;;;distilled to no more than 160 (U.S.) proof (80% alcohol by volume);entered into the container for aging at no more than 125 proof (62.5% alcohol by volume);and bottled (like other whiskeys) at 80 proof or more (40% alcohol by volume).;CODEVALUE;GDSN;;NEW;CURRENT;1;;;;;;;
urn:gs1:gdd:cl:AlcoholBeverageTypeCode:SPIRIT_BOURBON_FLAVOURED;AlcoholBeverageTypeCode;SPIRIT_BOURBON_FLAVOURED;Spirit-Bourbon, Flavoured ;Spirit-Bourbon, Flavoured ;Spirit-Bourbon, Flavoured ;;;;;;;;;Flavoured Bourbon is a type of whisky/whiskey; with flavouring elements added; which is produced in the United States;made from a grain mixture that is at least 51% corn;aged in new; charred oak containers;distilled to no more than 160 (U.S.) proof (80% alcohol by volume);entered into the container for aging at no more than 125 proof (62.5% alcohol by volume);and bottled (like other whiskeys) at 80 proof or more (40% alcohol by volume).;CODEVALUE;GDSN;;NEW;CURRENT;1;
urn:gs1:gdd:cl:AlcoholBeverageTypeCode:SPIRIT_BRANDY;AlcoholBeverageTypeCode;SPIRIT_BRANDY;Spirit-Brandy;Spirit-Brandy;Spiritueux-Brandy;;;;;;;;;NEW;CURRENT;1;;;;;;;;;;;;;
urn:gs1:gdd:cl:AlcoholBeverageTypeCode:SPIRIT_BRANDY_FLAVOURED;AlcoholBeverageTypeCode;SPIRIT_BRANDY_FLAVOURED;Spirit-Brandy, Flavoured ;Spirit-Brandy, Flavoured ;Spirit-Brandy, Flavoured ;;;;;;;;;Flavoured brandy is a spirit; with added flavouring elements; produced by distilling wine. Brandy generally contains 35–60% alcohol by volume (70–120 US proof) and is typically drunk as an after-dinner digestif.;CODEVALUE;GDSN;;NEW;CURRENT;1;;;;;;;
urn:gs1:gdd:cl:AlcoholBeverageTypeCode:SPIRIT_CACHACA;AlcoholBeverageTypeCode;SPIRIT_CACHACA;Spirit-Cachaca;Spirit-Cachaca;Spirit-Cachaca;;;;;;;;;GDSN;;NEW;CURRENT;1;;;;;;;;;;;
urn:gs1:gdd:cl:AlcoholBeverageTypeCode:SPIRIT_CALVADOS;AlcoholBeverageTypeCode;SPIRIT_CALVADOS;Spirit-Calvados;Spirit-Calvados;Spiritueux-Calvados;;;;;;;;;NEW;CURRENT;1;;;;;;;;;;;;;
urn:gs1:gdd:cl:AlcoholBeverageTypeCode:SPIRIT_CANADIAN_WHISKY_WHISKEY;AlcoholBeverageTypeCode;SPIRIT_CANADIAN_WHISKY_WHISKEY;Spirit-Canadian Whisky/Whiskey;Spirit-Canadian Whisky/Whiskey;Spiritueux - Whisky canadien;;;;;;;;;;NEW;CURRENT;1;;;;;;;;;;;;
urn:gs1:gdd:cl:AlcoholBeverageTypeCode:SPIRIT_CANE_SPIRIT;AlcoholBeverageTypeCode;SPIRIT_CANE_SPIRIT;Spirit-Cane Spirit;Spirit-Cane Spirit;Esprit-Esprit de canne;;;;;;;;;CODEVALUE;GDSN;;NEW;CURRENT;1;;;;;;;;;;
urn:gs1:gdd:cl:AlcoholBeverageTypeCode:SPIRIT_CIDER;AlcoholBeverageTypeCode;SPIRIT_CIDER;Spirit-Cider;Spirit-Cider;Spiritueux-Cidre;;;;;;;;;NEW;CURRENT;1;;;;;;;;;;;;;
urn:gs1:gdd:cl:AlcoholBeverageTypeCode:SPIRIT_COGNAC;AlcoholBeverageTypeCode;SPIRIT_COGNAC;Spirit-Cognac;Spirit-Cognac;Spiritueux-Cognac;;;;;;;;;;NEW;CURRENT;1;;;;;;;;;;;;
urn:gs1:gdd:cl:AlcoholBeverageTypeCode:SPIRIT_FRUIT_SPIRIT;AlcoholBeverageTypeCode;SPIRIT_FRUIT_SPIRIT;Spirit-Fruit Spirit;Spirit-Fruit Spirit;Esprit-Fruit Esprit;;;;;;;;; which are referred to as plain brandy (when made from distillation from wine) or pomace brandy (when made directly from grape pomace). Apples; pears; apricots; plums and cherries are the most commonly used fruits.;CODEVALUE;GDSN;;NEW;CURRENT;1;;;;;;
urn:gs1:gdd:cl:AlcoholBeverageTypeCode:SPIRIT_GENEVER;AlcoholBeverageTypeCode;SPIRIT_GENEVER;Spirit-Genever;Spirit-Genever;Spiritueux-Genièvre;;;;;;;;; is the juniper-flavoured traditional liquor in the Netherlands; Belgium and adjoining areas in northern France and northwestern Germany.;CODEVALUE;GDSN;;NEW;CURRENT;1;;;;;;;;
urn:gs1:gdd:cl:AlcoholBeverageTypeCode:SPIRIT_GIN;AlcoholBeverageTypeCode;SPIRIT_GIN;Spirit-Gin;Spirit-Gin;Spiritueux-Gin;;;;;;;;; that revolve around juniper as a common ingredient.;CODEVALUE;GDSN;;NEW;CURRENT;1;;;;;;;;;
urn:gs1:gdd:cl:AlcoholBeverageTypeCode:SPIRIT_GRAPPA;AlcoholBeverageTypeCode;SPIRIT_GRAPPA;Spirit-Grappa;Spirit-Grappa;Spiritueux-Grappa;;;;;;;;;;NEW;CURRENT;1;;;;;;;;;;;;
urn:gs1:gdd:cl:AlcoholBeverageTypeCode:SPIRIT_HUANGIJU;AlcoholBeverageTypeCode;SPIRIT_HUANGIJU;Spirit-Huangiju;Spirit-Huangiju;Esprit-Huangiju;;;;;;;;; or wheat; and a qū starter culture. Unlike baijiu; it is not distilled and contains less than 20% alcohol.;CODEVALUE;GDSN;;NEW;CURRENT;1;;;;;;;
urn:gs1:gdd:cl:AlcoholBeverageTypeCode:SPIRIT_IRISH_WHISKY_WHISKEY;AlcoholBeverageTypeCode;SPIRIT_IRISH_WHISKY_WHISKEY;Spirit-Irish Whisky/Whiskey;Spirit-Irish Whisky/Whiskey;Spiritueux - Whisky irlandais;;;;;;;;;subject to the maturation of the final distillate for at least three years in wooden casks; such as oak; not exceeding 700 litres (185 US gal;154 imp gal) capacity;The distillate; to which only water and plain caramel colouring may be added (E150a); retains its colour; aroma and taste derived from the production process referred to above. Irish whiskey is to have a minimum alcoholic by volume content of 40%.;CODEVALUE;GDSN;;NEW;CURRENT;1;;
urn:gs1:gdd:cl:AlcoholBeverageTypeCode:SPIRIT_JAPANESE_WHISKY_WHISKEY;AlcoholBeverageTypeCode;SPIRIT_JAPANESE_WHISKY_WHISKEY;Spirit-Japanese Whisky/Whiskey;Spirit-Japanese Whisky/Whiskey;Spiritueux - Whisky japonais/Whiskey;;;;;;;;;NEW;CURRENT;1;;;;;;;;;;;;;
urn:gs1:gdd:cl:AlcoholBeverageTypeCode:SPIRIT_KORN_KORNBRAND;AlcoholBeverageTypeCode;SPIRIT_KORN_KORNBRAND;Spirit-Korn/Kornbrand;Spirit-Korn/Kornbrand;Spirit-Korn/Kornbrand;;;;;;;;; oat and buckwheat are permissible. Most of the production is based on rye or wheat;barley and buckwheat are rarely used. Barley is mainly used to obtain the required malt for the brewing process. The addition of food colour; flavourings; or sweeteners is not permitted. Korn differs from vodka in that it is distilled to lower alcoholic proofs and less rigorously filtered; which leaves more of the cereal grain flavour in the finished spirit.;CODEVALUE;GDSN;;NEW;CURRENT;1;;;;;
urn:gs1:gdd:cl:AlcoholBeverageTypeCode:SPIRIT_MEZCAL_MESCAL;AlcoholBeverageTypeCode;SPIRIT_MEZCAL_MESCAL;Spirit-Mezcal/Mescal;Spirit-Mezcal/Mescal;Spiritueux-Mezcal/Mescal;;;;;;;;;NEW;CURRENT;1;;;;;;;;;;;;;
urn:gs1:gdd:cl:AlcoholBeverageTypeCode:SPIRIT_MOONSHINE;AlcoholBeverageTypeCode;SPIRIT_MOONSHINE;Spirit-Moonshine;Spirit-Moonshine;Spiritueux Moonshine;;;;;;;;;NEW;CURRENT;1;;;;;;;;;;;;;
urn:gs1:gdd:cl:AlcoholBeverageTypeCode:SPIRIT_ORUJO;AlcoholBeverageTypeCode;SPIRIT_ORUJO;Spirit-Orujo;Spirit-Orujo;Spirit-Orujo;;;;;;;;;;NEW;CURRENT;1;;;;;;;;;;;;
urn:gs1:gdd:cl:AlcoholBeverageTypeCode:SPIRIT_OTHER;AlcoholBeverageTypeCode;SPIRIT_OTHER;Spirit-Other;Spirit-Other;Esprit-Autre;;;;;;;;;NEW;CURRENT;1;;;;;;;;;;;;;
urn:gs1:gdd:cl:AlcoholBeverageTypeCode:SPIRIT_OUZO;AlcoholBeverageTypeCode;SPIRIT_OUZO;Spirit-Ouzo;Spirit-Ouzo;Spiritueux-Ouzo;;;;;;;;;GDSN;;NEW;CURRENT;1;;;;;;;;;;;
urn:gs1:gdd:cl:AlcoholBeverageTypeCode:SPIRIT_PASTIS_ANISE;AlcoholBeverageTypeCode;SPIRIT_PASTIS_ANISE;Spirit-Pastis/Anise;Spirit-Pastis/Anise;Spiritueux-Pastis/Anis;;;;;;;;;;NEW;CURRENT;1;;;;;;;;;;;;
urn:gs1:gdd:cl:AlcoholBeverageTypeCode:SPIRIT_PISCO;AlcoholBeverageTypeCode;SPIRIT_PISCO;Spirit-Pisco;Spirit-Pisco;Spiritueux-Pisco;;;;;;;;;NEW;CURRENT;1;;;;;;;;;;;;;
urn:gs1:gdd:cl:AlcoholBeverageTypeCode:SPIRIT_RAKI;AlcoholBeverageTypeCode;SPIRIT_RAKI;Spirit-Raki;Spirit-Raki;Esprit-Raki;;;;;;;;; ouzo; sambuca; arak and aguardiente;CODEVALUE;GDSN;;NEW;CURRENT;1;;;;;;;
urn:gs1:gdd:cl:AlcoholBeverageTypeCode:SPIRIT_RAKIA_RAKIJA;AlcoholBeverageTypeCode;SPIRIT_RAKIA_RAKIJA;Spirit-Rakia/Rakija;Spirit-Rakia/Rakija;Esprit-Rakia/Rakija;;;;;;;;;NEW;CURRENT;1;;;;;;;;;;;;;
urn:gs1:gdd:cl:AlcoholBeverageTypeCode:SPIRIT_RUM;AlcoholBeverageTypeCode;SPIRIT_RUM;Spirit-Rum;Spirit-Rum;Spiritueux-Rhum;;;;;;;;;GDSN;;NEW;CURRENT;1;;;;;;;;;;;
urn:gs1:gdd:cl:AlcoholBeverageTypeCode:SPIRIT_RUM._FLAVOURED;AlcoholBeverageTypeCode;SPIRIT_RUM._FLAVOURED;Spirit-Rum. Flavoured;Spirit-Rum. Flavoured;Spiritueux-Rhum. Aromatisé;;;;;;;;;GDSN;;NEW;CURRENT;1;;;;;;;;;;;
urn:gs1:gdd:cl:AlcoholBeverageTypeCode:SPIRIT_RUM_AGRICOLE_RHUM_AGRICOLE;AlcoholBeverageTypeCode;SPIRIT_RUM_AGRICOLE_RHUM_AGRICOLE;Spirit-Rum Agricole/Rhum Agricole;Spirit-Rum Agricole/Rhum Agricole;Spiritueux-Rhum Agricole/Rhum Agricole;;;;;;;;;;NEW;CURRENT;1;;;;;;;;;;;;
urn:gs1:gdd:cl:AlcoholBeverageTypeCode:SPIRIT_RYE_WHISKY_WHISKEY;AlcoholBeverageTypeCode;SPIRIT_RYE_WHISKY_WHISKEY;Spirit-Rye Whisky/Whiskey;Spirit-Rye Whisky/Whiskey;Spiritueux-Whisky de seigle/Whisky;;;;;;;;;distilled to no more than 160 (U.S.) proof (80% alcohol by volume);entered into the container for aging at no more than 125 proof (62.5% alcohol by volume);and bottled (like other whisky/whiskeys) at 80 proof or more (40% alcohol by volume).;CODEVALUE;GDSN;;NEW;CURRENT;1;;;;;;;
urn:gs1:gdd:cl:AlcoholBeverageTypeCode:SPIRIT_SAKE;AlcoholBeverageTypeCode;SPIRIT_SAKE;Spirit-Sake;Spirit-Sake;Spiritueux-Saké;;;;;;;;; in which alcohol is produced by fermenting sugar that is naturally present in fruit (typically grapes); sake is produced by a brewing process more akin to that of beer; where starch is converted into sugars; which ferment into alcohol.;CODEVALUE;GDSN;;NEW;CURRENT;1;;;;;;
urn:gs1:gdd:cl:AlcoholBeverageTypeCode:SPIRIT_SAMBUCA;AlcoholBeverageTypeCode;SPIRIT_SAMBUCA;Spirit-Sambuca;Spirit-Sambuca;Esprit-Sambuca;;;;;;;;;CODEVALUE;GDSN;;NEW;CURRENT;1;;;;;;;;;;
urn:gs1:gdd:cl:AlcoholBeverageTypeCode:SPIRIT_SCHNAPPS_AQUAVIT;AlcoholBeverageTypeCode;SPIRIT_SCHNAPPS_AQUAVIT;Spirit-Schnapps/Aquavit;Spirit-Schnapps/Aquavit;Spiritueux-Schnapps/Aquavit;;;;;;;;; and flavoured liqueurs made by adding fruit syrups; spices; or artificial flavourings to neutral grain spirits.;CODEVALUE;GDSN;;NEW;CURRENT;1;;;;;;;
urn:gs1:gdd:cl:AlcoholBeverageTypeCode:SPIRIT_SCOTCH_WHISKY_WHISKEY;AlcoholBeverageTypeCode;SPIRIT_SCOTCH_WHISKY_WHISKEY;Spirit-Scotch Whisky/Whiskey;Spirit-Scotch Whisky/Whiskey;Spiritueux - Whisky écossais/Whiskey;;;;;;;;;Wholly matured in an excise warehouse in Scotland in oak casks of a capacity not exceeding 700 litres (185 US gal;154 imp gal) for at least three years;Retaining the colour; aroma; and taste of the raw materials used in; and the method of; its production and maturation;Containing no added substances; other than water and plain (E150A) caramel colouring;Comprising a minimum alcoholic strength by volume of 40% (80 US proof).;CODEVALUE;GDSN;;NEW;CURRENT;1
urn:gs1:gdd:cl:AlcoholBeverageTypeCode:SPIRIT_SHOCHU;AlcoholBeverageTypeCode;SPIRIT_SHOCHU;Spirit-Shochu;Spirit-Shochu;Spirit-Shochu;;;;;;;;; or brown sugar (kokutō); though it is sometimes produced from other ingredients such as chestnut; sesame seeds; potatoes or even carrots.;CODEVALUE;GDSN;;NEW;CURRENT;1;;;;;;
urn:gs1:gdd:cl:AlcoholBeverageTypeCode:SPIRIT_SOJU;AlcoholBeverageTypeCode;SPIRIT_SOJU;Spirit-Soju;Spirit-Soju;Spiritueux-Soju;;;;;;;;; or barley; modern producers often replace rice with other starches such as potatoes; sweet potatoes; or tapioca.;CODEVALUE;GDSN;;NEW;CURRENT;1;;;;;;
urn:gs1:gdd:cl:AlcoholBeverageTypeCode:SPIRIT_SPIKED_SELTZERS;AlcoholBeverageTypeCode;SPIRIT_SPIKED_SELTZERS;Spirit-Spiked Seltzers;Spirit-Spiked Seltzers;Seltzers alcoolisés;;;;;;;;;sometimes malted barley is used. The alcohol by volume is around 5% and the calorie-content is relatively low;CODEVALUE;GDSN;;NEW;CURRENT;1;;;;;;;;;
urn:gs1:gdd:cl:AlcoholBeverageTypeCode:SPIRIT_TENNESSEE_WHISKY_WHISKEY;AlcoholBeverageTypeCode;SPIRIT_TENNESSEE_WHISKY_WHISKEY;Spirit-Tennessee Whisky/Whiskey;Spirit-Tennessee Whisky/Whiskey;Spiritueux - Tennessee Whisky/Whiskey;;;;;;;;; Tennessee whisky/whiskey and bourbon have almost identical requirements; and most Tennessee whisky/whiskeys meet the criteria for bourbon.;CODEVALUE;GDSN;;NEW;CURRENT;1;;;;;;;;
urn:gs1:gdd:cl:AlcoholBeverageTypeCode:SPIRIT_TEQUILA;AlcoholBeverageTypeCode;SPIRIT_TEQUILA;Spirit-Tequila;Spirit-Tequila;Spiritueux-Tequila;;;;;;;;;NEW;CURRENT;1;;;;;;;;;;;;;
urn:gs1:gdd:cl:AlcoholBeverageTypeCode:SPIRIT_VODKA;AlcoholBeverageTypeCode;SPIRIT_VODKA;Spirit-Vodka;Spirit-Vodka;Spiritueux-Vodka;;;;;;;;;GDSN;;NEW;CURRENT;1;;;;;;;;;;;
urn:gs1:gdd:cl:AlcoholBeverageTypeCode:SPIRIT_VODKA_FLAVOURED;AlcoholBeverageTypeCode;SPIRIT_VODKA_FLAVOURED;Spirit-Vodka, Flavoured ;Spirit-Vodka, Flavoured ;Spirit-Vodka, Flavoured ;;;;;;;;;Flavoured vodka is a clear distilled alcoholic beverage with flavouring elements added. It is composed primarily of water and ethanol; but sometimes with traces of impurities and flavourings. Traditionally it is made by distilling the liquid from cereal grains or potatoes that have been fermented; though some modern brands use fruits or sugar as the base.;CODEVALUE;GDSN;;NEW;CURRENT;1;;;;;;;
urn:gs1:gdd:cl:AlcoholBeverageTypeCode:SPIRIT_WHISKY_WHISKEY;AlcoholBeverageTypeCode;SPIRIT_WHISKY_WHISKEY;Spirit-Whisky/Whiskey;Spirit-Whisky/Whiskey;Spiritueux-Whisky/Whisky;;;;;;;;; and wheat. Whisky is typically aged in wooden casks; generally made of charred white oak. While Bourbon; Scotch; Rye; Irish; Canadian; Japanese; Tennessee; etc. are all Whiskeys; they have very specific distillation processes. Any whiskey that does not meet any of those specific processes are common Whiskeys.;CODEVALUE;GDSN;;NEW;CURRENT;1
urn:gs1:gdd:cl:AlcoholBeverageTypeCode:SPIRIT_WHISKY_WHISKEY_FLAVOURED;AlcoholBeverageTypeCode;SPIRIT_WHISKY_WHISKEY_FLAVOURED;Spirit-Whisky/Whiskey, Flavoured;Spirit-Whisky/Whiskey, Flavoured;Spirit-Whisky/Whiskey, Flavoured;;;;;;;;;Flavoured whisky or whiskey is a type of distilled alcoholic beverage; with flavouring elements added; made from fermented grain mash. Various grains (which may be malted) are used for different varieties; including barley; corn; rye; and wheat. Whisky is typically aged in wooden casks; generally made of charred white oak.;CODEVALUE;GDSN;;NEW;CURRENT;1;;
urn:gs1:gdd:cl:AlcoholBeverageTypeCode:SPIRIT_WINE_SPIRIT;AlcoholBeverageTypeCode;SPIRIT_WINE_SPIRIT;Spirit-Wine Spirit;Spirit-Wine Spirit;Spiritueux-Vin Spiritueux;;;;;;;;;CODEVALUE;GDSN;;NEW;CURRENT;1;;;;;;;;;;
urn:gs1:gdd:cl:AlcoholBeverageTypeCode:STILL_WINE_DENOMINACION_DE_ORIGEN_;AlcoholBeverageTypeCode;STILL_WINE_DENOMINACION_DE_ORIGEN_;Still Wine-Denominacion de Origen;Still Wine-Denominacion de Origen;Vin tranquille-Appellation d'origine;;;;;;;;; maximum yields; limits of alcoholic strength and other quality standards or production limitations pertaining to the zone.;CODEVALUE;GDSN;;NEW;CURRENT;1;;;;;;;;
urn:gs1:gdd:cl:AlcoholBeverageTypeCode:STILL_WINE_DENOMINACION_DE_ORIGEN_CALIFICADA;AlcoholBeverageTypeCode;STILL_WINE_DENOMINACION_DE_ORIGEN_CALIFICADA;Still Wine-Denominacion de Origen Calificada;Still Wine-Denominacion de Origen Calificada;Vin tranquille-Denominación de Origen Calificada;;;;;;;;; for denominació d'origen qualificada in the Catalan language. These are the only two regions considered above DO status.;CODEVALUE;GDSN;;NEW;CURRENT;1;;;;;;;;;
urn:gs1:gdd:cl:AlcoholBeverageTypeCode:STILL_WINE_DENOMINAZIONE_DI_ORIGINE_CONTROLLATA;AlcoholBeverageTypeCode;STILL_WINE_DENOMINAZIONE_DI_ORIGINE_CONTROLLATA;Still Wine-Denominazione di Origine Controllata;Still Wine-Denominazione di Origine Controllata;Vin tranquille-Appellation d'Origine Contrôlée;;;;;;;;;;NEW;CURRENT;1;;;;;;;;;;;;
urn:gs1:gdd:cl:AlcoholBeverageTypeCode:STILL_WINE_DENOMINAZIONE_DI_ORIGINE_CONTROLLATA_E_GUARANTITA;AlcoholBeverageTypeCode;STILL_WINE_DENOMINAZIONE_DI_ORIGINE_CONTROLLATA_E_GUARANTITA;Still Wine-Denominazione di Origine Controllata e Guarantita;Still Wine-Denominazione di Origine Controllata e Guarantita;Vin tranquille-Denominazione di Origine Controllata e Guarantita;;;;;;;;;CODEVALUE;GDSN;;NEW;CURRENT;1;;;;;;;;;;
urn:gs1:gdd:cl:AlcoholBeverageTypeCode:STILL_WINE_DENOMINAZIONE_DI_ORIGINE_PROETTA_DOP;AlcoholBeverageTypeCode;STILL_WINE_DENOMINAZIONE_DI_ORIGINE_PROETTA_DOP;Still Wine-Denominazione di Origine Proetta (DOP);Still Wine-Denominazione di Origine Proetta (DOP);Vin tranquille-Appellation d'Origine Proetta (DOP);;;;;;;;;NEW;CURRENT;1;;;;;;;;;;;;;
urn:gs1:gdd:cl:AlcoholBeverageTypeCode:STILL_WINE_ICE_WINE;AlcoholBeverageTypeCode;STILL_WINE_ICE_WINE;Still Wine-Ice Wine;Still Wine-Ice Wine;Vin tranquille - Vin de glace;;;;;;;;;NEW;CURRENT;1;;;;;;;;;;;;;
urn:gs1:gdd:cl:AlcoholBeverageTypeCode:STILL_WINE_INDICATION_GEOGRAPHIQUE_PROTEGEE;AlcoholBeverageTypeCode;STILL_WINE_INDICATION_GEOGRAPHIQUE_PROTEGEE;Still Wine-Indication Geographique Protegee;Still Wine-Indication Geographique Protegee;Vin tranquille-Indication Géographique Protégée;;;;;;;;;NEW;CURRENT;1;;;;;;;;;;;;;
urn:gs1:gdd:cl:AlcoholBeverageTypeCode:STILL_WINE_INDICAZIONE_GEOGRAPHIE_TIPICA;AlcoholBeverageTypeCode;STILL_WINE_INDICAZIONE_GEOGRAPHIE_TIPICA;Still Wine-Indicazione Geographie Tipica;Still Wine-Indicazione Geographie Tipica;Vin tranquille-Indicazione Géographie Tipica;;;;;;;;;CODEVALUE;GDSN;;NEW;CURRENT;1;;;;;;;;;;
urn:gs1:gdd:cl:AlcoholBeverageTypeCode:STILL_WINE_LANDWEIN;AlcoholBeverageTypeCode;STILL_WINE_LANDWEIN;Still Wine - Landwein;Still Wine - Landwein;Vin tranquille - Landwein;;;;;;;;;NEW;CURRENT;1;;;;;;;;;;;;;
urn:gs1:gdd:cl:AlcoholBeverageTypeCode:STILL_WINE_QBA;AlcoholBeverageTypeCode;STILL_WINE_QBA;Still Wine-QBA;Still Wine-QBA;Vin tranquille-QBA;;;;;;;;;GDSN;;NEW;CURRENT;1;;;;;;;;;;;
urn:gs1:gdd:cl:AlcoholBeverageTypeCode:STILL_WINE_QMP;AlcoholBeverageTypeCode;STILL_WINE_QMP;Still Wine-QMP;Still Wine-QMP;Vin tranquille-QMP;;;;;;;;;GDSN;;NEW;CURRENT;1;;;;;;;;;;;
urn:gs1:gdd:cl:AlcoholBeverageTypeCode:STILL_WINE_TAFELWEIN;AlcoholBeverageTypeCode;STILL_WINE_TAFELWEIN;Still Wine - Tafelwein;Still Wine - Tafelwein;Vin tranquille - Tafelwein;;;;;;;;;NEW;CURRENT;1;;;;;;;;;;;;;
urn:gs1:gdd:cl:AlcoholBeverageTypeCode:STILL_WINE_VERBAND_DEUTSCHER_PRAEDIKATSWEINGUETER_VDP;AlcoholBeverageTypeCode;STILL_WINE_VERBAND_DEUTSCHER_PRAEDIKATSWEINGUETER_VDP;Still Wine-Verband Deutscher Praedikatsweingueter (VDP);Still Wine-Verband Deutscher Praedikatsweingueter (VDP);Vin tranquille-Verband Deutscher Praedikatsweingueter (VDP);;;;;;;;;CODEVALUE;GDSN;;NEW;CURRENT;1;;;;;;;;;;
urn:gs1:gdd:cl:AlcoholBeverageTypeCode:STILL_WINE_VIN_DE_PAYS;AlcoholBeverageTypeCode;STILL_WINE_VIN_DE_PAYS;Still Wine-Vin de Pays;Still Wine-Vin de Pays;Vin tranquille - Vin de Pays;;;;;;;;;GDSN;;NEW;CURRENT;1;;;;;;;;;;;
urn:gs1:gdd:cl:AlcoholBeverageTypeCode:STILL_WINE_VIN_DE_TABLE;AlcoholBeverageTypeCode;STILL_WINE_VIN_DE_TABLE;Still Wine - Vin de Table;Still Wine - Vin de Table;Vin tranquille - Vin de table;;;;;;;;;NEW;CURRENT;1;;;;;;;;;;;;;
urn:gs1:gdd:cl:AlcoholBeverageTypeCode:STILL_WINE_VINHO_DE_MESA;AlcoholBeverageTypeCode;STILL_WINE_VINHO_DE_MESA;Still Wine - Vinho de Mesa;Still Wine - Vinho de Mesa;Vin tranquille - Vinho de Mesa;;;;;;;;;NEW;CURRENT;1;;;;;;;;;;;;;
urn:gs1:gdd:cl:AlcoholBeverageTypeCode:STILL_WINE_VINHO_DE_QUALIDADE;AlcoholBeverageTypeCode;STILL_WINE_VINHO_DE_QUALIDADE;Still Wine-Vinho de Qualidade;Still Wine-Vinho de Qualidade;Vin tranquille - Vinho de Qualidade;;;;;;;;;CODEVALUE;GDSN;;NEW;CURRENT;1;;;;;;;;;;
urn:gs1:gdd:cl:AlcoholBeverageTypeCode:STILL_WINE_VINHO_REGIONAL;AlcoholBeverageTypeCode;STILL_WINE_VINHO_REGIONAL;Still Wine-Vinho Regional;Still Wine-Vinho Regional;Vin tranquille - Vinho régional;;;;;;;;;NEW;CURRENT;1;;;;;;;;;;;;;
urn:gs1:gdd:cl:AlcoholBeverageTypeCode:STILL_WINE_VINO_DA_TAVOLA;AlcoholBeverageTypeCode;STILL_WINE_VINO_DA_TAVOLA;Still Wine - Vino da Tavola;Still Wine - Vino da Tavola;Vin tranquille - Vino da Tavola;;;;;;;;;NEW;CURRENT;1;;;;;;;;;;;;;
urn:gs1:gdd:cl:AlcoholBeverageTypeCode:STILL_WINE_VINO_DE_LA_TIERRA;AlcoholBeverageTypeCode;STILL_WINE_VINO_DE_LA_TIERRA;Still Wine-Vino de la Tierra;Still Wine-Vino de la Tierra;Vin tranquille - Vino de la Tierra;;;;;;;;;NEW;CURRENT;1;;;;;;;;;;;;;
urn:gs1:gdd:cl:AlcoholBeverageTypeCode:STILL_WINE_VINO_DE_MESA;AlcoholBeverageTypeCode;STILL_WINE_VINO_DE_MESA;Still Wine-Vino de Mesa;Still Wine-Vino de Mesa;Vin tranquille - Vino de Mesa;;;;;;;;;NEW;CURRENT;1;;;;;;;;;;;;;
urn:gs1:gdd:cl:AlcoholBeverageTypeCode:STILL_WINE_VINTNER_QUALITY_ALLIANCE;AlcoholBeverageTypeCode;STILL_WINE_VINTNER_QUALITY_ALLIANCE;Still Wine-Vintner Quality Alliance;Still Wine-Vintner Quality Alliance;Alliance pour la qualité des vins tranquilles et des vignerons;;;;;;;;; Italy (DOC); and Germany (QmP).;CODEVALUE;GDSN;;NEW;CURRENT;1;;;;;;;;
urn:gs1:gdd:cl:AlcoholBeverageTypeCode:WINE_OTHER;AlcoholBeverageTypeCode;WINE_OTHER;Wine-Other;Wine-Other;Vin-Autre;;;;;;;;;NEW;CURRENT;1;;;;;;;;;;;;;
urn:gs1:gdd:cl:AlcoholicBeverageColourCode;AlcoholicBeverageColourCode;;;;;;;;;;;;;NEW;CURRENT;1;;;;;;;;;;;;;
urn:gs1:gdd:cl:AlcoholicBeverageColourCode:AMBER;AlcoholicBeverageColourCode;AMBER;Amber;Amber;Ambre;Bernstein;Amber;Ámbar;Amber;Ambrato;Âmbar;Bärnsten;Keltainen;;NEW;CURRENT;1;;;;;;;;;;;;
urn:gs1:gdd:cl:AlcoholicBeverageColourCode:BLACK;AlcoholicBeverageColourCode;BLACK;Black;Black;Noir;Schwarz;Zwart;Negro;Black;Nero;Preto;Svart;Musta;;NEW;CURRENT;1;;;;;;;;;;;;
urn:gs1:gdd:cl:AlcoholicBeverageColourCode:BLUE;AlcoholicBeverageColourCode;BLUE;Blue;Blue;Bleu;Blau;Blauw;Azul;Blue;Blu;Azul;Blå;Sininen;;NEW;CURRENT;1;;;;;;;;;;;;
urn:gs1:gdd:cl:AlcoholicBeverageColourCode:BROWN;AlcoholicBeverageColourCode;BROWN;Brown;Brown;Brun;Braun;Bruin;Marrón;Brown;Marrone;Castanho;Brun;Ruskea;;NEW;CURRENT;1;;;;;;;;;;;;
urn:gs1:gdd:cl:AlcoholicBeverageColourCode:CHARTREUSE;AlcoholicBeverageColourCode;CHARTREUSE;Chartreuse;Chartreuse;Chartreuse;Chartreuse;Chartreuse;Chartreuse;Chartreuse;Chartreuse;Chartreuse;Chartreuse;Chartreuse;;NEW;CURRENT;1;;;;;;;;;;;;
urn:gs1:gdd:cl:AlcoholicBeverageColourCode:CLEAR;AlcoholicBeverageColourCode;CLEAR;Clear;Clear;Clair;Klar;Helder;Claro;Clear;Chiaro;Claro;Klar;Kirkas;;NEW;CURRENT;1;;;;;;;;;;;;
urn:gs1:gdd:cl:AlcoholicBeverageColourCode:COPPER;AlcoholicBeverageColourCode;COPPER;Copper;Copper;Cuivre;Kupfer;Koper;Cobre;Copper;Rame;Cobre;Koppar;Kupari;;NEW;CURRENT;1;;;;;;;;;;;;
urn:gs1:gdd:cl:AlcoholicBeverageColourCode:DARK_BROWN;AlcoholicBeverageColourCode;DARK_BROWN;Dark brown;Dark brown;Brun foncé;Dunkelbraun;Donkerbruin;Marrón oscuro;Dark brown;Marrone scuro;Castanho escuro;Mörkbrun;Tummanruskea;;NEW;CURRENT;1;;;;;;;;;;;;
urn:gs1:gdd:cl:AlcoholicBeverageColourCode:GREEN;AlcoholicBeverageColourCode;GREEN;Green;Green;Vert;Grün;Groen;Verde;Green;Verde;Verde;Grön;Vihreä;;NEW;CURRENT;1;;;;;;;;;;;;
urn:gs1:gdd:cl:AlcoholicBeverageColourCode:ORANGE;AlcoholicBeverageColourCode;ORANGE;Orange;Orange;Orange;Orange;Oranje;Naranja;Orange;Arancione;Laranja;Orange;Oranssi;;NEW;CURRENT;1;;;;;;;;;;;;
urn:gs1:gdd:cl:AlcoholicBeverageColourCode:OTHER;AlcoholicBeverageColourCode;OTHER;Other;Other;Autre;Andere;Overig;Otro;Other;Altro;Outro;Annat;Muu;NEW;CURRENT;1;;;;;;;;;;;;;
urn:gs1:gdd:cl:AlcoholicBeverageColourCode:PALE_OR_LIGHT_BLOND;AlcoholicBeverageColourCode;PALE_OR_LIGHT_BLOND;Pale or light blond;Pale or light blond;Blond pâle ou clair;Hellblond;Lichtblond;Rubio pálido o claro;Pale or light blond;Biondo chiaro o pallido;Loiro claro ou pálido;Ljusblond;Vaalea;;NEW;CURRENT;1;;;;;;;;;;;;
urn:gs1:gdd:cl:AlcoholicBeverageColourCode:PINK;AlcoholicBeverageColourCode;PINK;Pink;Pink;Rose;Rosa;Roze;Rosa;Pink;Rosa;Rosa;Rosa;Vaaleanpunainen;;NEW;CURRENT;1;;;;;;;;;;;;
urn:gs1:gdd:cl:AlcoholicBeverageColourCode:PURPLE;AlcoholicBeverageColourCode;PURPLE;Purple;Purple;Violet;Lila;Paars;Morado;Purple;Viola;Roxo;Lila;Purppura;;NEW;CURRENT;1;;;;;;;;;;;;
urn:gs1:gdd:cl:AlcoholicBeverageColourCode:RED;AlcoholicBeverageColourCode;RED;Red;Red;Rouge;Rot;Rood;Rojo;Red;Rosso;Vermelho;Röd;Punainen;;NEW;CURRENT;1;;;;;;;;;;;;
urn:gs1:gdd:cl:AlcoholicBeverageColourCode:ROSE;AlcoholicBeverageColourCode;ROSE;Rosé;Rosé;Rose;Rosé;Rosé;Rosado;Rosé;Rosato;Rosé;Rosé;Rosé;;NEW;CURRENT;1;;;;;;;;;;;;
urn:gs1:gdd:cl:AlcoholicBeverageColourCode:TAWNY;AlcoholicBeverageColourCode;TAWNY;Tawny;Tawny;Fauve;Lohfarben;Geelbruin;Leonado / Tostado;Tawny;Fulvo;Castanho aloirado;Gulbrun;Kullanruskea;GDSN;;NEW;CURRENT;1;;;;;;;;;;;
urn:gs1:gdd:cl:AlcoholicBeverageColourCode:WHITE;AlcoholicBeverageColourCode;WHITE;White;White;Blanc;Weiß;Wit;Blanco;White;Bianco;Branco;Vit;Valkoinen;;NEW;CURRENT;1;;;;;;;;;;;;
urn:gs1:gdd:cl:AlcoholicBeverageColourCode:YELLOW_BLOND_OR_GOLD;AlcoholicBeverageColourCode;YELLOW_BLOND_OR_GOLD;Yellow blond or gold;Yellow blond or gold;Blond jaune ou doré;Gold;Goud;Dorado;Gold;Dorato;Dourado;Gyllene;Kulta;;NEW;CURRENT;1;;;;;;;;;;;;
urn:gs1:gdd:cl:BeerStyleTypeCode;BeerStyleTypeCode;;;;;;;;;;;;;NEW;CURRENT;1;;;;;;;;;;;;;
urn:gs1:gdd:cl:BeerStyleTypeCode:AMERICAN_STYLE_AMBER_RED_ALE;BeerStyleTypeCode;AMERICAN_STYLE_AMBER_RED_ALE;American Style Amber/Red Ale;American Style Amber/Red Ale;Bière ambrée/rouge de style américain;;;;;;;;;NEW;CURRENT;1;;;;;;;;;;;;;
urn:gs1:gdd:cl:BeerStyleTypeCode:AMERICAN_STYLE_BARLEY_WINE_ALE;BeerStyleTypeCode;AMERICAN_STYLE_BARLEY_WINE_ALE;American Style Barley Wine Ale;American Style Barley Wine Ale;Bière au vin d'orge de style américain;;;;;;;;;GDSN;;NEW;CURRENT;1;;;;;;;;;;;
urn:gs1:gdd:cl:BeerStyleTypeCode:AMERICAN_STYLE_BROWN_ALE;BeerStyleTypeCode;AMERICAN_STYLE_BROWN_ALE;American Style Brown Ale;American Style Brown Ale;Bière brune de style américain;;;;;;;;;GDSN;;NEW;CURRENT;1;;;;;;;;;;;
urn:gs1:gdd:cl:BeerStyleTypeCode:AMERICAN_STYLE_CREAM_ALE;BeerStyleTypeCode;AMERICAN_STYLE_CREAM_ALE;American Style Cream Ale;American Style Cream Ale;Cream Ale de style américain;;;;;;;;;;NEW;CURRENT;1;;;;;;;;;;;;
urn:gs1:gdd:cl:BeerStyleTypeCode:AMERICAN_STYLE_FRUIT_BEER;BeerStyleTypeCode;AMERICAN_STYLE_FRUIT_BEER;American Style Fruit Beer;American Style Fruit Beer;Bière aux fruits de style américain;;;;;;;;;GDSN;;NEW;CURRENT;1;;;;;;;;;;;
urn:gs1:gdd:cl:BeerStyleTypeCode:AMERICAN_STYLE_IMPERIAL_PORTER;BeerStyleTypeCode;AMERICAN_STYLE_IMPERIAL_PORTER;American Style Imperial Porter;American Style Imperial Porter;Porter impérial de style américain;;;;;;;;;NEW;CURRENT;1;;;;;;;;;;;;;
urn:gs1:gdd:cl:BeerStyleTypeCode:AMERICAN_STYLE_IMPERIAL_STOUT;BeerStyleTypeCode;AMERICAN_STYLE_IMPERIAL_STOUT;American Style Imperial Stout;American Style Imperial Stout;Stout impérial de style américain;;;;;;;;;CODEVALUE;GDSN;;NEW;CURRENT;1;;;;;;;;;;
urn:gs1:gdd:cl:BeerStyleTypeCode:AMERICAN_STYLE_INDIA_PALE_ALE;BeerStyleTypeCode;AMERICAN_STYLE_INDIA_PALE_ALE;American Style India Pale Ale;American Style India Pale Ale;India Pale Ale de style américain;;;;;;;;;;NEW;CURRENT;1;;;;;;;;;;;;
urn:gs1:gdd:cl:BeerStyleTypeCode:AMERICAN_STYLE_LAGER;BeerStyleTypeCode;AMERICAN_STYLE_LAGER;American Style Lager;American Style Lager;Lager de style américain;;;;;;;;; or dark. Pale lager is the most widely consumed and commercially available style of beer.;CODEVALUE;GDSN;;NEW;CURRENT;1;;;;;;;;;
urn:gs1:gdd:cl:BeerStyleTypeCode:AMERICAN_STYLE_MALT_LIQUOR;BeerStyleTypeCode;AMERICAN_STYLE_MALT_LIQUOR;American Style Malt Liquor;American Style Malt Liquor;Liqueur de malt de style américain;;;;;;;;;CODEVALUE;GDSN;;NEW;CURRENT;1;;;;;;;;;;
urn:gs1:gdd:cl:BeerStyleTypeCode:AMERICAN_STYLE_PALE_ALE;BeerStyleTypeCode;AMERICAN_STYLE_PALE_ALE;American Style Pale Ale;American Style Pale Ale;Pale Ale de style américain;;;;;;;;;GDSN;;NEW;CURRENT;1;;;;;;;;;;;
urn:gs1:gdd:cl:BeerStyleTypeCode:AMERICAN_STYLE_PILSNER;BeerStyleTypeCode;AMERICAN_STYLE_PILSNER;American Style Pilsner;American Style Pilsner;Pilsner de style américain;;;;;;;;;GDSN;;NEW;CURRENT;1;;;;;;;;;;;
urn:gs1:gdd:cl:BeerStyleTypeCode:AMERICAN_STYLE_PORTER;BeerStyleTypeCode;AMERICAN_STYLE_PORTER;American Style Porter;American Style Porter;Porter de style américain;;;;;;;;;;NEW;CURRENT;1;;;;;;;;;;;;
urn:gs1:gdd:cl:BeerStyleTypeCode:AMERICAN_STYLE_STOUT;BeerStyleTypeCode;AMERICAN_STYLE_STOUT;American Style Stout;American Style Stout;Stout de style américain;;;;;;;;; including dry stout; Baltic porter; milk stout; and imperial stout.;CODEVALUE;GDSN;;NEW;CURRENT;1;;;;;;
urn:gs1:gdd:cl:BeerStyleTypeCode:AMERICAN_STYLE_STRONG_PALE_ALE;BeerStyleTypeCode;AMERICAN_STYLE_STRONG_PALE_ALE;American Style Strong Pale Ale;American Style Strong Pale Ale;Pale Ale forte de style américain;;;;;;;;;NEW;CURRENT;1;;;;;;;;;;;;;
urn:gs1:gdd:cl:BeerStyleTypeCode:AUSTRALIAN_STYLE_PALE_ALE;BeerStyleTypeCode;AUSTRALIAN_STYLE_PALE_ALE;Australian Style Pale Ale;Australian Style Pale Ale;Pale Ale de style australien;;;;;;;;;GDSN;;NEW;CURRENT;1;;;;;;;;;;;
urn:gs1:gdd:cl:BeerStyleTypeCode:BALTIC_STYLE_PORTER;BeerStyleTypeCode;BALTIC_STYLE_PORTER;Baltic Style Porter;Baltic Style Porter;Porter de style baltique;;;;;;;;;;NEW;CURRENT;1;;;;;;;;;;;;
urn:gs1:gdd:cl:BeerStyleTypeCode:BELGIAN_STYLE_BLONDE_ALE;BeerStyleTypeCode;BELGIAN_STYLE_BLONDE_ALE;Belgian Style Blonde Ale;Belgian Style Blonde Ale;Bière blonde de style belge;;;;;;;;; and some sweetness from malt.;CODEVALUE;GDSN;;NEW;CURRENT;1;;;;;;;;;
urn:gs1:gdd:cl:BeerStyleTypeCode:BELGIAN_STYLE_FLANDERS_OUD_BRUIN_OR_OUD_RED_ALE;BeerStyleTypeCode;BELGIAN_STYLE_FLANDERS_OUD_BRUIN_OR_OUD_RED_ALE;Belgian Style Flanders Oud Bruin or Oud Red Ale;Belgian Style Flanders Oud Bruin or Oud Red Ale;Oud Bruin de Flandre de style belge ou Oud Red Ale;;;;;;;;; which produces a sour character attributable to lactic acid.;CODEVALUE;GDSN;;NEW;CURRENT;1;;;;;;;;;
urn:gs1:gdd:cl:BeerStyleTypeCode:BELGIAN_STYLE_FRUIT_BEER;BeerStyleTypeCode;BELGIAN_STYLE_FRUIT_BEER;Belgian Style Fruit Beer;Belgian Style Fruit Beer;Bière aux fruits de style belge;;;;;;;;;GDSN;;NEW;CURRENT;1;;;;;;;;;;;
urn:gs1:gdd:cl:BeerStyleTypeCode:BELGIAN_STYLE_FRUIT_LAMBIC;BeerStyleTypeCode;BELGIAN_STYLE_FRUIT_LAMBIC;Belgian Style Fruit Lambic;Belgian Style Fruit Lambic;Lambic aux fruits à la belge;;;;;;;;; vinous; and cidery; usually with a sour aftertaste.;CODEVALUE;GDSN;;NEW;CURRENT;1;;;;;;;
urn:gs1:gdd:cl:BeerStyleTypeCode:BELGIAN_STYLE_GUEUZE_LAMBIC;BeerStyleTypeCode;BELGIAN_STYLE_GUEUZE_LAMBIC;Belgian Style Gueuze Lambic;Belgian Style Gueuze Lambic;Gueuze Lambic à la belge;;;;;;;;; which allow a second fermentation to occur.;CODEVALUE;GDSN;;NEW;CURRENT;1;;;;;;;;;
urn:gs1:gdd:cl:BeerStyleTypeCode:BELGIAN_STYLE_LAMBIC;BeerStyleTypeCode;BELGIAN_STYLE_LAMBIC;Belgian Style Lambic;Belgian Style Lambic;Lambic à la belge;;;;;;;;; vinous; and cidery; usually with a sour aftertaste.;CODEVALUE;GDSN;;NEW;CURRENT;1;;;;;;;
urn:gs1:gdd:cl:BeerStyleTypeCode:BELGIAN_STYLE_PALE_ALE;BeerStyleTypeCode;BELGIAN_STYLE_PALE_ALE;Belgian Style Pale Ale;Belgian Style Pale Ale;Pale Ale de style belge;;;;;;;;;GDSN;;NEW;CURRENT;1;;;;;;;;;;;
urn:gs1:gdd:cl:BeerStyleTypeCode:BELGIAN_STYLE_WITBIER;BeerStyleTypeCode;BELGIAN_STYLE_WITBIER;Belgian Style Witbier;Belgian Style Witbier;Bière blanche à la belge;;;;;;;;; top fermented beer; crafted originally in Belgium. It gets its name from the suspended yeast and wheat proteins which cause the beer to look hazy; or white; when cold. It is a descendant from those medieval beers which were flavoured and preserved with a blend of spices and other plants such as coriander; orange; and bitter orange referred to as gruit instead of using hops.;CODEVALUE;GDSN;;NEW;CURRENT;1;;;;
urn:gs1:gdd:cl:BeerStyleTypeCode:BERLINER_STYLE_WEISSE;BeerStyleTypeCode;BERLINER_STYLE_WEISSE;Berliner Style Weisse;Berliner Style Weisse;Berliner Style Weisse;;;;;;;;;;NEW;CURRENT;1;;;;;;;;;;;;
urn:gs1:gdd:cl:BeerStyleTypeCode:BITTER;BeerStyleTypeCode;BITTER;Bitter;Bitter;Amer;;;;;;;;;;NEW;CURRENT;1;;;;;;;;;;;;
urn:gs1:gdd:cl:BeerStyleTypeCode:BOHEMIAN_STYLE_PILSENER;BeerStyleTypeCode;BOHEMIAN_STYLE_PILSENER;Bohemian Style Pilsener (Pilsner);Bohemian Style Pilsener (Pilsner);Pilsener de style bohème (Pilsner);;;;;;;;;GDSN;;NEW;CURRENT;1;;;;;;;;;;;
urn:gs1:gdd:cl:BeerStyleTypeCode:BRETT_BEER;BeerStyleTypeCode;BRETT_BEER;Brett Beer;Brett Beer;Bière Brett;;;;;;;;; but in balance with other components of a Brett beer.;CODEVALUE;GDSN;;NEW;CURRENT;1;;;;;;;;;
urn:gs1:gdd:cl:BeerStyleTypeCode:BRITISH_STYLE_BARLEY_WINE_ALE;BeerStyleTypeCode;BRITISH_STYLE_BARLEY_WINE_ALE;British Style Barley Wine Ale;British Style Barley Wine Ale;Bière au vin d'orge de style britannique;;;;;;;;;GDSN;;NEW;CURRENT;1;;;;;;;;;;;
urn:gs1:gdd:cl:BeerStyleTypeCode:BRITISH_STYLE_GOLDEN_ALE;BeerStyleTypeCode;BRITISH_STYLE_GOLDEN_ALE;British Style Golden Ale;British Style Golden Ale;Bière dorée de style britannique;;;;;;;;;;NEW;CURRENT;1;;;;;;;;;;;;
urn:gs1:gdd:cl:BeerStyleTypeCode:BRITISH_STYLE_IMPERIAL_STOUT;BeerStyleTypeCode;BRITISH_STYLE_IMPERIAL_STOUT;British Style Imperial Stout;British Style Imperial Stout;Stout impérial de style britannique;;;;;;;;;CODEVALUE;GDSN;;NEW;CURRENT;1;;;;;;;;;;
urn:gs1:gdd:cl:BeerStyleTypeCode:BROWN_PORTER;BeerStyleTypeCode;BROWN_PORTER;Brown Porter;Brown Porter;Porter brun;;;;;;;;;NEW;CURRENT;1;;;;;;;;;;;;;
urn:gs1:gdd:cl:BeerStyleTypeCode:CALIFORNIA_COMMON_BEER;BeerStyleTypeCode;CALIFORNIA_COMMON_BEER;California Common Beer;California Common Beer;Bière California Common;;;;;;;;;NEW;CURRENT;1;;;;;;;;;;;;;
urn:gs1:gdd:cl:BeerStyleTypeCode:CHILLI_PEPPER_BEER;BeerStyleTypeCode;CHILLI_PEPPER_BEER;Chilli Pepper Beer;Chilli Pepper Beer;Bière au piment;;;;;;;;;NEW;CURRENT;1;;;;;;;;;;;;;
urn:gs1:gdd:cl:BeerStyleTypeCode:CHOCOLATE_OR_COCOA_BEER;BeerStyleTypeCode;CHOCOLATE_OR_COCOA_BEER;Chocolate or Cocoa Beer;Chocolate or Cocoa Beer;Bière au chocolat ou au cacao;;;;;;;;;NEW;CURRENT;1;;;;;;;;;;;;;
urn:gs1:gdd:cl:BeerStyleTypeCode:COFFEE_BEER;BeerStyleTypeCode;COFFEE_BEER;Coffee Beer;Coffee Beer;Bière au café;;;;;;;;;;NEW;CURRENT;1;;;;;;;;;;;;
urn:gs1:gdd:cl:BeerStyleTypeCode:CONTEMPORARY_GOSE;BeerStyleTypeCode;CONTEMPORARY_GOSE;Contemporary Gose;Contemporary Gose;Gose contemporain;;;;;;;;; flavours; or aroma.;CODEVALUE;GDSN;;NEW;CURRENT;1;;;;;;;;
urn:gs1:gdd:cl:BeerStyleTypeCode:CREAM_ALE;BeerStyleTypeCode;CREAM_ALE;Cream Ale;Cream Ale;Cream Ale;;;;;;;;;NEW;CURRENT;1;;;;;;;;;;;;;
urn:gs1:gdd:cl:BeerStyleTypeCode:CZECH_PALE_LAGER;BeerStyleTypeCode;CZECH_PALE_LAGER;Czech Pale Lager;Czech Pale Lager;Bière blonde tchèque;;;;;;;;;NEW;CURRENT;1;;;;;;;;;;;;;
urn:gs1:gdd:cl:BeerStyleTypeCode:DARK_MILD;BeerStyleTypeCode;DARK_MILD;Dark Mild;Dark Mild;Foncé Doux;;;;;;;;;;NEW;CURRENT;1;;;;;;;;;;;;
urn:gs1:gdd:cl:BeerStyleTypeCode:DOPPELBOCK;BeerStyleTypeCode;DOPPELBOCK;Doppelbock;Doppelbock;Doppelbock;;;;;;;;; Doppelbock is still strong—ranging from 7%–12% or more by volume.;CODEVALUE;GDSN;;NEW;CURRENT;1;;;;;;;;;
urn:gs1:gdd:cl:BeerStyleTypeCode:DOUBLE_IPA;BeerStyleTypeCode;DOUBLE_IPA;Double IPA;Double IPA;Double IPA;;;;;;;;;;NEW;CURRENT;1;;;;;;;;;;;;
urn:gs1:gdd:cl:BeerStyleTypeCode:DOUBLE_RED_ALE;BeerStyleTypeCode;DOUBLE_RED_ALE;Double Red Ale;Double Red Ale;Double Red Ale;;;;;;;;;GDSN;;NEW;CURRENT;1;;;;;;;;;;;
urn:gs1:gdd:cl:BeerStyleTypeCode:DUNKLES_WEISSBIER;BeerStyleTypeCode;DUNKLES_WEISSBIER;Dunkles Weissbier;Dunkles Weissbier;Dunkles Weissbier;;;;;;;;;NEW;CURRENT;1;;;;;;;;;;;;;
urn:gs1:gdd:cl:BeerStyleTypeCode:EISBOCK;BeerStyleTypeCode;EISBOCK;Eisbock;Eisbock;Eisbock;;;;;;;;;;NEW;CURRENT;1;;;;;;;;;;;;
urn:gs1:gdd:cl:BeerStyleTypeCode:ENGLISH_STYLE_BROWN_ALE;BeerStyleTypeCode;ENGLISH_STYLE_BROWN_ALE;English Style Brown Ale;English Style Brown Ale;Bière brune de style anglais;;;;;;;;;GDSN;;NEW;CURRENT;1;;;;;;;;;;;
urn:gs1:gdd:cl:BeerStyleTypeCode:ENGLISH_STYLE_DARK_MILD_ALE;BeerStyleTypeCode;ENGLISH_STYLE_DARK_MILD_ALE;English Style Dark Mild Ale;English Style Dark Mild Ale;Bière blonde douce de style anglais;;;;;;;;;NEW;CURRENT;1;;;;;;;;;;;;;
urn:gs1:gdd:cl:BeerStyleTypeCode:ENGLISH_STYLE_INDIA_PALE_ALE;BeerStyleTypeCode;ENGLISH_STYLE_INDIA_PALE_ALE;English Style India Pale Ale;English Style India Pale Ale;India Pale Ale de style anglais;;;;;;;;;;NEW;CURRENT;1;;;;;;;;;;;;
urn:gs1:gdd:cl:BeerStyleTypeCode:ENGLISH_STYLE_PALE_ALE;BeerStyleTypeCode;ENGLISH_STYLE_PALE_ALE;English Style Pale Ale;English Style Pale Ale;Pale Ale de style anglais;;;;;;;;;GDSN;;NEW;CURRENT;1;;;;;;;;;;;
urn:gs1:gdd:cl:BeerStyleTypeCode:ENGLISH_STYLE_PALE_MILD_ALE;BeerStyleTypeCode;ENGLISH_STYLE_PALE_MILD_ALE;English Style Pale Mild Ale;English Style Pale Mild Ale;Pale Mild Ale de style anglais;;;;;;;;;GDSN;;NEW;CURRENT;1;;;;;;;;;;;
urn:gs1:gdd:cl:BeerStyleTypeCode:ENGLISH_STYLE_PORTER;BeerStyleTypeCode;ENGLISH_STYLE_PORTER;English Style Porter;English Style Porter;Porter à l'anglaise;;;;;;;;;;NEW;CURRENT;1;;;;;;;;;;;;
urn:gs1:gdd:cl:BeerStyleTypeCode:ENGLISH_STYLE_SUMMER_ALE;BeerStyleTypeCode;ENGLISH_STYLE_SUMMER_ALE;English Style Summer Ale;English Style Summer Ale;Bière d'été de style anglais;;;;;;;;;NEW;CURRENT;1;;;;;;;;;;;;;
urn:gs1:gdd:cl:BeerStyleTypeCode:EUROPEAN_STYLE_DARK_LAGER;BeerStyleTypeCode;EUROPEAN_STYLE_DARK_LAGER;European Style Dark Lager;European Style Dark Lager;Bière brune de style européen;;;;;;;;;CODEVALUE;GDSN;;NEW;CURRENT;1;;;;;;;;;;
urn:gs1:gdd:cl:BeerStyleTypeCode:EXTRA_SPECIAL_BITTER;BeerStyleTypeCode;EXTRA_SPECIAL_BITTER;Extra Special Bitter;Extra Special Bitter;Extra Special Bitter;;;;;;;;;CODEVALUE;GDSN;;NEW;CURRENT;1;;;;;;;;;;
urn:gs1:gdd:cl:BeerStyleTypeCode:FESTBIER;BeerStyleTypeCode;FESTBIER;Festbier;Festbier;Festbier;;;;;;;;;GDSN;;NEW;CURRENT;1;;;;;;;;;;;
urn:gs1:gdd:cl:BeerStyleTypeCode:FIELD_BEER;BeerStyleTypeCode;FIELD_BEER;Field Beer;Field Beer;Bière des champs;;;;;;;;;;NEW;CURRENT;1;;;;;;;;;;;;
urn:gs1:gdd:cl:BeerStyleTypeCode:FLANDERS_RED_ALE;BeerStyleTypeCode;FLANDERS_RED_ALE;Flanders Red Ale;Flanders Red Ale;Bière rouge des Flandres;;;;;;;;;CODEVALUE;GDSN;;NEW;CURRENT;1;;;;;;;;;;
urn:gs1:gdd:cl:BeerStyleTypeCode:FOREIGN_EXTRA_STOUT;BeerStyleTypeCode;FOREIGN_EXTRA_STOUT;Foreign Extra Stout;Foreign Extra Stout;Extra Stout étrangère;;;;;;;;;GDSN;;NEW;CURRENT;1;;;;;;;;;;;
urn:gs1:gdd:cl:BeerStyleTypeCode:FRENCH_AND_BELGIAN_STYLE_SAISON;BeerStyleTypeCode;FRENCH_AND_BELGIAN_STYLE_SAISON;French & Belgian Style Saison;French & Belgian Style Saison;Saison à la française et à la belge;;;;;;;;; spicy; and often bottle conditioned.;CODEVALUE;GDSN;;NEW;CURRENT;1;;;;;;;;
urn:gs1:gdd:cl:BeerStyleTypeCode:FRENCH_STYLE_BIèRE_DE_GARDE;BeerStyleTypeCode;FRENCH_STYLE_BIèRE_DE_GARDE;French Style Bière de Garde;French Style Bière de Garde;Bière de Garde à la française;;;;;;;;;CODEVALUE;GDSN;;NEW;CURRENT;1;;;;;;;;;;
urn:gs1:gdd:cl:BeerStyleTypeCode:FRUIT_LAMBIC;BeerStyleTypeCode;FRUIT_LAMBIC;Fruit Lambic;Fruit Lambic;Lambic aux fruits;;;;;;;;; usually with a sour aftertaste.;CODEVALUE;GDSN;;NEW;CURRENT;1;;;;;;;;;
urn:gs1:gdd:cl:BeerStyleTypeCode:FRUIT_WHEAT_BEER;BeerStyleTypeCode;FRUIT_WHEAT_BEER;Fruit Wheat Beer;Fruit Wheat Beer;Bière de blé aux fruits;;;;;;;;;NEW;CURRENT;1;;;;;;;;;;;;;
urn:gs1:gdd:cl:BeerStyleTypeCode:GERMAN_STYLE_ALTBIER;BeerStyleTypeCode;GERMAN_STYLE_ALTBIER;German Style Altbier;German Style Altbier;Altbier de style allemand;;;;;;;;;;NEW;CURRENT;1;;;;;;;;;;;;
urn:gs1:gdd:cl:BeerStyleTypeCode:GERMAN_STYLE_BOCK;BeerStyleTypeCode;GERMAN_STYLE_BOCK;German Style Bock;German Style Bock;Bock à l'allemande;;;;;;;;; more hopped version generally made for consumption at spring festivals;doppelbock (double bock); a stronger and maltier version;and eisbock; a much stronger version made by partially freezing the beer and removing the ice that forms.;CODEVALUE;GDSN;;NEW;CURRENT;1;;;;;
urn:gs1:gdd:cl:BeerStyleTypeCode:GERMAN_STYLE_DOPPELBOCK;BeerStyleTypeCode;GERMAN_STYLE_DOPPELBOCK;German Style Doppelbock;German Style Doppelbock;Doppelbock de style allemand;;;;;;;;; when solid food was not permitted. Today; Doppelbock is still strong—ranging from 7%–12% or more by volume.;CODEVALUE;GDSN;;NEW;CURRENT;1;;;;;;;;
urn:gs1:gdd:cl:BeerStyleTypeCode:GERMAN_STYLE_EISBOCK;BeerStyleTypeCode;GERMAN_STYLE_EISBOCK;German Style Eisbock;German Style Eisbock;Eisbock à l'allemande;;;;;;;;;CODEVALUE;GDSN;;NEW;CURRENT;1;;;;;;;;;;
urn:gs1:gdd:cl:BeerStyleTypeCode:GERMAN_STYLE_HELLER_BOCK_MAIBOCK;BeerStyleTypeCode;GERMAN_STYLE_HELLER_BOCK_MAIBOCK;German Style Heller Bock/Maibock;German Style Heller Bock/Maibock;Heller Bock/Maibock de style allemand;;;;;;;;; still as strong as traditional bock; but lighter in colour and with more hop presence.;CODEVALUE;GDSN;;NEW;CURRENT;1;;;;;;;;
urn:gs1:gdd:cl:BeerStyleTypeCode:GERMAN_STYLE_HELLES_EXPORTBIER;BeerStyleTypeCode;GERMAN_STYLE_HELLES_EXPORTBIER;German Style Helles Exportbier;German Style Helles Exportbier;Helles Exportbier de style allemand;;;;;;;;;NEW;CURRENT;1;;;;;;;;;;;;;
urn:gs1:gdd:cl:BeerStyleTypeCode:GERMAN_STYLE_KOELSCH;BeerStyleTypeCode;GERMAN_STYLE_KOELSCH;German Style Kölsch;German Style Kölsch;Kölsch à l'allemande;;;;;;;;;CODEVALUE;GDSN;;NEW;CURRENT;1;;;;;;;;;;
urn:gs1:gdd:cl:BeerStyleTypeCode:GERMAN_STYLE_LEICHTES_WEIZEN;BeerStyleTypeCode;GERMAN_STYLE_LEICHTES_WEIZEN;German Style Leichtes Weizen;German Style Leichtes Weizen;Leichtes Weizen à l'allemande;;;;;;;;;;NEW;CURRENT;1;;;;;;;;;;;;
urn:gs1:gdd:cl:BeerStyleTypeCode:GERMAN_STYLE_MAERZEN;BeerStyleTypeCode;GERMAN_STYLE_MAERZEN;German Style Maerzen;German Style Maerzen;Maerzen de style allemand;;;;;;;;;GDSN;;NEW;CURRENT;1;;;;;;;;;;;
urn:gs1:gdd:cl:BeerStyleTypeCode:GERMAN_STYLE_OKTOBERFEST_WIESN;BeerStyleTypeCode;GERMAN_STYLE_OKTOBERFEST_WIESN;German Style Oktoberfest/Wiesn;German Style Oktoberfest/Wiesn;Oktoberfest/Wiesn à l'allemande;;;;;;;;;NEW;CURRENT;1;;;;;;;;;;;;;
urn:gs1:gdd:cl:BeerStyleTypeCode:GERMAN_STYLE_PILSNER;BeerStyleTypeCode;GERMAN_STYLE_PILSNER;German Style Pilsner;German Style Pilsner;Pilsner de style allemand;;;;;;;;;GDSN;;NEW;CURRENT;1;;;;;;;;;;;
urn:gs1:gdd:cl:BeerStyleTypeCode:GERMAN_STYLE_RYE_ALE;BeerStyleTypeCode;GERMAN_STYLE_RYE_ALE;German Style Rye Ale;German Style Rye Ale;Bière de seigle de style allemand;;;;;;;;; or wheat.;CODEVALUE;GDSN;;NEW;CURRENT;1;;;;;;;;;
urn:gs1:gdd:cl:BeerStyleTypeCode:GERMAN_STYLE_SCHWARZBIER;BeerStyleTypeCode;GERMAN_STYLE_SCHWARZBIER;German Style Schwarzbier;German Style Schwarzbier;Schwarzbier à l'allemande;;;;;;;;; which tend to have an opaque; black colour with hints of chocolate or coffee flavours; and are generally around 5% ABV. They are similar to stout in that they are made from roasted malt; which gives them their dark colour.;CODEVALUE;GDSN;;NEW;CURRENT;1;;;;;;
urn:gs1:gdd:cl:BeerStyleTypeCode:GOLDEN_OR_BLONDE_ALE;BeerStyleTypeCode;GOLDEN_OR_BLONDE_ALE;Golden or Blonde Ale;Golden or Blonde Ale;Bière blonde ou dorée;;;;;;;;; and some sweetness from malt.;CODEVALUE;GDSN;;NEW;CURRENT;1;;;;;;;;;
urn:gs1:gdd:cl:BeerStyleTypeCode:GOSE;BeerStyleTypeCode;GOSE;Gose;Gose;Gose;;;;;;;;; or aroma. The beers typically have a moderate alcohol content of 4 to 5% ABV.;CODEVALUE;GDSN;;NEW;CURRENT;1;;;;;;;;;
urn:gs1:gdd:cl:BeerStyleTypeCode:GUEUZE;BeerStyleTypeCode;GUEUZE;Gueuze;Gueuze;Gueuze;;;;;;;;;CODEVALUE;GDSN;;NEW;CURRENT;1;;;;;;;;;;
urn:gs1:gdd:cl:BeerStyleTypeCode:HELLES_BOCK;BeerStyleTypeCode;HELLES_BOCK;Helles Bock;Helles Bock;Helles Bock;;;;;;;;;GDSN;;NEW;CURRENT;1;;;;;;;;;;;
urn:gs1:gdd:cl:BeerStyleTypeCode:HERB_AND_SPICE_BEER;BeerStyleTypeCode;HERB_AND_SPICE_BEER;Herb and Spice Beer;Herb and Spice Beer;Bière aux herbes et aux épices;;;;;;;;; mouthfeel and aromas vary depending on the herb or spice used. This beer style encompasses innovative examples as well as traditional holiday and winter ales.;CODEVALUE;GDSN;;NEW;CURRENT;1;;;;;;;;;
urn:gs1:gdd:cl:BeerStyleTypeCode:HONEY;BeerStyleTypeCode;HONEY;Honey;Honey;Chéri;;;;;;;;;NEW;CURRENT;1;;;;;;;;;;;;;
urn:gs1:gdd:cl:BeerStyleTypeCode:IMPERIAL_OR_DOUBLE_INDIA_PALE_ALE;BeerStyleTypeCode;IMPERIAL_OR_DOUBLE_INDIA_PALE_ALE;Imperial or Double India Pale Ale;Imperial or Double India Pale Ale;Imperial ou Double India Pale Ale;;;;;;;;;;NEW;CURRENT;1;;;;;;;;;;;;
urn:gs1:gdd:cl:BeerStyleTypeCode:IMPERIAL_RED_ALE;BeerStyleTypeCode;IMPERIAL_RED_ALE;Imperial Red Ale;Imperial Red Ale;Bière rouge impériale;;;;;;;;; pronounced hop profile.;CODEVALUE;GDSN;;NEW;CURRENT;1;;;;;;;;;
urn:gs1:gdd:cl:BeerStyleTypeCode:IMPERIAL_STOUT;BeerStyleTypeCode;IMPERIAL_STOUT;Imperial Stout;Imperial Stout;Stout impérial;;;;;;;;;GDSN;;NEW;CURRENT;1;;;;;;;;;;;
urn:gs1:gdd:cl:BeerStyleTypeCode:INTERNATIONAL_STYLE_PALE_ALE;BeerStyleTypeCode;INTERNATIONAL_STYLE_PALE_ALE;International Style Pale Ale;International Style Pale Ale;Pale Ale de style international;;;;;;;;;GDSN;;NEW;CURRENT;1;;;;;;;;;;;
urn:gs1:gdd:cl:BeerStyleTypeCode:INTERNATIONAL_STYLE_PALE_LAGER;BeerStyleTypeCode;INTERNATIONAL_STYLE_PALE_LAGER;International Style Pale Lager;International Style Pale Lager;Lager pâle de style international;;;;;;;;;GDSN;;NEW;CURRENT;1;;;;;;;;;;;
urn:gs1:gdd:cl:BeerStyleTypeCode:INTERNATIONAL_STYLE_PILSNER;BeerStyleTypeCode;INTERNATIONAL_STYLE_PILSNER;International Style Pilsner;International Style Pilsner;Pilsner de style international;;;;;;;;;GDSN;;NEW;CURRENT;1;;;;;;;;;;;
urn:gs1:gdd:cl:BeerStyleTypeCode:IRISH_STYLE_DRY_STOUT;BeerStyleTypeCode;IRISH_STYLE_DRY_STOUT;Irish Style Dry Stout;Irish Style Dry Stout;Stout sec de style irlandais;;;;;;;;;NEW;CURRENT;1;;;;;;;;;;;;;
urn:gs1:gdd:cl:BeerStyleTypeCode:IRISH_STYLE_EXTRA_STOUT;BeerStyleTypeCode;IRISH_STYLE_EXTRA_STOUT;Irish Style Extra Stout;Irish Style Extra Stout;Extra Stout de style irlandais;;;;;;;;;;NEW;CURRENT;1;;;;;;;;;;;;
urn:gs1:gdd:cl:BeerStyleTypeCode:IRISH_STYLE_RED_ALE;BeerStyleTypeCode;IRISH_STYLE_RED_ALE;Irish Style Red Ale;Irish Style Red Ale;Bière rousse de style irlandais;;;;;;;;;GDSN;;NEW;CURRENT;1;;;;;;;;;;;
urn:gs1:gdd:cl:BeerStyleTypeCode:IRISH_STYLE_STOUT;BeerStyleTypeCode;IRISH_STYLE_STOUT;Irish Style Stout;Irish Style Stout;Stout de style irlandais;;;;;;;;; including dry stout; Baltic porter; milk stout; and imperial stout.;CODEVALUE;GDSN;;NEW;CURRENT;1;;;;;;
urn:gs1:gdd:cl:BeerStyleTypeCode:KOELSCH;BeerStyleTypeCode;KOELSCH;Kölsch;Kölsch;Kölsch;;;;;;;;;NEW;CURRENT;1;;;;;;;;;;;;;
urn:gs1:gdd:cl:BeerStyleTypeCode:LAMBIC;BeerStyleTypeCode;LAMBIC;Lambic;Lambic;Lambic;;;;;;;;; usually with a sour aftertaste.;CODEVALUE;GDSN;;NEW;CURRENT;1;;;;;;;;;
urn:gs1:gdd:cl:BeerStyleTypeCode:LEIPZIG_STYLE_GOSE;BeerStyleTypeCode;LEIPZIG_STYLE_GOSE;Leipzig Style Gose;Leipzig Style Gose;Gose à la Leipzig;;;;;;;;; flavours; or aroma.;CODEVALUE;GDSN;;NEW;CURRENT;1;;;;;;;;
urn:gs1:gdd:cl:BeerStyleTypeCode:LIME;BeerStyleTypeCode;LIME;Lime;Lime;Citron vert;;;;;;;;;NEW;CURRENT;1;;;;;;;;;;;;;
urn:gs1:gdd:cl:BeerStyleTypeCode:MAERZEN;BeerStyleTypeCode;MAERZEN;Märzen;Märzen;Mars;;;;;;;;;NEW;CURRENT;1;;;;;;;;;;;;;
urn:gs1:gdd:cl:BeerStyleTypeCode:MIXED_CULTURE_BRETT_BEER;BeerStyleTypeCode;MIXED_CULTURE_BRETT_BEER;Mixed-Culture Brett Beer;Mixed-Culture Brett Beer;Bière Brett de culture mixte;;;;;;;;; but in balance with other components of a Brett beer.;CODEVALUE;GDSN;;NEW;CURRENT;1;;;;;;;;;
urn:gs1:gdd:cl:BeerStyleTypeCode:MUENCHNER_MUNICH_STYLE_DUNKEL;BeerStyleTypeCode;MUENCHNER_MUNICH_STYLE_DUNKEL;Münchner (Munich) Style Dunkel;Münchner (Munich) Style Dunkel;Dunkel style Münchner (Munich);;;;;;;;;CODEVALUE;GDSN;;NEW;CURRENT;1;;;;;;;;;;
urn:gs1:gdd:cl:BeerStyleTypeCode:MUENCHNER_MUNICH_STYLE_HELLES;BeerStyleTypeCode;MUENCHNER_MUNICH_STYLE_HELLES;Münchner (Munich) Style Helles;Münchner (Munich) Style Helles;Münchner (Munich) Style Helles;;;;;;;;;GDSN;;NEW;CURRENT;1;;;;;;;;;;;
urn:gs1:gdd:cl:BeerStyleTypeCode:OATMEAL_STOUT;BeerStyleTypeCode;OATMEAL_STOUT;Oatmeal Stout;Oatmeal Stout;Stout à l'avoine;;;;;;;;; milk stout; and imperial stout. Oatmeal stout is a stout with a proportion of oats; normally a maximum of 30%; added during the brewing process.;CODEVALUE;GDSN;;NEW;CURRENT;1;;;;;;
urn:gs1:gdd:cl:BeerStyleTypeCode:OLD_ALE;BeerStyleTypeCode;OLD_ALE;Old Ale;Old Ale;Vieille bière;;;;;;;;;CODEVALUE;GDSN;;NEW;CURRENT;1;;;;;;;;;;
urn:gs1:gdd:cl:BeerStyleTypeCode:ORDINARY_BITTER;BeerStyleTypeCode;ORDINARY_BITTER;Ordinary Bitter;Ordinary Bitter;Ordinaire amer;;;;;;;;;;NEW;CURRENT;1;;;;;;;;;;;;
urn:gs1:gdd:cl:BeerStyleTypeCode:OUD_BRUIN;BeerStyleTypeCode;OUD_BRUIN;Oud Bruin;Oud Bruin;Oud Bruin;;;;;;;;;CODEVALUE;GDSN;;NEW;CURRENT;1;;;;;;;;;;
urn:gs1:gdd:cl:BeerStyleTypeCode:PUMPKIN_SPICE_BEER;BeerStyleTypeCode;PUMPKIN_SPICE_BEER;Pumpkin Spice Beer;Pumpkin Spice Beer;Bière aux épices de citrouille;;;;;;;;;CODEVALUE;GDSN;;NEW;CURRENT;1;;;;;;;;;;
urn:gs1:gdd:cl:BeerStyleTypeCode:PUMPKIN_SQUASH_BEER;BeerStyleTypeCode;PUMPKIN_SQUASH_BEER;Pumpkin/Squash Beer;Pumpkin/Squash Beer;Bière à la citrouille/courge;;;;;;;;;CODEVALUE;GDSN;;NEW;CURRENT;1;;;;;;;;;;
urn:gs1:gdd:cl:BeerStyleTypeCode:ROBUST_PORTER;BeerStyleTypeCode;ROBUST_PORTER;Robust Porter;Robust Porter;Porter robuste;;;;;;;;;NEW;CURRENT;1;;;;;;;;;;;;;
urn:gs1:gdd:cl:BeerStyleTypeCode:RYE_BEER;BeerStyleTypeCode;RYE_BEER;Rye Beer;Rye Beer;Bière de seigle;;;;;;;;;GDSN;;NEW;CURRENT;1;;;;;;;;;;;
urn:gs1:gdd:cl:BeerStyleTypeCode:SAISON;BeerStyleTypeCode;SAISON;Saison;Saison;Saison;;;;;;;;;CODEVALUE;GDSN;;NEW;CURRENT;1;;;;;;;;;;
urn:gs1:gdd:cl:BeerStyleTypeCode:SCHWARZBIER;BeerStyleTypeCode;SCHWARZBIER;Schwarzbier;Schwarzbier;Schwarzbier;;;;;;;;; and are generally around 5% ABV. They are similar to stout in that they are made from roasted malt; which gives them their dark colour.;CODEVALUE;GDSN;;NEW;CURRENT;1;;;;;;;;
urn:gs1:gdd:cl:BeerStyleTypeCode:SCOTCH_ALE;BeerStyleTypeCode;SCOTCH_ALE;Scotch Ale;Scotch Ale;bière écossaise;;;;;;;;;GDSN;;NEW;CURRENT;1;;;;;;;;;;;
urn:gs1:gdd:cl:BeerStyleTypeCode:SESSION_INDIA_PALE_ALE;BeerStyleTypeCode;SESSION_INDIA_PALE_ALE;Session India Pale Ale;Session India Pale Ale;Session India Pale Ale;;;;;;;;;NEW;CURRENT;1;;;;;;;;;;;;;
urn:gs1:gdd:cl:BeerStyleTypeCode:SMOKE_PORTER;BeerStyleTypeCode;SMOKE_PORTER;Smoke Porter;Smoke Porter;Porteur de fumée;;;;;;;;;NEW;CURRENT;1;;;;;;;;;;;;;
urn:gs1:gdd:cl:BeerStyleTypeCode:SOUTH_GERMAN_STYLE_BERNSTEINFARBENES_WEIZEN;BeerStyleTypeCode;SOUTH_GERMAN_STYLE_BERNSTEINFARBENES_WEIZEN;South German Style Bernsteinfarbenes Weizen;South German Style Bernsteinfarbenes Weizen;Style sud-allemand Bernsteinfarbenes Weizen;;;;;;;;;;NEW;CURRENT;1;;;;;;;;;;;;
urn:gs1:gdd:cl:BeerStyleTypeCode:SOUTH_GERMAN_STYLE_DUNKEL_WEIZEN;BeerStyleTypeCode;SOUTH_GERMAN_STYLE_DUNKEL_WEIZEN;South German Style Dunkel Weizen;South German Style Dunkel Weizen;Dunkel Weizen de style sud-allemand;;;;;;;;;;NEW;CURRENT;1;;;;;;;;;;;;
urn:gs1:gdd:cl:BeerStyleTypeCode:SOUTH_GERMAN_STYLE_HEFEWEIZEN;BeerStyleTypeCode;SOUTH_GERMAN_STYLE_HEFEWEIZEN;South German Style Hefeweizen;South German Style Hefeweizen;Hefeweizen à la mode sud-allemande;;;;;;;;; the result of fermentation by top-fermenting yeast appropriate for the style.;CODEVALUE;GDSN;;NEW;CURRENT;1;;;;;;;;;
urn:gs1:gdd:cl:BeerStyleTypeCode:SOUTH_GERMAN_STYLE_KRISTAL_WEIZEN;BeerStyleTypeCode;SOUTH_GERMAN_STYLE_KRISTAL_WEIZEN;South German Style Kristal Weizen;South German Style Kristal Weizen;Style sud-allemand Kristal Weizen;;;;;;;;;CODEVALUE;GDSN;;NEW;CURRENT;1;;;;;;;;;;
urn:gs1:gdd:cl:BeerStyleTypeCode:SOUTH_GERMAN_STYLE_WEIZENBOCK;BeerStyleTypeCode;SOUTH_GERMAN_STYLE_WEIZENBOCK;South German Style Weizenbock;South German Style Weizenbock;Weizenbock à la mode sud-allemande;;;;;;;;;;NEW;CURRENT;1;;;;;;;;;;;;
urn:gs1:gdd:cl:BeerStyleTypeCode:SPECIAL_OR_BEST_BITTER;BeerStyleTypeCode;SPECIAL_OR_BEST_BITTER;Special or Best Bitter;Special or Best Bitter;Bitter Spécial ou Meilleur;;;;;;;;;NEW;CURRENT;1;;;;;;;;;;;;;
urn:gs1:gdd:cl:BeerStyleTypeCode:SPECIALTY_HONEY_BEER;BeerStyleTypeCode;SPECIALTY_HONEY_BEER;Specialty Honey Beer;Specialty Honey Beer;Bière au miel de spécialité;;;;;;;;;NEW;CURRENT;1;;;;;;;;;;;;;
urn:gs1:gdd:cl:BeerStyleTypeCode:SPECIALTY_IPA;BeerStyleTypeCode;SPECIALTY_IPA;Specialty IPA;Specialty IPA;IPA de spécialité;;;;;;;;;NEW;CURRENT;1;;;;;;;;;;;;;
urn:gs1:gdd:cl:BeerStyleTypeCode:SPECIALTY_SAISON;BeerStyleTypeCode;SPECIALTY_SAISON;Specialty Saison;Specialty Saison;Spécialité Saison;;;;;;;;;NEW;CURRENT;1;;;;;;;;;;;;;
urn:gs1:gdd:cl:BeerStyleTypeCode:SWEET_STOUT_OR_CREAM_STOUT;BeerStyleTypeCode;SWEET_STOUT_OR_CREAM_STOUT;Sweet Stout or Cream Stout;Sweet Stout or Cream Stout;Stout sucré ou Stout à la crème;;;;;;;;; milk stout; and imperial stout. Milk stout (also called sweet stout or cream stout) is a stout containing lactose; a sugar derived from milk. Because lactose cannot be fermented by beer yeast; it adds sweetness and body to the finished beer.;CODEVALUE;GDSN;;NEW;CURRENT;1;;;;;;
urn:gs1:gdd:cl:BeerStyleTypeCode:TROPICAL_STOUT;BeerStyleTypeCode;TROPICAL_STOUT;Tropical Stout;Tropical Stout;Stout tropical;;;;;;;;; milk stout; and imperial stout. Tropical stout is a stout containing tropical flavouruings.;CODEVALUE;GDSN;;NEW;CURRENT;1;;;;;;;;
urn:gs1:gdd:cl:BeerStyleTypeCode:VIENNA_LAGER;BeerStyleTypeCode;VIENNA_LAGER;Vienna Lager;Vienna Lager;Lager viennoise;;;;;;;;;NEW;CURRENT;1;;;;;;;;;;;;;
urn:gs1:gdd:cl:BeerStyleTypeCode:VIENNA_STYLE_LAGER;BeerStyleTypeCode;VIENNA_STYLE_LAGER;Vienna Style Lager;Vienna Style Lager;Bière blonde de style viennois;;;;;;;;; or dark. Pale lager is the most widely consumed and commercially available style of beer.;CODEVALUE;GDSN;;NEW;CURRENT;1;;;;;;;;;
urn:gs1:gdd:cl:BeerStyleTypeCode:WEE_HEAVY;BeerStyleTypeCode;WEE_HEAVY;Wee Heavy;Wee Heavy;Petit lourd;;;;;;;;;GDSN;;NEW;CURRENT;1;;;;;;;;;;;
urn:gs1:gdd:cl:BeerStyleTypeCode:WEISSBIER;BeerStyleTypeCode;WEISSBIER;Weissbier;Weissbier;Weissbier;;;;;;;;;GDSN;;NEW;CURRENT;1;;;;;;;;;;;
urn:gs1:gdd:cl:BeerStyleTypeCode:WEIZENBOCK;BeerStyleTypeCode;WEIZENBOCK;Weizenbock;Weizenbock;Weizenbock;;;;;;;;;;NEW;CURRENT;1;;;;;;;;;;;;
urn:gs1:gdd:cl:BeerStyleTypeCode:WILD_BEER;BeerStyleTypeCode;WILD_BEER;Wild Beer;Wild Beer;Bière sauvage;;;;;;;;;;NEW;CURRENT;1;;;;;;;;;;;;
urn:gs1:gdd:cl:BeerStyleTypeCode:WITBIER;BeerStyleTypeCode;WITBIER;Witbier;Witbier;Bière blanche;;;;;;;;; top fermented beer. It gets its name from the suspended yeast and wheat proteins which cause the beer to look hazy; or white; when cold. It is a descendant from those medieval beers which were flavoured and preserved with a blend of spices and other plants such as coriander; orange; and bitter orange referred to as gruit instead of using hops.;CODEVALUE;GDSN;;NEW;CURRENT;1;;;;;
urn:gs1:gdd:cl:BeerStyleTypeCode:WOOD_AND_BARREL_AGED_BEER;BeerStyleTypeCode;WOOD_AND_BARREL_AGED_BEER;Wood and Barrel-Aged Beer;Wood and Barrel-Aged Beer;Bière vieillie en bois et en fût;;;;;;;;;GDSN;;NEW;CURRENT;1;;;;;;;;;;;
urn:gs1:gdd:cl:BeerStyleTypeCode:WOOD_AND_BARREL_AGED_DARK_BEER;BeerStyleTypeCode;WOOD_AND_BARREL_AGED_DARK_BEER;Wood and Barrel-Aged Dark Beer;Wood and Barrel-Aged Dark Beer;Bière brune vieillie en bois et en fût;;;;;;;;;NEW;CURRENT;1;;;;;;;;;;;;;
urn:gs1:gdd:cl:BeerStyleTypeCode:WOOD_AND_BARREL_AGED_PALE_TO_AMBER_BEER;BeerStyleTypeCode;WOOD_AND_BARREL_AGED_PALE_TO_AMBER_BEER;Wood and Barrel-Aged Pale to Amber Beer;Wood and Barrel-Aged Pale to Amber Beer;Bière blonde à ambrée vieillie en fût et en bois;;;;;;;;;GDSN;;NEW;CURRENT;1;;;;;;;;;;;
urn:gs1:gdd:cl:BeerStyleTypeCode:WOOD_AND_BARREL_AGED_SOUR_BEER;BeerStyleTypeCode;WOOD_AND_BARREL_AGED_SOUR_BEER;Wood and Barrel-Aged Sour Beer;Wood and Barrel-Aged Sour Beer;Bière aigre vieillie en bois et en fût;;;;;;;;;CODEVALUE;GDSN;;NEW;CURRENT;1;;;;;;;;;;
urn:gs1:gdd:cl:BeerStyleTypeCode:WOOD_AND_BARREL_AGED_STRONG_BEER;BeerStyleTypeCode;WOOD_AND_BARREL_AGED_STRONG_BEER;Wood and Barrel-Aged Strong Beer;Wood and Barrel-Aged Strong Beer;Bière forte vieillie en bois et en fût;;;;;;;;;;NEW;CURRENT;1;;;;;;;;;;;;
urn:gs1:gdd:cl:CatchAreaCode_GDSN;CatchAreaCode_GDSN;;;;;;;;;;;;;NEW;CURRENT;1;;;;;;;;;;;;;
urn:gs1:gdd:cl:CatchAreaCode_GDSN:01;CatchAreaCode_GDSN;1;Africa - Inland waters;Africa - Inland waters;Afrique - Eaux intérieures;;;;;;;;;NEW;CURRENT;1;;;;;;;;;;;;;
urn:gs1:gdd:cl:CatchAreaCode_GDSN:02;CatchAreaCode_GDSN;2;America; North - Inland waters;America;;;;;;;;;CODEVALUE;GDSN;;NEW;CURRENT;1;;;;;;;;;;
urn:gs1:gdd:cl:CatchAreaCode_GDSN:03;CatchAreaCode_GDSN;3;America; South - Inland waters;America;;;;;;;;;CODEVALUE;GDSN;;NEW;CURRENT;1;;;;;;;;;;
urn:gs1:gdd:cl:CatchAreaCode_GDSN:04;CatchAreaCode_GDSN;4;Asia - Inland waters;Asia - Inland waters;Asie - Eaux intérieures;;;;;;;;;NEW;CURRENT;1;;;;;;;;;;;;;
urn:gs1:gdd:cl:CatchAreaCode_GDSN:05;CatchAreaCode_GDSN;5;Europe - Inland waters;Europe - Inland waters;Europe - Eaux intérieures;;;;;;;;;NEW;CURRENT;1;;;;;;;;;;;;;
urn:gs1:gdd:cl:CatchAreaCode_GDSN:06;CatchAreaCode_GDSN;6;Oceania - Inland waters;Oceania - Inland waters;Océanie - Eaux intérieures;;;;;;;;;NEW;CURRENT;1;;;;;;;;;;;;;
urn:gs1:gdd:cl:CatchAreaCode_GDSN:07;CatchAreaCode_GDSN;7;(Former USSR area - Inland waters);(Former USSR area - Inland waters);(Ex-URSS - Eaux intérieures);;;;;;;;;CHANGED;CURRENT;2;;;;;;;;;;;;;
urn:gs1:gdd:cl:CatchAreaCode_GDSN:08;CatchAreaCode_GDSN;8;Antarctica - Inland waters;Antarctica - Inland waters;Antarctique - Eaux intérieures;;;;;;;;;NEW;CURRENT;1;;;;;;;;;;;;;
urn:gs1:gdd:cl:CatchAreaCode_GDSN:18;CatchAreaCode_GDSN;18;Arctic Sea;Arctic Sea;mer Arctique;;;;;;;;;NEW;CURRENT;1;;;;;;;;;;;;;
urn:gs1:gdd:cl:CatchAreaCode_GDSN:21;CatchAreaCode_GDSN;21;Atlantic, Northwest;Atlantic, Northwest;Atlantique, Nord-Ouest;;;;;;;;;CODEVALUE;GDSN;;NEW;CURRENT;1;;;;;;;;;;
urn:gs1:gdd:cl:CatchAreaCode_GDSN:21.0;CatchAreaCode_GDSN;21.0;Baffin Island, East Bluff, Bylot Island, Devon Island, Ellesmere Island (Subarea 21.0);Baffin Island, East Bluff, Bylot Island, Devon Island, Ellesmere Island (Subarea 21.0);Île de Baffin, East Bluff, île Bylot, île Devon, île d'Ellesmere (sous-zone 21.0);;;;;;;;;CODEVALUE;GDSN;;NEW;CURRENT;1;;;;;;;;;;
urn:gs1:gdd:cl:CatchAreaCode_GDSN:21.1;CatchAreaCode_GDSN;21.1;Baffin Bay, Davis Strait (Subarea 21.1);Baffin Bay, Davis Strait (Subarea 21.1);;;;;;;;;;CODEVALUE;GDSN;;NEW;CURRENT;1;;;;;;;;;;
urn:gs1:gdd:cl:CatchAreaCode_GDSN:21.2;CatchAreaCode_GDSN;21.2;Labrador coast (Subarea 21.2);Labrador coast (Subarea 21.2);Côte du Labrador (sous-zone 21.2);;;;;;;;;NEW;CURRENT;1;;;;;;;;;;;;;
urn:gs1:gdd:cl:CatchAreaCode_GDSN:21.3;CatchAreaCode_GDSN;21.3;Newfoundland (Subarea 21.3);Newfoundland (Subarea 21.3);Terre-Neuve (sous-zone 21.3);;;;;;;;;NEW;CURRENT;1;;;;;;;;;;;;;
urn:gs1:gdd:cl:CatchAreaCode_GDSN:21.4;CatchAreaCode_GDSN;21.4;Northwest Atlantic (Subarea 21.4);Northwest Atlantic (Subarea 21.4);Atlantique Nord-Ouest (sous-zone 21.4);;;;;;;;;NEW;CURRENT;1;;;;;;;;;;;;;
urn:gs1:gdd:cl:CatchAreaCode_GDSN:21.5;CatchAreaCode_GDSN;21.5;Georges Bank, Gulf of Maine (Subarea 21.5);Georges Bank, Gulf of Maine (Subarea 21.5);;;;;;;;;;CODEVALUE;GDSN;;NEW;CURRENT;1;;;;;;;;;;
urn:gs1:gdd:cl:CatchAreaCode_GDSN:21.6;CatchAreaCode_GDSN;21.6;Rhode Island (Subarea 21.6);Rhode Island (Subarea 21.6);Rhode Island (sous-zone 21.6);;;;;;;;;NEW;CURRENT;1;;;;;;;;;;;;;
urn:gs1:gdd:cl:CatchAreaCode_GDSN:27;CatchAreaCode_GDSN;27;Atlantic, Northeast;Atlantic, Northeast.;;;;;;;;;;CODEVALUE;GDSN;;NEW;CURRENT;1;;;;;;;;;;
urn:gs1:gdd:cl:CatchAreaCode_GDSN:27.1;CatchAreaCode_GDSN;27.1;Barents Sea (Subarea 27.1);Barents Sea (Subarea 27.1);Mer de Barents (sous-zone 27.1);;;;;;;;;CHANGED;CURRENT;2;;;;;;;;;;;;;
urn:gs1:gdd:cl:CatchAreaCode_GDSN:27.10;CatchAreaCode_GDSN;27.10;Azores Grounds and Northeast Atlantic South (Subarea 27.10);Azores Grounds and Northeast Atlantic South (Subarea 27.10);Terres des Açores et Atlantique Nord-Est Sud (Sous-zone 27.10);;;;;;;;;CHANGED;CURRENT;2;;;;;;;;;;;;;
urn:gs1:gdd:cl:CatchAreaCode_GDSN:27.12;CatchAreaCode_GDSN;27.12;North of Azores (Subarea 27.12);North of Azores (Subarea 27.12);Au nord des Açores (sous-zone 27.12);;;;;;;;;CHANGED;CURRENT;2;;;;;;;;;;;;;
urn:gs1:gdd:cl:CatchAreaCode_GDSN:27.14;CatchAreaCode_GDSN;27.14;East Greenland (Subarea 27.14);East Greenland (Subarea 27.14);Groenland oriental (sous-zone 27.14);;;;;;;;;CHANGED;CURRENT;2;;;;;;;;;;;;;
urn:gs1:gdd:cl:CatchAreaCode_GDSN:27.14.a;CatchAreaCode_GDSN;27.14.a;Northeast Greenland (Division 27.14.a);Northeast Greenland (Division 27.14.a);Nord-Est du Groenland (Division 27.14.a);;;;;;;;;NEW;CURRENT;1;;;;;;;;;;;;;
urn:gs1:gdd:cl:CatchAreaCode_GDSN:27.14.b;CatchAreaCode_GDSN;27.14.b;Southeast Greenland (Division 27.14.b);Southeast Greenland (Division 27.14.b);Sud-Est du Groenland (Division 27.14.b);;;;;;;;;NEW;CURRENT;1;;;;;;;;;;;;;
urn:gs1:gdd:cl:CatchAreaCode_GDSN:27.2;CatchAreaCode_GDSN;27.2;Norwegian Sea, Spitzbergen, and Bear Island (Subarea 27.2);Norwegian Sea, Spitzbergen, and Bear Island (Subarea 27.2);Spitzberg et île aux Ours (sous-zone 27.2);;;;;;;;;CODEVALUE;GDSN;;CHANGED;CURRENT;2;;;;;;;;;;
urn:gs1:gdd:cl:CatchAreaCode_GDSN:27.2.a;CatchAreaCode_GDSN;27.2.a;Norwegian Sea (Division 27.2.a);Norwegian Sea (Division 27.2.a);Mer de Norvège (Division 27.2.a);;;;;;;;;NEW;CURRENT;1;;;;;;;;;;;;;
urn:gs1:gdd:cl:CatchAreaCode_GDSN:27.2.b;CatchAreaCode_GDSN;27.2.b;Spitzbergen and Bear Island (Division 27.2.b);Spitzbergen and Bear Island (Division 27.2.b);Spitzberg et Île aux Ours (Division 27.2.b);;;;;;;;;NEW;CURRENT;1;;;;;;;;;;;;;
urn:gs1:gdd:cl:CatchAreaCode_GDSN:27.3;CatchAreaCode_GDSN;27.3;Skagerrak, Kattegat, Sound, Belt Sea, and Baltic Sea (Subarea 27.3);Skagerrak, Kattegat, Sound, Belt Sea, and Baltic Sea (Subarea 27.3);Skagerrak, Kattegat, Sound, mer de la Ceinture et mer Baltique (sous-zone 27.3);;;;;;;;;;CODEVALUE;GDSN;;CHANGED;CURRENT;2;;;;;;;;;
urn:gs1:gdd:cl:CatchAreaCode_GDSN:27.3.a;CatchAreaCode_GDSN;27.3.a;Skagerrak and Kattegat (Division 27.3.a);Skagerrak and Kattegat (Division 27.3.a);Skagerrak et Kattegat (division 27.3.a);;;;;;;;;NEW;CURRENT;1;;;;;;;;;;;;;
urn:gs1:gdd:cl:CatchAreaCode_GDSN:27.3.b;CatchAreaCode_GDSN;27.3.b;Sound (Division 27.3.b);Sound (Division 27.3.b);Son (Division 27.3.b);;;;;;;;;NEW;CURRENT;1;;;;;;;;;;;;;
urn:gs1:gdd:cl:CatchAreaCode_GDSN:27.3.b,c;CatchAreaCode_GDSN;27.3.b,c;Sound and Belt Sea or the Transition Area (Divisions 27.3.b,c);Sound and Belt Sea or the Transition Area (Divisions 27.3.b,c);;;;;;;;;;CODEVALUE;GDSN;;NEW;CURRENT;1;;;;;;;;;;
urn:gs1:gdd:cl:CatchAreaCode_GDSN:27.3.c;CatchAreaCode_GDSN;27.3.c;Belt Sea (Division 27.3.c);Belt Sea (Division 27.3.c);Ceinture maritime (Division 27.3.c);;;;;;;;;NEW;CURRENT;1;;;;;;;;;;;;;
urn:gs1:gdd:cl:CatchAreaCode_GDSN:27.3.d;CatchAreaCode_GDSN;27.3.d;Baltic Sea (Division 27.3.d);Baltic Sea (Division 27.3.d);Mer Baltique (Division 27.3.d);;;;;;;;;NEW;CURRENT;1;;;;;;;;;;;;;
urn:gs1:gdd:cl:CatchAreaCode_GDSN:27.4;CatchAreaCode_GDSN;27.4;North Sea (Subarea 27.4);North Sea (Subarea 27.4);Mer du Nord (sous-zone 27.4);;;;;;;;;CHANGED;CURRENT;2;;;;;;;;;;;;;
urn:gs1:gdd:cl:CatchAreaCode_GDSN:27.4.a;CatchAreaCode_GDSN;27.4.a;Northern North Sea (Division 27.4.a);Northern North Sea (Division 27.4.a);Nord de la mer du Nord (Division 27.4.a);;;;;;;;;NEW;CURRENT;1;;;;;;;;;;;;;
urn:gs1:gdd:cl:CatchAreaCode_GDSN:27.4.b;CatchAreaCode_GDSN;27.4.b;Central North Sea (Division 27.4.b);Central North Sea (Division 27.4.b);Mer du Nord centrale (Division 27.4.b);;;;;;;;;NEW;CURRENT;1;;;;;;;;;;;;;
urn:gs1:gdd:cl:CatchAreaCode_GDSN:27.4.c;CatchAreaCode_GDSN;27.4.c;Southern North Sea (Division 27.4.c);Southern North Sea (Division 27.4.c);Mer du Nord méridionale (Division 27.4.c);;;;;;;;;NEW;CURRENT;1;;;;;;;;;;;;;
urn:gs1:gdd:cl:CatchAreaCode_GDSN:27.5;CatchAreaCode_GDSN;27.5;Iceland and Faroes Grounds (Subarea 27.5);Iceland and Faroes Grounds (Subarea 27.5);Terres d'Islande et des îles Féroé (sous-zone 27.5);;;;;;;;;CHANGED;CURRENT;2;;;;;;;;;;;;;
urn:gs1:gdd:cl:CatchAreaCode_GDSN:27.5.a;CatchAreaCode_GDSN;27.5.a;Iceland Grounds (Division 27.5.a);Iceland Grounds (Division 27.5.a);Terrains d'Islande (Division 27.5.a);;;;;;;;;NEW;CURRENT;1;;;;;;;;;;;;;
urn:gs1:gdd:cl:CatchAreaCode_GDSN:27.5.b;CatchAreaCode_GDSN;27.5.b;Faroes Grounds (Division 27.5.b);Faroes Grounds (Division 27.5.b);Terrains des îles Féroé (Division 27.5.b);;;;;;;;;NEW;CURRENT;1;;;;;;;;;;;;;
urn:gs1:gdd:cl:CatchAreaCode_GDSN:27.6;CatchAreaCode_GDSN;27.6;Rockall, Northwest Coast of Scotland and North Ireland (Subarea 27.6);Rockall, Northwest Coast of Scotland and North Ireland (Subarea 27.6);;;;;;;;;;;CODEVALUE;GDSN;;CHANGED;CURRENT;2;;;;;;;;;
urn:gs1:gdd:cl:CatchAreaCode_GDSN:27.6.a;CatchAreaCode_GDSN;27.6.a;Northwest Coast of Scotland and North Ireland or as the West of Scotland (Division 27.6.a);Northwest Coast of Scotland and North Ireland or as the West of Scotland (Division 27.6.a);Côte nord-ouest de l'Écosse et de l'Irlande du Nord ou ouest de l'Écosse (Division 27.6.a);;;;;;;;;NEW;CURRENT;1;;;;;;;;;;;;;
urn:gs1:gdd:cl:CatchAreaCode_GDSN:27.6.b;CatchAreaCode_GDSN;27.6.b;Rockall (Division 27.6.b);Rockall (Division 27.6.b);Rockall (Division 27.6.b);;;;;;;;;NEW;CURRENT;1;;;;;;;;;;;;;
urn:gs1:gdd:cl:CatchAreaCode_GDSN:27.7;CatchAreaCode_GDSN;27.7;Irish Sea, West of Ireland, Porcupine Bank, Eastern and Western English Channel, etc (Subarea 27.7);Irish Sea, West of Ireland, Porcupine Bank, Eastern and Western English Channel, etc (Subarea 27.7);Mer d'Irlande, Ouest de l'Irlande, Porcupine Bank, Manche Est et Ouest, etc. (Sous-zone 27.7);;;;;;;;;;CODEVALUE;GDSN;;CHANGED;CURRENT;2;;;;;;;;;
urn:gs1:gdd:cl:CatchAreaCode_GDSN:27.7.a;CatchAreaCode_GDSN;27.7.a;Irish Sea (Division 27.7.a);Irish Sea (Division 27.7.a);Mer d'Irlande (Division 27.7.a);;;;;;;;;NEW;CURRENT;1;;;;;;;;;;;;;
urn:gs1:gdd:cl:CatchAreaCode_GDSN:27.7.b;CatchAreaCode_GDSN;27.7.b;West of Ireland (Division 27.7.b);West of Ireland (Division 27.7.b);Ouest de l'Irlande (Division 27.7.b);;;;;;;;;NEW;CURRENT;1;;;;;;;;;;;;;
urn:gs1:gdd:cl:CatchAreaCode_GDSN:27.7.c;CatchAreaCode_GDSN;27.7.c;Porcupine Bank (Division 27.7.c);Porcupine Bank (Division 27.7.c);Banque Porcupine (Division 27.7.c);;;;;;;;;NEW;CURRENT;1;;;;;;;;;;;;;
urn:gs1:gdd:cl:CatchAreaCode_GDSN:27.7.d;CatchAreaCode_GDSN;27.7.d;Eastern English Channel (Division 27.7.d);Eastern English Channel (Division 27.7.d);Manche orientale (Division 27.7.d);;;;;;;;;NEW;CURRENT;1;;;;;;;;;;;;;
urn:gs1:gdd:cl:CatchAreaCode_GDSN:27.7.e;CatchAreaCode_GDSN;27.7.e;Western English Channel (Division 27.7.e);Western English Channel (Division 27.7.e);Manche occidentale (Division 27.7.e);;;;;;;;;NEW;CURRENT;1;;;;;;;;;;;;;
urn:gs1:gdd:cl:CatchAreaCode_GDSN:27.7.f;CatchAreaCode_GDSN;27.7.f;Bristol Channel (Division 27.7.f);Bristol Channel (Division 27.7.f);Canal de Bristol (Division 27.7.f);;;;;;;;;NEW;CURRENT;1;;;;;;;;;;;;;
urn:gs1:gdd:cl:CatchAreaCode_GDSN:27.7.g;CatchAreaCode_GDSN;27.7.g;Celtic Sea North (Division 27.7.g);Celtic Sea North (Division 27.7.g);Mer Celtique Nord (Division 27.7.g);;;;;;;;;NEW;CURRENT;1;;;;;;;;;;;;;
urn:gs1:gdd:cl:CatchAreaCode_GDSN:27.7.h;CatchAreaCode_GDSN;27.7.h;Celtic Sea South (Division 27.7.h);Celtic Sea South (Division 27.7.h);Mer Celtique Sud (Division 27.7.h);;;;;;;;;NEW;CURRENT;1;;;;;;;;;;;;;
urn:gs1:gdd:cl:CatchAreaCode_GDSN:27.7.j;CatchAreaCode_GDSN;27.7.j;Southwest of Ireland - East (Division 27.7.j);Southwest of Ireland - East (Division 27.7.j);Sud-ouest de l'Irlande - Est (Division 27.7.j);;;;;;;;;NEW;CURRENT;1;;;;;;;;;;;;;
urn:gs1:gdd:cl:CatchAreaCode_GDSN:27.7.k;CatchAreaCode_GDSN;27.7.k;Southwest of Ireland - West (Division 27.7.k);Southwest of Ireland - West (Division 27.7.k);Sud-ouest de l'Irlande - Ouest (Division 27.7.k);;;;;;;;;NEW;CURRENT;1;;;;;;;;;;;;;
urn:gs1:gdd:cl:CatchAreaCode_GDSN:27.8;CatchAreaCode_GDSN;27.8;Bay of Biscay (Subarea 27.8);Bay of Biscay (Subarea 27.8);Golfe de Gascogne (sous-zone 27.8);;;;;;;;;CHANGED;CURRENT;2;;;;;;;;;;;;;
urn:gs1:gdd:cl:CatchAreaCode_GDSN:27.8.a;CatchAreaCode_GDSN;27.8.a;Bay of Biscay - North (Division 27.8.a);Bay of Biscay - North (Division 27.8.a);Golfe de Gascogne - Nord (Division 27.8.a);;;;;;;;;NEW;CURRENT;1;;;;;;;;;;;;;
urn:gs1:gdd:cl:CatchAreaCode_GDSN:27.8.b;CatchAreaCode_GDSN;27.8.b;Bay of Biscay - Central (Division 27.8.b);Bay of Biscay - Central (Division 27.8.b);Golfe de Gascogne - Centre (Division 27.8.b);;;;;;;;;NEW;CURRENT;1;;;;;;;;;;;;;
urn:gs1:gdd:cl:CatchAreaCode_GDSN:27.8.c;CatchAreaCode_GDSN;27.8.c;Bay of Biscay - South (Division 27.8.c);Bay of Biscay - South (Division 27.8.c);Golfe de Gascogne - Sud (Division 27.8.c);;;;;;;;;NEW;CURRENT;1;;;;;;;;;;;;;
urn:gs1:gdd:cl:CatchAreaCode_GDSN:27.8.d;CatchAreaCode_GDSN;27.8.d;Bay of Biscay - Offshore (Division 27.8.d);Bay of Biscay - Offshore (Division 27.8.d);Golfe de Gascogne - Au large (Division 27.8.d);;;;;;;;;NEW;CURRENT;1;;;;;;;;;;;;;
urn:gs1:gdd:cl:CatchAreaCode_GDSN:27.8.e;CatchAreaCode_GDSN;27.8.e;West of Bay of Biscay (Division 27.8.e);West of Bay of Biscay (Division 27.8.e);À l'ouest du golfe de Gascogne (Division 27.8.e);;;;;;;;;NEW;CURRENT;1;;;;;;;;;;;;;
urn:gs1:gdd:cl:CatchAreaCode_GDSN:27.9;CatchAreaCode_GDSN;27.9;Portuguese Waters (Subarea 27.9);Portuguese Waters (Subarea 27.9);Eaux portugaises (sous-zone 27.9);;;;;;;;;CHANGED;CURRENT;2;;;;;;;;;;;;;
urn:gs1:gdd:cl:CatchAreaCode_GDSN:27.9.a;CatchAreaCode_GDSN;27.9.a;Portuguese Waters - East (Division 27.9.a);Portuguese Waters - East (Division 27.9.a);Eaux portugaises - Est (Division 27.9.a);;;;;;;;;NEW;CURRENT;1;;;;;;;;;;;;;
urn:gs1:gdd:cl:CatchAreaCode_GDSN:27.9.b;CatchAreaCode_GDSN;27.9.b;Portuguese Waters - West (Division 27.9.b);Portuguese Waters - West (Division 27.9.b);Eaux portugaises - Ouest (Division 27.9.b);;;;;;;;;NEW;CURRENT;1;;;;;;;;;;;;;
urn:gs1:gdd:cl:CatchAreaCode_GDSN:31;CatchAreaCode_GDSN;31;Atlantic, Western Central;Atlantic, Western Central.;;;;;;;;;;CODEVALUE;GDSN;;NEW;CURRENT;1;;;;;;;;;;
urn:gs1:gdd:cl:CatchAreaCode_GDSN:34;CatchAreaCode_GDSN;34;Atlantic, Eastern Central;Atlantic, Eastern Central.;;;;;;;;;;CODEVALUE;GDSN;;NEW;CURRENT;1;;;;;;;;;;
urn:gs1:gdd:cl:CatchAreaCode_GDSN:34.1;CatchAreaCode_GDSN;34.1;Northern Coastal Atlantic, Eastern Central (Subarea 34.1);Northern Coastal Atlantic, Eastern Central (Subarea 34.1);;;;;;;;;;CODEVALUE;GDSN;;NEW;CURRENT;1;;;;;;;;;;
urn:gs1:gdd:cl:CatchAreaCode_GDSN:34.2;CatchAreaCode_GDSN;34.2;Northern Oceanic Atlantic, Eastern Central (Subarea 34.2);Northern Oceanic Atlantic, Eastern Central (Subarea 34.2);;;;;;;;;;CODEVALUE;GDSN;;NEW;CURRENT;1;;;;;;;;;;
urn:gs1:gdd:cl:CatchAreaCode_GDSN:34.3;CatchAreaCode_GDSN;34.3;Southern Coastal Atlantic, Eastern Central (Subarea 34.3);Southern Coastal Atlantic, Eastern Central (Subarea 34.3);;;;;;;;;;CODEVALUE;GDSN;;NEW;CURRENT;1;;;;;;;;;;
urn:gs1:gdd:cl:CatchAreaCode_GDSN:34.4;CatchAreaCode_GDSN;34.4;Southern Oceanic Atlantic, Eastern Central (Subarea 34.4);Southern Oceanic Atlantic, Eastern Central (Subarea 34.4);;;;;;;;;;CODEVALUE;GDSN;;NEW;CURRENT;1;;;;;;;;;;
urn:gs1:gdd:cl:CatchAreaCode_GDSN:37;CatchAreaCode_GDSN;37;Mediterranean and Black Sea;Mediterranean and Black Sea;Méditerranée et mer Noire;;;;;;;;;NEW;CURRENT;1;;;;;;;;;;;;;
urn:gs1:gdd:cl:CatchAreaCode_GDSN:37.1;CatchAreaCode_GDSN;37.1;Western Mediterranean (Subarea 37.1);Western Mediterranean (Subarea 37.1);Méditerranée occidentale (sous-zone 37.1);;;;;;;;;CHANGED;CURRENT;2;;;;;;;;;;;;;
urn:gs1:gdd:cl:CatchAreaCode_GDSN:37.1.1;CatchAreaCode_GDSN;37.1.1;Balearic (Division 37.1.1);Balearic (Division 37.1.1);Baléares (Division 37.1.1);;;;;;;;;NEW;CURRENT;1;;;;;;;;;;;;;
urn:gs1:gdd:cl:CatchAreaCode_GDSN:37.1.2;CatchAreaCode_GDSN;37.1.2;Gulf of Lions (Division 37.1.2);Gulf of Lions (Division 37.1.2);Golfe du Lion (Division 37.1.2);;;;;;;;;NEW;CURRENT;1;;;;;;;;;;;;;
urn:gs1:gdd:cl:CatchAreaCode_GDSN:37.1.3;CatchAreaCode_GDSN;37.1.3;Sardinia (Division 37.1.3);Sardinia (Division 37.1.3);Sardaigne (Division 37.1.3);;;;;;;;;NEW;CURRENT;1;;;;;;;;;;;;;
urn:gs1:gdd:cl:CatchAreaCode_GDSN:37.2;CatchAreaCode_GDSN;37.2;Central Mediterranean (Subarea 37.2);Central Mediterranean (Subarea 37.2);Méditerranée centrale (sous-zone 37.2);;;;;;;;;CHANGED;CURRENT;2;;;;;;;;;;;;;
urn:gs1:gdd:cl:CatchAreaCode_GDSN:37.2.1;CatchAreaCode_GDSN;37.2.1;Adriatic (Division 37.2.1);Adriatic (Division 37.2.1);Adriatique (Division 37.2.1);;;;;;;;;NEW;CURRENT;1;;;;;;;;;;;;;
urn:gs1:gdd:cl:CatchAreaCode_GDSN:37.2.2;CatchAreaCode_GDSN;37.2.2;Ionian (Division 37.2.2);Ionian (Division 37.2.2);Ionienne (Division 37.2.2);;;;;;;;;NEW;CURRENT;1;;;;;;;;;;;;;
urn:gs1:gdd:cl:CatchAreaCode_GDSN:37.3;CatchAreaCode_GDSN;37.3;Eastern Mediterranean (Subarea 37.3);Eastern Mediterranean (Subarea 37.3);Méditerranée orientale (sous-zone 37.3);;;;;;;;;CHANGED;CURRENT;2;;;;;;;;;;;;;
urn:gs1:gdd:cl:CatchAreaCode_GDSN:37.3.1;CatchAreaCode_GDSN;37.3.1;Aegean (Division 37.3.1);Aegean (Division 37.3.1);Égée (Division 37.3.1);;;;;;;;;NEW;CURRENT;1;;;;;;;;;;;;;
urn:gs1:gdd:cl:CatchAreaCode_GDSN:37.3.2;CatchAreaCode_GDSN;37.3.2;Levant (Division 37.3.2);Levant (Division 37.3.2);Levant (Division 37.3.2);;;;;;;;;NEW;CURRENT;1;;;;;;;;;;;;;
urn:gs1:gdd:cl:CatchAreaCode_GDSN:37.4;CatchAreaCode_GDSN;37.4;Black Sea (Subarea 37.4);Black Sea (Subarea 37.4);Mer Noire (sous-zone 37.4);;;;;;;;;CHANGED;CURRENT;2;;;;;;;;;;;;;
urn:gs1:gdd:cl:CatchAreaCode_GDSN:37.4.1;CatchAreaCode_GDSN;37.4.1;Marmara Sea (Division 37.4.1);Marmara Sea (Division 37.4.1);Mer de Marmara (Division 37.4.1);;;;;;;;;NEW;CURRENT;1;;;;;;;;;;;;;
urn:gs1:gdd:cl:CatchAreaCode_GDSN:37.4.2;CatchAreaCode_GDSN;37.4.2;Black Sea (Division 37.4.2);Black Sea (Division 37.4.2);Mer Noire (Division 37.4.2);;;;;;;;;NEW;CURRENT;1;;;;;;;;;;;;;
urn:gs1:gdd:cl:CatchAreaCode_GDSN:37.4.3;CatchAreaCode_GDSN;37.4.3;Azov Sea (Division 37.4.3);Azov Sea (Division 37.4.3);Mer d'Azov (Division 37.4.3);;;;;;;;;NEW;CURRENT;1;;;;;;;;;;;;;
urn:gs1:gdd:cl:CatchAreaCode_GDSN:41;CatchAreaCode_GDSN;41;Atlantic, Southwest;Atlantic, Southwest.;;;;;;;;;;CODEVALUE;GDSN;;NEW;CURRENT;1;;;;;;;;;;
urn:gs1:gdd:cl:CatchAreaCode_GDSN:41.1;CatchAreaCode_GDSN;41.1;Northern Atlantic, Southwest (Subarea 41.1);Northern Atlantic, Southwest (Subarea 41.1);;;;;;;;;;CODEVALUE;GDSN;;NEW;CURRENT;1;;;;;;;;;;
urn:gs1:gdd:cl:CatchAreaCode_GDSN:41.2;CatchAreaCode_GDSN;41.2;Central Atlantic, Southwest (Subarea 41.2);Central Atlantic, Southwest (Subarea 41.2);;;;;;;;;;CODEVALUE;GDSN;;NEW;CURRENT;1;;;;;;;;;;
urn:gs1:gdd:cl:CatchAreaCode_GDSN:41.3;CatchAreaCode_GDSN;41.3;Southern Atlantic, Southwest (Subarea 41.3);Southern Atlantic, Southwest (Subarea 41.3);;;;;;;;;;CODEVALUE;GDSN;;NEW;CURRENT;1;;;;;;;;;;
urn:gs1:gdd:cl:CatchAreaCode_GDSN:47;CatchAreaCode_GDSN;47;Atlantic, Southeast;Atlantic, Southeast.;;;;;;;;;;CODEVALUE;GDSN;;NEW;CURRENT;1;;;;;;;;;;
urn:gs1:gdd:cl:CatchAreaCode_GDSN:48;CatchAreaCode_GDSN;48;Atlantic, Antartic;Atlantic, Antartic.;;;;;;;;;;CODEVALUE;GDSN;;NEW;CURRENT;1;;;;;;;;;;
urn:gs1:gdd:cl:CatchAreaCode_GDSN:48.1;CatchAreaCode_GDSN;48.1;Peninsular (Subarea 48.1);Peninsular (Subarea 48.1);Péninsule (sous-zone 48.1);;;;;;;;;NEW;CURRENT;1;;;;;;;;;;;;;
urn:gs1:gdd:cl:CatchAreaCode_GDSN:48.2;CatchAreaCode_GDSN;48.2;South Orkney (Subarea 48.2);South Orkney (Subarea 48.2);Orcades du Sud (sous-zone 48.2);;;;;;;;;NEW;CURRENT;1;;;;;;;;;;;;;
urn:gs1:gdd:cl:CatchAreaCode_GDSN:48.3;CatchAreaCode_GDSN;48.3;South Georgia (Subarea 48.3);South Georgia (Subarea 48.3);Géorgie du Sud (sous-zone 48.3);;;;;;;;;NEW;CURRENT;1;;;;;;;;;;;;;
urn:gs1:gdd:cl:CatchAreaCode_GDSN:48.4;CatchAreaCode_GDSN;48.4;South Sandwich (Subarea 48.4);South Sandwich (Subarea 48.4);Sandwich du Sud (sous-zone 48.4);;;;;;;;;NEW;CURRENT;1;;;;;;;;;;;;;
urn:gs1:gdd:cl:CatchAreaCode_GDSN:48.5;CatchAreaCode_GDSN;48.5;Weddel Sea (Subarea 48.5);Weddel Sea (Subarea 48.5);Mer de Weddel (sous-zone 48;;;;;;;;;;NEW;CURRENT;1;;;;;;;;;;;;
urn:gs1:gdd:cl:CatchAreaCode_GDSN:48.6;CatchAreaCode_GDSN;48.6;Bouvet (Subarea 48.6);Bouvet (Subarea 48.6);Bouvet (Sous-zone 48.6);;;;;;;;;NEW;CURRENT;1;;;;;;;;;;;;;
urn:gs1:gdd:cl:CatchAreaCode_GDSN:51;CatchAreaCode_GDSN;51;Indian Ocean; Western;Indian Ocean;;;;;;;;;CODEVALUE;GDSN;;NEW;CURRENT;1;;;;;;;;;;
urn:gs1:gdd:cl:CatchAreaCode_GDSN:51.1;CatchAreaCode_GDSN;51.1;Red Sea (Subarea 51.1);Red Sea (Subarea 51.1);Mer Rouge (sous-zone 51.1);;;;;;;;;NEW;CURRENT;1;;;;;;;;;;;;;
urn:gs1:gdd:cl:CatchAreaCode_GDSN:51.2;CatchAreaCode_GDSN;51.2;Gulf (Subarea 51.2);Gulf (Subarea 51.2);Golfe (sous-zone 51.2);;;;;;;;;NEW;CURRENT;1;;;;;;;;;;;;;
urn:gs1:gdd:cl:CatchAreaCode_GDSN:51.3;CatchAreaCode_GDSN;51.3;Western Arabian Sea (Subarea 51.3);Western Arabian Sea (Subarea 51.3);Mer d'Arabie occidentale (sous-zone 51.3);;;;;;;;;NEW;CURRENT;1;;;;;;;;;;;;;
urn:gs1:gdd:cl:CatchAreaCode_GDSN:51.4;CatchAreaCode_GDSN;51.4;Eastern Arabian Sea (Subarea 51.4);Eastern Arabian Sea (Subarea 51.4);Mer d'Arabie orientale (sous-zone 51.4);;;;;;;;;NEW;CURRENT;1;;;;;;;;;;;;;
urn:gs1:gdd:cl:CatchAreaCode_GDSN:51.5;CatchAreaCode_GDSN;51.5;Somalia, Kenya and Tanzania (Subarea 51.5);Somalia, Kenya and Tanzania (Subarea 51.5);;;;;;;;;;CODEVALUE;GDSN;;NEW;CURRENT;1;;;;;;;;;;
urn:gs1:gdd:cl:CatchAreaCode_GDSN:51.6;CatchAreaCode_GDSN;51.6;Madagascar and Mozambique Channel (Subarea 51.6);Madagascar and Mozambique Channel (Subarea 51.6);Canal de Madagascar et du Mozambique (sous-zone 51.6);;;;;;;;;NEW;CURRENT;1;;;;;;;;;;;;;
urn:gs1:gdd:cl:CatchAreaCode_GDSN:51.7;CatchAreaCode_GDSN;51.7;Oceanic (Subarea 51.7);Oceanic (Subarea 51.7);Océanique (sous-zone 51;;;;;;;;;;NEW;CURRENT;1;;;;;;;;;;;;
urn:gs1:gdd:cl:CatchAreaCode_GDSN:51.8;CatchAreaCode_GDSN;51.8;Mozambique (Subarea 51.8);Mozambique (Subarea 51.8);Mozambique (sous-zone 51.8);;;;;;;;;NEW;CURRENT;1;;;;;;;;;;;;;
urn:gs1:gdd:cl:CatchAreaCode_GDSN:57;CatchAreaCode_GDSN;57;Indian Ocean, Eastern;Indian Ocean, Eastern.;;;;;;;;;;CODEVALUE;GDSN;;NEW;CURRENT;1;;;;;;;;;;
urn:gs1:gdd:cl:CatchAreaCode_GDSN:57.1;CatchAreaCode_GDSN;57.1;Bay of Bengal Indian Ocean, Eastern (Subarea 57.1);Bay of Bengal Indian Ocean, Eastern (Subarea 57.1);;;;;;;;;;CODEVALUE;GDSN;;NEW;CURRENT;1;;;;;;;;;;
urn:gs1:gdd:cl:CatchAreaCode_GDSN:57.2;CatchAreaCode_GDSN;57.2;Northern Indian Ocean, Eastern (Subarea 57.2);Northern Indian Ocean, Eastern (Subarea 57.2);;;;;;;;;;CODEVALUE;GDSN;;NEW;CURRENT;1;;;;;;;;;;
urn:gs1:gdd:cl:CatchAreaCode_GDSN:57.3;CatchAreaCode_GDSN;57.3;Central Indian Ocean, Eastern (Subarea 57.3);Central Indian Ocean, Eastern (Subarea 57.3);;;;;;;;;;CODEVALUE;GDSN;;NEW;CURRENT;1;;;;;;;;;;
urn:gs1:gdd:cl:CatchAreaCode_GDSN:57.4;CatchAreaCode_GDSN;57.4;Oceanic Indian Ocean, Eastern (Subarea 57.4);Oceanic Indian Ocean, Eastern (Subarea 57.4);;;;;;;;;;CODEVALUE;GDSN;;NEW;CURRENT;1;;;;;;;;;;
urn:gs1:gdd:cl:CatchAreaCode_GDSN:57.5;CatchAreaCode_GDSN;57.5;Western Australia Indian Ocean, Eastern (Subarea 57.5);Western Australia Indian Ocean, Eastern (Subarea 57.5);Western Australia Indian Ocean, Eastern (Subarea 57.5);;;;;;;;;;CODEVALUE;GDSN;;NEW;CURRENT;1;;;;;;;;;
urn:gs1:gdd:cl:CatchAreaCode_GDSN:57.6;CatchAreaCode_GDSN;57.6;Southern Australia Indian Ocean, Eastern (Subarea 57.6);Southern Australia Indian Ocean, Eastern (Subarea 57.6);Southern Australia Indian Ocean, Eastern (Subarea 57.6);;;;;;;;;;CODEVALUE;GDSN;;NEW;CURRENT;1;;;;;;;;;
urn:gs1:gdd:cl:CatchAreaCode_GDSN:58;CatchAreaCode_GDSN;58;Indian Ocean, Antarctic;Indian Ocean, Antarctic.;;;;;;;;;;CODEVALUE;GDSN;;NEW;CURRENT;1;;;;;;;;;;
urn:gs1:gdd:cl:CatchAreaCode_GDSN:58.4;CatchAreaCode_GDSN;58.4;Enderby-Wilkes (Subarea 58.4);Enderby-Wilkes (Subarea 58.4);Enderby-Wilkes (sous-zone 58.4);;;;;;;;;NEW;CURRENT;1;;;;;;;;;;;;;
urn:gs1:gdd:cl:CatchAreaCode_GDSN:58.5;CatchAreaCode_GDSN;58.5;Kerguelen, McDonald (Subarea 58.5);Kerguelen, McDonald (Subarea 58.5);;;;;;;;;;CODEVALUE;GDSN;;NEW;CURRENT;1;;;;;;;;;;
urn:gs1:gdd:cl:CatchAreaCode_GDSN:58.6;CatchAreaCode_GDSN;58.6;Crozet (Subarea 58.6);Crozet (Subarea 58.6);Crozet (Sous-zone 58.6);;;;;;;;;NEW;CURRENT;1;;;;;;;;;;;;;
urn:gs1:gdd:cl:CatchAreaCode_GDSN:58.7;CatchAreaCode_GDSN;58.7;Marion-Edward (Subarea 58.7);Marion-Edward (Subarea 58.7);Marion-Edward (sous-zone 58.7);;;;;;;;;NEW;CURRENT;1;;;;;;;;;;;;;
urn:gs1:gdd:cl:CatchAreaCode_GDSN:61;CatchAreaCode_GDSN;61;Pacific, Northwest;Pacific, Northwest.;;;;;;;;;;CODEVALUE;GDSN;;NEW;CURRENT;1;;;;;;;;;;
urn:gs1:gdd:cl:CatchAreaCode_GDSN:67;CatchAreaCode_GDSN;67;Pacific, Northeast;Pacific, Northeast.;;;;;;;;;;CODEVALUE;GDSN;;NEW;CURRENT;1;;;;;;;;;;
urn:gs1:gdd:cl:CatchAreaCode_GDSN:71;CatchAreaCode_GDSN;71;Pacific, Western Central;Pacific, Western Central.;;;;;;;;;;CODEVALUE;GDSN;;NEW;CURRENT;1;;;;;;;;;;
urn:gs1:gdd:cl:CatchAreaCode_GDSN:77;CatchAreaCode_GDSN;77;Pacific, Eastern Central;Pacific, Eastern Central.;;;;;;;;;;CODEVALUE;GDSN;;NEW;CURRENT;1;;;;;;;;;;
urn:gs1:gdd:cl:CatchAreaCode_GDSN:81;CatchAreaCode_GDSN;81;Pacific, Southwest;Pacific, Southwest.;;;;;;;;;;CODEVALUE;GDSN;;NEW;CURRENT;1;;;;;;;;;;
urn:gs1:gdd:cl:CatchAreaCode_GDSN:87;CatchAreaCode_GDSN;87;Pacific, Southeast;Pacific, Southeast.;;;;;;;;;;CODEVALUE;GDSN;;NEW;CURRENT;1;;;;;;;;;;
urn:gs1:gdd:cl:CatchAreaCode_GDSN:87.1;CatchAreaCode_GDSN;87.1;Northern Pacific, Southeast (Subarea 87.1);Northern Pacific, Southeast (Subarea 87.1);;;;;;;;;;CODEVALUE;GDSN;;NEW;CURRENT;1;;;;;;;;;;
urn:gs1:gdd:cl:CatchAreaCode_GDSN:87.2;CatchAreaCode_GDSN;87.2;Central Pacific, Southeast (Subarea 87.2);Central Pacific, Southeast (Subarea 87.2);;;;;;;;;;CODEVALUE;GDSN;;NEW;CURRENT;1;;;;;;;;;;
urn:gs1:gdd:cl:CatchAreaCode_GDSN:87.3;CatchAreaCode_GDSN;87.3;Southern Pacific, Southeast (Subarea 87.3);Southern Pacific, Southeast (Subarea 87.3);;;;;;;;;;CODEVALUE;GDSN;;NEW;CURRENT;1;;;;;;;;;;
urn:gs1:gdd:cl:CatchAreaCode_GDSN:88;CatchAreaCode_GDSN;88;Pacific, Antarctic;Pacific, Antarctic.;;;;;;;;;;CODEVALUE;GDSN;;NEW;CURRENT;1;;;;;;;;;;
urn:gs1:gdd:cl:CatchAreaCode_GDSN:88.1;CatchAreaCode_GDSN;88.1;Eastern Ross Sea (Subarea 88.1);Eastern Ross Sea (Subarea 88.1);Mer de Ross orientale (sous-zone 88.1);;;;;;;;;NEW;CURRENT;1;;;;;;;;;;;;;
urn:gs1:gdd:cl:CatchAreaCode_GDSN:88.2;CatchAreaCode_GDSN;88.2;Western Ross Sea (Subarea 88.2);Western Ross Sea (Subarea 88.2);Mer de Ross occidentale (sous-zone 88.2);;;;;;;;;NEW;CURRENT;1;;;;;;;;;;;;;
urn:gs1:gdd:cl:CatchAreaCode_GDSN:88.3;CatchAreaCode_GDSN;88.3;Amundsen Sea (Subarea 88.3);Amundsen Sea (Subarea 88.3);Mer d'Amundsen (sous-zone 88.3);;;;;;;;;NEW;CURRENT;1;;;;;;;;;;;;;
urn:gs1:gdd:cl:CatchMethodCode;CatchMethodCode;;;;;;;;;;;;;;NEW;CURRENT;2;;;;;;;;;;;;
urn:gs1:gdd:cl:CatchMethodCode:01;CatchMethodCode;1;Surrounding Nets;Surrounding Nets;Filets environnants;;;;;;;;;NEW;CURRENT;2;;;;;;;;;;;;;
urn:gs1:gdd:cl:CatchMethodCode:02;CatchMethodCode;2;Seine Nets;Seine Nets;Seines;;;;;;;;;;NEW;CURRENT;2;;;;;;;;;;;;
urn:gs1:gdd:cl:CatchMethodCode:03;CatchMethodCode;3;Trawls;Trawls;Chaluts;;;;;;;;;CODEVALUE;GDSN;;NEW;CURRENT;2;;;;;;;;;;
urn:gs1:gdd:cl:CatchMethodCode:04;CatchMethodCode;4;Dredges;Dredges;dragues;;;;;;;;;NEW;CURRENT;2;;;;;;;;;;;;;
urn:gs1:gdd:cl:CatchMethodCode:05;CatchMethodCode;5;Lift Nets;Lift Nets;Filets de levage, then lifted out of the water. Lift nets are divided into: • Portable lift nets • Boat-operated lift nets • Shore-operated stationary lift nets • Lift nets (not enough information);;;;;;;;;;CODEVALUE;GDSN;;NEW;CURRENT;2;;;;;;;;;
urn:gs1:gdd:cl:CatchMethodCode:07;CatchMethodCode;7;Gillnets and Entangling Nets;Gillnets and Entangling Nets;Filets maillants et filets emmêlants;;;;;;;;;CODEVALUE;GDSN;;NEW;CURRENT;2;;;;;;;;;;
urn:gs1:gdd:cl:CatchMethodCode:08;CatchMethodCode;8;Traps;Traps;Pièges;;;;;;;;;;CODEVALUE;GDSN;;NEW;CURRENT;2;;;;;;;;;
urn:gs1:gdd:cl:CatchMethodCode:09;CatchMethodCode;9;Hooks and Lines;Hooks and Lines;Hameçons et lignes;;;;;;;;;;NEW;CURRENT;2;;;;;;;;;;;;
urn:gs1:gdd:cl:CatchMethodCode:DRB;CatchMethodCode;DRB;Boat dredges;Boat dredges;Dragues à bateaux;;;;;;;;;NEW;CURRENT;1;;;;;;;;;;;;;
urn:gs1:gdd:cl:CatchMethodCode:DRH;CatchMethodCode;DRH;Hand dredges;Hand dredges;Dragues à main;;;;;;;;;NEW;CURRENT;1;;;;;;;;;;;;;
urn:gs1:gdd:cl:CatchMethodCode:DX;CatchMethodCode;DX;Dredges (not specified) (GS1 Code);Dredges (not specified) (GS1 Code);Dragues (non spécifiées) (Code GS1);;;;;;;;;NEW;CURRENT;1;;;;;;;;;;;;;
urn:gs1:gdd:cl:CatchMethodCode:FAR;CatchMethodCode;FAR;Traps: Aerial traps;Traps: Aerial traps;Pièges : Pièges aériens;;;;;;;;;NEW;CURRENT;1;;;;;;;;;;;;;
urn:gs1:gdd:cl:CatchMethodCode:FCN;CatchMethodCode;FCN;Cast nets;Cast nets;Éperviers;;;;;;;;;NEW;CURRENT;1;;;;;;;;;;;;;
urn:gs1:gdd:cl:CatchMethodCode:FG;CatchMethodCode;FG;Falling gear (not specified);Falling gear (not specified);Engrenage en chute (non spécifié);;;;;;;;;NEW;CURRENT;1;;;;;;;;;;;;;
urn:gs1:gdd:cl:CatchMethodCode:FIX;CatchMethodCode;FIX;Traps (not specified);Traps (not specified);Pièges (non spécifiés);;;;;;;;;NEW;CURRENT;1;;;;;;;;;;;;;
urn:gs1:gdd:cl:CatchMethodCode:FPN;CatchMethodCode;FPN;Traps: Stationary uncovered pound nets;Traps: Stationary uncovered pound nets;Pièges : Filets fixes non couverts;;;;;;;;;NEW;CURRENT;1;;;;;;;;;;;;;
urn:gs1:gdd:cl:CatchMethodCode:FPO;CatchMethodCode;FPO;Traps: Pots;Traps: Pots;Pièges : Pots;;;;;;;;;NEW;CURRENT;1;;;;;;;;;;;;;
urn:gs1:gdd:cl:CatchMethodCode:FSN;CatchMethodCode;FSN;Traps: Stow nets;Traps: Stow nets;Pièges : Filets de rangement;;;;;;;;;NEW;CURRENT;1;;;;;;;;;;;;;
urn:gs1:gdd:cl:CatchMethodCode:FWR;CatchMethodCode;FWR;Traps: Barriers, fences, weirs, etc.;Pièges : Barrières, clôtures, barrages, etc.;Traps: Barriers, fences, weirs, etc.;;;;;;;;;;CODEVALUE;GDSN;;NEW;CURRENT;1;;;;;;;;;
urn:gs1:gdd:cl:CatchMethodCode:FYK;CatchMethodCode;FYK;Traps: Fyke nets;Traps: Fyke nets;Pièges : Verveux;;;;;;;;;NEW;CURRENT;1;;;;;;;;;;;;;
urn:gs1:gdd:cl:CatchMethodCode:GDS;CatchMethodCode;GDS;Gillnets: Set (anchored) gillnets: demersal gillnets;Gillnets: Set (anchored) gillnets: demersal gillnets;Filets maillants : Filets maillants calés (ancrés) : filets maillants démersaux;;;;;;;;;NEW;CURRENT;1;;;;;;;;;;;;;
urn:gs1:gdd:cl:CatchMethodCode:GEN;CatchMethodCode;GEN;Gillnets and entangling nets (not specified);Gillnets and entangling nets (not specified);Filets maillants et filets emmêlants (non spécifiés);;;;;;;;;NEW;CURRENT;1;;;;;;;;;;;;;
urn:gs1:gdd:cl:CatchMethodCode:GN;CatchMethodCode;GN;Gillnets (not specified);Gillnets (not specified);Filets maillants (non spécifiés);;;;;;;;;NEW;CURRENT;1;;;;;;;;;;;;;
urn:gs1:gdd:cl:CatchMethodCode:GNC;CatchMethodCode;GNC;Encircling gillnets;Encircling gillnets;Filets maillants encerclants;;;;;;;;;NEW;CURRENT;1;;;;;;;;;;;;;
urn:gs1:gdd:cl:CatchMethodCode:GND;CatchMethodCode;GND;Driftnets;Driftnets;Filets dérivants;;;;;;;;;NEW;CURRENT;1;;;;;;;;;;;;;
urn:gs1:gdd:cl:CatchMethodCode:GNF;CatchMethodCode;GNF;Fixed gillnets (on stakes);Fixed gillnets (on stakes);Filets maillants fixes (sur piquets);;;;;;;;;NEW;CURRENT;1;;;;;;;;;;;;;
urn:gs1:gdd:cl:CatchMethodCode:GNS;CatchMethodCode;GNS;Set gillnets (anchored);Set gillnets (anchored);Filets maillants calés (ancrés);;;;;;;;;NEW;CURRENT;1;;;;;;;;;;;;;
urn:gs1:gdd:cl:CatchMethodCode:GSP;CatchMethodCode;GSP;Gillnets: Set (anchored) gillnets: pelagic gillnets;Gillnets: Set (anchored) gillnets: pelagic gillnets;Filets maillants : Filets maillants calés (ancrés) : filets maillants pélagiques;;;;;;;;;NEW;CURRENT;1;;;;;;;;;;;;;
urn:gs1:gdd:cl:CatchMethodCode:GTN;CatchMethodCode;GTN;Combined gillnets-trammel nets;Combined gillnets-trammel nets;Filets maillants-trémails combinés;;;;;;;;;NEW;CURRENT;1;;;;;;;;;;;;;
urn:gs1:gdd:cl:CatchMethodCode:GTR;CatchMethodCode;GTR;Trammel nets;Trammel nets;Filets trémails;;;;;;;;;NEW;CURRENT;1;;;;;;;;;;;;;
urn:gs1:gdd:cl:CatchMethodCode:HAR;CatchMethodCode;HAR;Harpoons;Harpoons;Harpons;;;;;;;;;NEW;CURRENT;1;;;;;;;;;;;;;
urn:gs1:gdd:cl:CatchMethodCode:HMD;CatchMethodCode;HMD;Mechanized dredges;Mechanized dredges;Dragues mécanisées;;;;;;;;;NEW;CURRENT;1;;;;;;;;;;;;;
urn:gs1:gdd:cl:CatchMethodCode:HMP;CatchMethodCode;HMP;Pumps;Pumps;Pompes;;;;;;;;;NEW;CURRENT;1;;;;;;;;;;;;;
urn:gs1:gdd:cl:CatchMethodCode:HMX;CatchMethodCode;HMX;Harvesting machines (not specified);Harvesting machines (not specified);Machines de récolte (non spécifiées);;;;;;;;;NEW;CURRENT;1;;;;;;;;;;;;;
urn:gs1:gdd:cl:CatchMethodCode:LA;CatchMethodCode;LA;Surrounding Nets- without purse lines (lampara);Surrounding Nets- without purse lines (lampara);Filets environnants - sans lignes de bourse (lampara);;;;;;;;;NEW;CURRENT;1;;;;;;;;;;;;;
urn:gs1:gdd:cl:CatchMethodCode:LHM;CatchMethodCode;LHM;Handlines and pole-lines (mechanized);Handlines and pole-lines (mechanized);Lignes à main et lignes à canne (mécanisées);;;;;;;;;NEW;CURRENT;1;;;;;;;;;;;;;
urn:gs1:gdd:cl:CatchMethodCode:LHP;CatchMethodCode;LHP;Handlines and pole-lines (hand-operated);Handlines and pole-lines (hand-operated);Lignes à main et lignes à canne (manutention manuelle);;;;;;;;;NEW;CURRENT;1;;;;;;;;;;;;;
urn:gs1:gdd:cl:CatchMethodCode:LL;CatchMethodCode;LL;Longlines (not specified);Longlines (not specified);Palangres (non spécifiées);;;;;;;;;NEW;CURRENT;1;;;;;;;;;;;;;
urn:gs1:gdd:cl:CatchMethodCode:LLD;CatchMethodCode;LLD;Drifting longlines;Drifting longlines;Palangres dérivantes;;;;;;;;;NEW;CURRENT;1;;;;;;;;;;;;;
urn:gs1:gdd:cl:CatchMethodCode:LLS;CatchMethodCode;LLS;Set longlines;Set longlines;Palangres fixes;;;;;;;;;NEW;CURRENT;1;;;;;;;;;;;;;
urn:gs1:gdd:cl:CatchMethodCode:LN;CatchMethodCode;LN;Lift nets (not specified);Lift nets (not specified);Filets de levage (non spécifiés);;;;;;;;;NEW;CURRENT;1;;;;;;;;;;;;;
urn:gs1:gdd:cl:CatchMethodCode:LNB;CatchMethodCode;LNB;Boat-operated lift nets;Boat-operated lift nets;Filets élévateurs actionnés par bateau;;;;;;;;;NEW;CURRENT;1;;;;;;;;;;;;;
urn:gs1:gdd:cl:CatchMethodCode:LNP;CatchMethodCode;LNP;Portable lift nets;Portable lift nets;Filets de levage portables;;;;;;;;;NEW;CURRENT;1;;;;;;;;;;;;;
urn:gs1:gdd:cl:CatchMethodCode:LNS;CatchMethodCode;LNS;Shore-operated stationary lift nets;Shore-operated stationary lift nets;Filets élévateurs stationnaires à terre;;;;;;;;;NEW;CURRENT;1;;;;;;;;;;;;;
urn:gs1:gdd:cl:CatchMethodCode:LTL;CatchMethodCode;LTL;Trolling lines;Trolling lines;Lignes de traîne;;;;;;;;;NEW;CURRENT;1;;;;;;;;;;;;;
urn:gs1:gdd:cl:CatchMethodCode:LX;CatchMethodCode;LX;Hooks and lines (not specified)3;Hooks and lines (not specified)3;Hameçons et lignes (non spécifiés)3;;;;;;;;;NEW;CURRENT;1;;;;;;;;;;;;;
urn:gs1:gdd:cl:CatchMethodCode:LY;CatchMethodCode;LY;Surrounding nets and lift nets (not specified) (GS1 Code);Surrounding nets and lift nets (not specified) (GS1 Code);Filets périphériques et carrelets (non spécifiés) (Code GS1);;;;;;;;;NEW;CURRENT;1;;;;;;;;;;;;;
urn:gs1:gdd:cl:CatchMethodCode:MHI;CatchMethodCode;MHI;Hand implements;Hand implements;Outils à main;;;;;;;;;CODEVALUE;GDSN;;NEW;CURRENT;1;;;;;;;;;;
urn:gs1:gdd:cl:CatchMethodCode:MIS;CatchMethodCode;MIS;Miscellaneous Gear;Miscellaneous Gear;Équipement divers;;;;;;;;;NEW;CURRENT;1;;;;;;;;;;;;;
urn:gs1:gdd:cl:CatchMethodCode:NK;CatchMethodCode;NK;Gear Not Known or Not Specified;Gear Not Known or Not Specified;Engrenage inconnu ou non spécifié;;;;;;;;;NEW;CURRENT;1;;;;;;;;;;;;;
urn:gs1:gdd:cl:CatchMethodCode:OT;CatchMethodCode;OT;Midwater trawls: Otter trawls (not specified);Midwater trawls: Otter trawls (not specified);Chaluts pélagiques : Chaluts à panneaux (non spécifiés);;;;;;;;;NEW;CURRENT;1;;;;;;;;;;;;;
urn:gs1:gdd:cl:CatchMethodCode:OTB;CatchMethodCode;OTB;Bottom trawls - otter trawls;Bottom trawls - otter trawls;Chaluts de fond - chaluts à panneaux;;;;;;;;;NEW;CURRENT;1;;;;;;;;;;;;;
urn:gs1:gdd:cl:CatchMethodCode:OTM;CatchMethodCode;OTM;Midwater trawls- otter trawls;Midwater trawls- otter trawls;Chaluts pélagiques - chaluts à panneaux;;;;;;;;;NEW;CURRENT;1;;;;;;;;;;;;;
urn:gs1:gdd:cl:CatchMethodCode:OTT;CatchMethodCode;OTT;Midwater trawls: Otter twin trawls;Midwater trawls: Otter twin trawls;Chaluts pélagiques : Chaluts jumeaux à panneaux;;;;;;;;;NEW;CURRENT;1;;;;;;;;;;;;;
urn:gs1:gdd:cl:CatchMethodCode:PS;CatchMethodCode;PS;Surrounding Nets with purse lines (purse seines);Surrounding Nets with purse lines (purse seines);Filets entourant les lignes de bourse (sennes coulissantes);;;;;;;;;NEW;CURRENT;1;;;;;;;;;;;;;
urn:gs1:gdd:cl:CatchMethodCode:PS1;CatchMethodCode;PS1;Surrounding Nets - one boat operated purse seines;Surrounding Nets - one boat operated purse seines;Filets environnants - sennes coulissantes actionnées par un seul bateau;;;;;;;;;NEW;CURRENT;1;;;;;;;;;;;;;
urn:gs1:gdd:cl:CatchMethodCode:PS2;CatchMethodCode;PS2;Surrounding Nets - two boats operated purse seines;Surrounding Nets - two boats operated purse seines;Filets environnants - deux bateaux actionnaient des sennes coulissantes;;;;;;;;;NEW;CURRENT;1;;;;;;;;;;;;;
urn:gs1:gdd:cl:CatchMethodCode:PT;CatchMethodCode;PT;Midwater trawls: Pair trawls (not specified);Midwater trawls: Pair trawls (not specified);Chaluts pélagiques : Chaluts-bœufs (non spécifiés);;;;;;;;;NEW;CURRENT;1;;;;;;;;;;;;;
urn:gs1:gdd:cl:CatchMethodCode:PTB;CatchMethodCode;PTB;Bottom trawls - pair trawls;Bottom trawls - pair trawls;Chaluts de fond - chaluts-bœufs;;;;;;;;;NEW;CURRENT;1;;;;;;;;;;;;;
urn:gs1:gdd:cl:CatchMethodCode:PTM;CatchMethodCode;PTM;Midwater trawls- pair trawls;Midwater trawls- pair trawls;Chaluts pélagiques - chaluts-bœufs;;;;;;;;;NEW;CURRENT;1;;;;;;;;;;;;;
urn:gs1:gdd:cl:CatchMethodCode:RG;CatchMethodCode;RG;Recreational Fishing Gear;Recreational Fishing Gear;Matériel de pêche récréative;;;;;;;;;NEW;CURRENT;1;;;;;;;;;;;;;
urn:gs1:gdd:cl:CatchMethodCode:SB;CatchMethodCode;SB;Seine Nets: Beach seines;Seine Nets: Beach seines;Seines : Seines de plage;;;;;;;;;NEW;CURRENT;1;;;;;;;;;;;;;
urn:gs1:gdd:cl:CatchMethodCode:SDN;CatchMethodCode;SDN;Seine Nets - Danish seines;Seine Nets - Danish seines;Seines - Seines danoises;;;;;;;;;NEW;CURRENT;1;;;;;;;;;;;;;
urn:gs1:gdd:cl:CatchMethodCode:SPR;CatchMethodCode;SPR;Seine Nets - pair seines;Seine Nets - pair seines;Seines - sennes à deux;;;;;;;;;NEW;CURRENT;1;;;;;;;;;;;;;
urn:gs1:gdd:cl:CatchMethodCode:SPW;CatchMethodCode;SPW;Seine Nets: Purse seines - without FADs;Seine Nets: Purse seines - without FADs;Sennes : Sennes coulissantes - sans DCP;;;;;;;;;NEW;CURRENT;1;;;;;;;;;;;;;
urn:gs1:gdd:cl:CatchMethodCode:SPWF;CatchMethodCode;SPWF;Seine Nets: Purse seines - with FADs;Seine Nets: Purse seines - with FADs;Sennes : Sennes coulissantes - avec DCP;;;;;;;;;NEW;CURRENT;1;;;;;;;;;;;;;
urn:gs1:gdd:cl:CatchMethodCode:SSC;CatchMethodCode;SSC;Seine Nets - Scottish seines;Seine Nets - Scottish seines;Seines écossaises;;;;;;;;;NEW;CURRENT;1;;;;;;;;;;;;;
urn:gs1:gdd:cl:CatchMethodCode:SV;CatchMethodCode;SV;Seine Nets: Boat or vessel seines;Seine Nets: Boat or vessel seines;Sennes : sennes de bateau ou de navire;;;;;;;;;NEW;CURRENT;1;;;;;;;;;;;;;
urn:gs1:gdd:cl:CatchMethodCode:SX;CatchMethodCode;SX;Seine nets (not specified);Seine nets (not specified);Seines (non spécifiées);;;;;;;;;NEW;CURRENT;1;;;;;;;;;;;;;
urn:gs1:gdd:cl:CatchMethodCode:TB;CatchMethodCode;TB;Bottom trawls - bottom trawls (not specified);Bottom trawls - bottom trawls (not specified);Chaluts de fond - chaluts de fond (non spécifiés);;;;;;;;;NEW;CURRENT;1;;;;;;;;;;;;;
urn:gs1:gdd:cl:CatchMethodCode:TBB;CatchMethodCode;TBB;Bottom trawls - beam trawls;Bottom trawls - beam trawls;Chaluts de fond - chaluts à perche;;;;;;;;;NEW;CURRENT;1;;;;;;;;;;;;;
urn:gs1:gdd:cl:CatchMethodCode:TBN;CatchMethodCode;TBN;Bottom trawls - nephrops trawls;Bottom trawls - nephrops trawls;Chaluts de fond - chaluts à langoustines;;;;;;;;;NEW;CURRENT;1;;;;;;;;;;;;;
urn:gs1:gdd:cl:CatchMethodCode:TBS;CatchMethodCode;TBS;Bottom trawls - shrimp trawls;Bottom trawls - shrimp trawls;Chaluts de fond - chaluts à crevettes;;;;;;;;;NEW;CURRENT;1;;;;;;;;;;;;;
urn:gs1:gdd:cl:CatchMethodCode:TM;CatchMethodCode;TM;Midwater trawls- midwater trawls (not specified);Midwater trawls- midwater trawls (not specified);Chaluts pélagiques - chaluts pélagiques (non spécifiés);;;;;;;;;NEW;CURRENT;1;;;;;;;;;;;;;
urn:gs1:gdd:cl:CatchMethodCode:TMS;CatchMethodCode;TMS;Midwater trawls- shrimp trawls;Midwater trawls- shrimp trawls;Chaluts pélagiques - chaluts à crevettes;;;;;;;;;NEW;CURRENT;1;;;;;;;;;;;;;
urn:gs1:gdd:cl:CatchMethodCode:TSP;CatchMethodCode;TSP;Pulse trawls;Pulse trawls;Chaluts à impulsions;;;;;;;;;NEW;CURRENT;1;;;;;;;;;;;;;
urn:gs1:gdd:cl:CatchMethodCode:TX;CatchMethodCode;TX;Midwater trawls: Other trawls (not specified);Midwater trawls: Other trawls (not specified);Chaluts pélagiques : Autres chaluts (non spécifiés);;;;;;;;;NEW;CURRENT;1;;;;;;;;;;;;;
urn:gs1:gdd:cl:CheeseMaturationProcessContainerTypeCode;CheeseMaturationProcessContainerTypeCode;;;;;;;;;;;;;NEW;CURRENT;1;;;;;;;;;;;;;
urn:gs1:gdd:cl:CheeseMaturationProcessContainerTypeCode:BRINE_SOLUTION;CheeseMaturationProcessContainerTypeCode;BRINE_SOLUTION;Brine Solution;Brine Solution;Solution de saumure;;;;;;;;;NEW;CURRENT;1;;;;;;;;;;;;;
urn:gs1:gdd:cl:CheeseMaturationProcessContainerTypeCode:FOIL;CheeseMaturationProcessContainerTypeCode;FOIL;Foil;Foil;Déjouer;;;;;;;;;;NEW;CURRENT;1;;;;;;;;;;;;
urn:gs1:gdd:cl:CheeseMaturationProcessContainerTypeCode:MOULD;CheeseMaturationProcessContainerTypeCode;MOULD;Mould;Mould;Moule;;;;;;;;;CODEVALUE;GDSN;;NEW;CURRENT;1;;;;;;;;;;
urn:gs1:gdd:cl:CheeseMaturationProcessContainerTypeCode:OTHER;CheeseMaturationProcessContainerTypeCode;OTHER;Other;Other;Autre;;;;;;;;;NEW;CURRENT;1;;;;;;;;;;;;;
urn:gs1:gdd:cl:CheeseMaturationProcessContainerTypeCode:TEXTILE;CheeseMaturationProcessContainerTypeCode;TEXTILE;Textile;Textile;Textile;;;;;;;;;NEW;CURRENT;1;;;;;;;;;;;;;
urn:gs1:gdd:cl:ClinicalSizeMeasurementPrecisionCode;ClinicalSizeMeasurementPrecisionCode;;;;;;;;;;;;;NEW;CURRENT;1;;;;;;;;;;;;;
urn:gs1:gdd:cl:ClinicalSizeMeasurementPrecisionCode:RANGE;ClinicalSizeMeasurementPrecisionCode;RANGE;Range;Range;Gamme;;;;;;;;;NEW;CURRENT;1;;;;;;;;;;;;;
urn:gs1:gdd:cl:ClinicalSizeMeasurementPrecisionCode:TEXT;ClinicalSizeMeasurementPrecisionCode;TEXT;Text;Text;Texte;;;;;;;;;NEW;CURRENT;1;;;;;;;;;;;;;
urn:gs1:gdd:cl:ClinicalSizeMeasurementPrecisionCode:VALUE;ClinicalSizeMeasurementPrecisionCode;VALUE;Value;Value;Valeur;;;;;;;;;NEW;CURRENT;1;;;;;;;;;;;;;
urn:gs1:gdd:cl:ContainerMaterialCode;ContainerMaterialCode;;;;;;;;;;;;;NEW;CURRENT;1;;;;;;;;;;;;;
urn:gs1:gdd:cl:ContainerMaterialCode:AMERICAN_WHITE_OAK_QUERCUS_ALBA;ContainerMaterialCode;AMERICAN_WHITE_OAK_QUERCUS_ALBA;American White Oak (Quercus Alba);American White Oak (Quercus Alba);Chêne blanc d'Amérique (Quercus Alba);;;;;;;;;NEW;CURRENT;1;;;;;;;;;;;;;
urn:gs1:gdd:cl:ContainerMaterialCode:FRENCH_OAK_QUERCUS_ROBUR_AND_PETRAEA;ContainerMaterialCode;FRENCH_OAK_QUERCUS_ROBUR_AND_PETRAEA;French Oak (Quercus Robur & Petraea);French Oak (Quercus Robur & Petraea);Chêne français (Quercus Robur & Petraea);;;;;;;;;NEW;CURRENT;1;;;;;;;;;;;;;
urn:gs1:gdd:cl:ContainerMaterialCode:OAK_UNCLASSIFIED;ContainerMaterialCode;OAK_UNCLASSIFIED;Oak - Unclassified;Oak - Unclassified;Chêne - Non classé;;;;;;;;;NEW;CURRENT;1;;;;;;;;;;;;;
urn:gs1:gdd:cl:ContainerMaterialCode:REPURPOSED_AMERICAN_WHITE_OAK_QUERCUS_ALBA__BOURBON;ContainerMaterialCode;REPURPOSED_AMERICAN_WHITE_OAK_QUERCUS_ALBA__BOURBON;Repurposed American White Oak (Quercus Alba) - (Bourbon);Repurposed American White Oak (Quercus Alba) - (Bourbon);Chêne blanc américain reconverti (Quercus Alba) - (Bourbon);;;;;;;;;NEW;CURRENT;1;;;;;;;;;;;;;
urn:gs1:gdd:cl:ContainerMaterialCode:STAINLESS_STEEL;ContainerMaterialCode;STAINLESS_STEEL;Stainless Steel;Stainless Steel;Acier inoxydable;;;;;;;;;NEW;CURRENT;1;;;;;;;;;;;;;
urn:gs1:gdd:cl:ContainerMaterialCode:UNCLASSIFIED;ContainerMaterialCode;UNCLASSIFIED;Unclassified;Unclassified;Non classé;;;;;;;;;NEW;CURRENT;1;;;;;;;;;;;;;
urn:gs1:gdd:cl:ContainerMaterialCode:UNIDENTIFIED;ContainerMaterialCode;UNIDENTIFIED;Unidentified;Unidentified;Non identifié;;;;;;;;;NEW;CURRENT;1;;;;;;;;;;;;;
urn:gs1:gdd:cl:ContainerProcessTypeCode;ContainerProcessTypeCode;;;;;;;;;;;;;GDSN;;NEW;CURRENT;1;;;;;;;;;;;
urn:gs1:gdd:cl:ContainerProcessTypeCode:FINISHING;ContainerProcessTypeCode;FINISHING;Finishing;Finishing;Finition;;;;;;;;;NEW;CURRENT;1;;;;;;;;;;;;;
urn:gs1:gdd:cl:ContainerProcessTypeCode:MATURATION_PRIMARY;ContainerProcessTypeCode;MATURATION_PRIMARY;Maturation-Primary;Maturation-Primary;Maturation-Primaire;;;;;;;;;NEW;CURRENT;1;;;;;;;;;;;;;
urn:gs1:gdd:cl:ContainerProcessTypeCode:MATURATION_SECONDARY;ContainerProcessTypeCode;MATURATION_SECONDARY;Maturation-Secondary;Maturation-Secondary;Maturation-Secondaire;;;;;;;;;NEW;CURRENT;1;;;;;;;;;;;;;
urn:gs1:gdd:cl:ContainerShapeCode;ContainerShapeCode;;;;;;;;;;;;;NEW;CURRENT;1;;;;;;;;;;;;;
urn:gs1:gdd:cl:ContainerShapeCode:AMERICAN_STANDARD_BARREL_ASB;ContainerShapeCode;AMERICAN_STANDARD_BARREL_ASB;American Standard Barrel (Asb);American Standard Barrel (Asb);Baril standard américain (Asb);;;;;;;;;NEW;CURRENT;1;;;;;;;;;;;;;
urn:gs1:gdd:cl:ContainerShapeCode:BARRACOON_BARRACK;ContainerShapeCode;BARRACOON_BARRACK;Barracoon/Barrack;Barracoon/Barrack;Barracoon/Caserne;;;;;;;;;NEW;CURRENT;1;;;;;;;;;;;;;
urn:gs1:gdd:cl:ContainerShapeCode:BARRIQUE_BORDEAUX;ContainerShapeCode;BARRIQUE_BORDEAUX;Barrique (Bordeaux);Barrique (Bordeaux);Barrique (Bordeaux);;;;;;;;;NEW;CURRENT;1;;;;;;;;;;;;;
urn:gs1:gdd:cl:ContainerShapeCode:BARRIQUE_COGNAC;ContainerShapeCode;BARRIQUE_COGNAC;Barrique (Cognac);Barrique (Cognac);Barrique (Cognac);;;;;;;;;NEW;CURRENT;1;;;;;;;;;;;;;
urn:gs1:gdd:cl:ContainerShapeCode:BLOOD_TUB;ContainerShapeCode;BLOOD_TUB;Blood Tub;Blood Tub;Bac à sang;;;;;;;;;NEW;CURRENT;1;;;;;;;;;;;;;
urn:gs1:gdd:cl:ContainerShapeCode:BRITISH_BREWERY_BARREL;ContainerShapeCode;BRITISH_BREWERY_BARREL;British Brewery Barrel;British Brewery Barrel;Baril de brasserie britannique;;;;;;;;;NEW;CURRENT;1;;;;;;;;;;;;;
urn:gs1:gdd:cl:ContainerShapeCode:ENGLISH_TUN;ContainerShapeCode;ENGLISH_TUN;English Tun;English Tun;Tun anglais;;;;;;;;;NEW;CURRENT;1;;;;;;;;;;;;;
urn:gs1:gdd:cl:ContainerShapeCode:FIRKIN;ContainerShapeCode;FIRKIN;Firkin;Firkin;Firkin;;;;;;;;;NEW;CURRENT;1;;;;;;;;;;;;;
urn:gs1:gdd:cl:ContainerShapeCode:GORDA;ContainerShapeCode;GORDA;Gorda;Gorda;Gorda;;;;;;;;;NEW;CURRENT;1;;;;;;;;;;;;;
urn:gs1:gdd:cl:ContainerShapeCode:HOGSHEAD;ContainerShapeCode;HOGSHEAD;Hogshead;Hogshead;Barrique;;;;;;;;;NEW;CURRENT;1;;;;;;;;;;;;;
urn:gs1:gdd:cl:ContainerShapeCode:KILDERKIN;ContainerShapeCode;KILDERKIN;Kilderkin;Kilderkin;Kilderkin;;;;;;;;;NEW;CURRENT;1;;;;;;;;;;;;;
urn:gs1:gdd:cl:ContainerShapeCode:MACHINE_PUNCHEON;ContainerShapeCode;MACHINE_PUNCHEON;Machine Puncheon;Machine Puncheon;Machine Puncheon;;;;;;;;;NEW;CURRENT;1;;;;;;;;;;;;;
urn:gs1:gdd:cl:ContainerShapeCode:MADEIRA_DRUM;ContainerShapeCode;MADEIRA_DRUM;Madeira Drum;Madeira Drum;Tambour de Madère;;;;;;;;;NEW;CURRENT;1;;;;;;;;;;;;;
urn:gs1:gdd:cl:ContainerShapeCode:MINIPIN;ContainerShapeCode;MINIPIN;Minipin;Minipin;Minipin;;;;;;;;;NEW;CURRENT;1;;;;;;;;;;;;;
urn:gs1:gdd:cl:ContainerShapeCode:PIN_CASK;ContainerShapeCode;PIN_CASK;Pin (Cask);Pin (Cask);Épingle (Fût);;;;;;;;;NEW;CURRENT;1;;;;;;;;;;;;;
urn:gs1:gdd:cl:ContainerShapeCode:PORT_PIPE;ContainerShapeCode;PORT_PIPE;Port Pipe;Port Pipe;Tuyau de port;;;;;;;;;NEW;CURRENT;1;;;;;;;;;;;;;
urn:gs1:gdd:cl:ContainerShapeCode:QUARTER_CASK;ContainerShapeCode;QUARTER_CASK;Quarter Cask;Quarter Cask;Quart de fût;;;;;;;;;NEW;CURRENT;1;;;;;;;;;;;;;
urn:gs1:gdd:cl:ContainerShapeCode:SHERRY_BUTT;ContainerShapeCode;SHERRY_BUTT;Sherry Butt;Sherry Butt;Sherry Butt;;;;;;;;;NEW;CURRENT;1;;;;;;;;;;;;;
urn:gs1:gdd:cl:ContainerShapeCode:SHERRY_SHAPE_PUNCHEON;ContainerShapeCode;SHERRY_SHAPE_PUNCHEON;Sherry Shape Puncheon;Sherry Shape Puncheon;Puncheon en forme de Sherry;;;;;;;;;NEW;CURRENT;1;;;;;;;;;;;;;
urn:gs1:gdd:cl:ContainerShapeCode:UNCLASSIFIED;ContainerShapeCode;UNCLASSIFIED;Unclassified;Unclassified;Non classé;;;;;;;;;NEW;CURRENT;1;;;;;;;;;;;;;
urn:gs1:gdd:cl:ContainerShapeCode:UNIDENTIFIED;ContainerShapeCode;UNIDENTIFIED;Unidentified;Unidentified;Non identifié;;;;;;;;;NEW;CURRENT;1;;;;;;;;;;;;;
urn:gs1:gdd:cl:ContainerTypeCode;ContainerTypeCode;;;;;;;;;;;;;NEW;CURRENT;1;;;;;;;;;;;;;
urn:gs1:gdd:cl:ContainerTypeCode:BEER;ContainerTypeCode;BEER;Beer;Beer;Bière;;;;;;;;;NEW;CURRENT;1;;;;;;;;;;;;;
urn:gs1:gdd:cl:ContainerTypeCode:BOURBON;ContainerTypeCode;BOURBON;Bourbon;Bourbon;Bourbon;;;;;;;;;NEW;CURRENT;1;;;;;;;;;;;;;
urn:gs1:gdd:cl:ContainerTypeCode:BRANDY;ContainerTypeCode;BRANDY;Brandy;Brandy;Brandy;;;;;;;;;NEW;CURRENT;1;;;;;;;;;;;;;
urn:gs1:gdd:cl:ContainerTypeCode:MADEIRA;ContainerTypeCode;MADEIRA;Madeira;Madeira;Madère;;;;;;;;;NEW;CURRENT;1;;;;;;;;;;;;;
urn:gs1:gdd:cl:ContainerTypeCode:PORT;ContainerTypeCode;PORT;Port;Port;Port;;;;;;;;;NEW;CURRENT;1;;;;;;;;;;;;;
urn:gs1:gdd:cl:ContainerTypeCode:RUM;ContainerTypeCode;RUM;Rum;Rum;Rhum;;;;;;;;;NEW;CURRENT;1;;;;;;;;;;;;;
urn:gs1:gdd:cl:ContainerTypeCode:SHERRY;ContainerTypeCode;SHERRY;Sherry;Sherry;Sherry;;;;;;;;;NEW;CURRENT;1;;;;;;;;;;;;;
urn:gs1:gdd:cl:ContainerTypeCode:UNCLASSIFIED;ContainerTypeCode;UNCLASSIFIED;Unclassified;Unclassified;Non classé;;;;;;;;;NEW;CURRENT;1;;;;;;;;;;;;;
urn:gs1:gdd:cl:ContainerTypeCode:UNIDENTIFIED;ContainerTypeCode;UNIDENTIFIED;Unidentified;Unidentified;Non identifié;;;;;;;;;NEW;CURRENT;1;;;;;;;;;;;;;
urn:gs1:gdd:cl:ContainerTypeCode:WHISKY_WHISKEY;ContainerTypeCode;WHISKY_WHISKEY;Whisky/Whiskey;Whisky/Whiskey;Whisky/Whisky;;;;;;;;;NEW;CURRENT;1;;;;;;;;;;;;;
urn:gs1:gdd:cl:ContainerTypeCode:WINE;ContainerTypeCode;WINE;Wine;Wine;Vin;;;;;;;;;NEW;CURRENT;1;;;;;;;;;;;;;
urn:gs1:gdd:cl:DataCarrierTypeCode;DataCarrierTypeCode;;;;;;;;;;;;;CHANGED;CURRENT;2;;;;;;;;;;;;;
urn:gs1:gdd:cl:DataCarrierTypeCode:DATA_MATRIX_GS1_DIGITAL_LINK_URI;DataCarrierTypeCode;DATA_MATRIX_GS1_DIGITAL_LINK_URI;Data Matrix with GS1 Digital Link Uniform Resource Identifier (URI);Data Matrix with GS1 Digital Link Uniform Resource Identifier (URI);Matrice de données avec identifiant uniforme de ressource (URI) de liaison numérique GS1;;;;;;;;;;NEW;CURRENT;1;;;;;;;;;;;;
urn:gs1:gdd:cl:DataCarrierTypeCode:EAN_13;DataCarrierTypeCode;EAN_13;EAN 13;EAN 13;EAN 13;;;;;;;;;CODEVALUE;Shared;;NEW;CURRENT;1;;;;;;;;;;
urn:gs1:gdd:cl:DataCarrierTypeCode:EAN_13_COMPOSITE;DataCarrierTypeCode;EAN_13_COMPOSITE;EAN 13 COMPOSITE;EAN 13 COMPOSITE;EAN 13 COMPOSITE;;;;;;;;;NEW;CURRENT;1;;;;;;;;;;;;;
urn:gs1:gdd:cl:DataCarrierTypeCode:EAN_13_WITH_FIVE_DIGIT_ADD_ON;DataCarrierTypeCode;EAN_13_WITH_FIVE_DIGIT_ADD_ON;EAN 13 WITH FIVE DIGIT ADD ON;EAN 13 WITH FIVE DIGIT ADD ON;EAN 13 AVEC AJOUT À CINQ CHIFFRES;;;;;;;;;;NEW;CURRENT;1;;;;;;;;;;;;
urn:gs1:gdd:cl:DataCarrierTypeCode:EAN_13_WITH_TWO_DIGIT_ADD_ON;DataCarrierTypeCode;EAN_13_WITH_TWO_DIGIT_ADD_ON;EAN 13 WITH TWO DIGIT ADD ON;EAN 13 WITH TWO DIGIT ADD ON;EAN 13 AVEC AJOUT À DEUX CHIFFRES;;;;;;;;;;NEW;CURRENT;1;;;;;;;;;;;;
urn:gs1:gdd:cl:DataCarrierTypeCode:EAN_8;DataCarrierTypeCode;EAN_8;EAN 8;EAN 8;EAN 8;;;;;;;;;NEW;CURRENT;1;;;;;;;;;;;;;
urn:gs1:gdd:cl:DataCarrierTypeCode:EAN_8_COMPOSITE;DataCarrierTypeCode;EAN_8_COMPOSITE;EAN 8 COMPOSITE;EAN 8 COMPOSITE;EAN 8 COMPOSITE;;;;;;;;;NEW;CURRENT;1;;;;;;;;;;;;;
urn:gs1:gdd:cl:DataCarrierTypeCode:EPC_ENABLED_RFID_TAG;DataCarrierTypeCode;EPC_ENABLED_RFID_TAG;EPC ENABLED RFID TAG;EPC ENABLED RFID TAG;ÉTIQUETTE RFID COMPATIBLE EPC;;;;;;;;;;NEW;CURRENT;2;;;;;;;;;;;;
urn:gs1:gdd:cl:DataCarrierTypeCode:GS1_128;DataCarrierTypeCode;GS1_128;GS1 128;GS1 128;GS1 128;;;;;;;;;NEW;CURRENT;1;;;;;;;;;;;;;
urn:gs1:gdd:cl:DataCarrierTypeCode:GS1_128_COMPOSITE;DataCarrierTypeCode;GS1_128_COMPOSITE;GS1 128 COMPOSITE;GS1 128 COMPOSITE;COMPOSITE GS1 128;;;;;;;;;;NEW;CURRENT;1;;;;;;;;;;;;
urn:gs1:gdd:cl:DataCarrierTypeCode:GS1_DATA_MATRIX;DataCarrierTypeCode;GS1_DATA_MATRIX;GS1 DATA MATRIX;GS1 DATA MATRIX;MATRICE DE DONNÉES GS1;;;;;;;;;NEW;CURRENT;1;;;;;;;;;;;;;
urn:gs1:gdd:cl:DataCarrierTypeCode:GS1_DATABAR_EXPANDED;DataCarrierTypeCode;GS1_DATABAR_EXPANDED;GS1 DATABAR EXPANDED;GS1 DATABAR EXPANDED;BARRE DE DONNÉES GS1 ÉTENDU;;;;;;;;;;NEW;CURRENT;1;;;;;;;;;;;;
urn:gs1:gdd:cl:DataCarrierTypeCode:GS1_DATABAR_EXPANDED_COMPOSITE;DataCarrierTypeCode;GS1_DATABAR_EXPANDED_COMPOSITE;GS1 DATABAR EXPANDED COMPOSITE;GS1 DATABAR EXPANDED COMPOSITE;BARRE DE DONNÉES GS1 COMPOSITE ÉTENDU;;;;;;;;;NEW;CURRENT;1;;;;;;;;;;;;;
urn:gs1:gdd:cl:DataCarrierTypeCode:GS1_DATABAR_EXPANDED_STACKED;DataCarrierTypeCode;GS1_DATABAR_EXPANDED_STACKED;GS1 DATABAR EXPANDED STACKED;GS1 DATABAR EXPANDED STACKED;Barre de données GS1 étendue et empilée;;;;;;;;;NEW;CURRENT;1;;;;;;;;;;;;;
urn:gs1:gdd:cl:DataCarrierTypeCode:GS1_DATABAR_EXPANDED_STACKED_COMPOSITE;DataCarrierTypeCode;GS1_DATABAR_EXPANDED_STACKED_COMPOSITE;GS1 DATABAR EXPANDED COMPOSITE;GS1 DATABAR EXPANDED COMPOSITE;BARRE DE DONNÉES GS1 COMPOSITE ÉTENDU;;;;;;;;;;NEW;CURRENT;1;;;;;;;;;;;;
urn:gs1:gdd:cl:DataCarrierTypeCode:GS1_DATABAR_LIMITED;DataCarrierTypeCode;GS1_DATABAR_LIMITED;GS1 DATABAR LIMITED;GS1 DATABAR LIMITED;GS1 DATABAR LIMITÉE;;;;;;;;;Shared;;NEW;CURRENT;1;;;;;;;;;;;
urn:gs1:gdd:cl:DataCarrierTypeCode:GS1_DATABAR_LIMITED_COMPOSITE;DataCarrierTypeCode;GS1_DATABAR_LIMITED_COMPOSITE;GS1 DATABAR LIMITED COMPOSITE;GS1 DATABAR LIMITED COMPOSITE;COMPOSITE GS1 DATABAR LIMITÉE;;;;;;;;;NEW;CURRENT;1;;;;;;;;;;;;;
urn:gs1:gdd:cl:DataCarrierTypeCode:GS1_DATABAR_OMNIDIRECTIONAL;DataCarrierTypeCode;GS1_DATABAR_OMNIDIRECTIONAL;GS1 DATABAR OMNIDIRECTIONAL;GS1 DATABAR OMNIDIRECTIONAL;Barre de données omnidirectionnelle GS1;;;;;;;;;Shared;;NEW;CURRENT;1;;;;;;;;;;;
urn:gs1:gdd:cl:DataCarrierTypeCode:GS1_DATABAR_OMNIDIRECTIONAL_COMPOSITE;DataCarrierTypeCode;GS1_DATABAR_OMNIDIRECTIONAL_COMPOSITE;GS1 DATABAR OMNIDIRECTIONAL COMPOSITE;GS1 DATABAR OMNIDIRECTIONAL COMPOSITE;COMPOSITE OMNIDIRECTIONNEL GS1 DATABAR;;;;;;;;;NEW;CURRENT;1;;;;;;;;;;;;;
urn:gs1:gdd:cl:DataCarrierTypeCode:GS1_DATABAR_STACKED;DataCarrierTypeCode;GS1_DATABAR_STACKED;GS1 DATABAR STACKED;GS1 DATABAR STACKED;Barre de données GS1 empilée;;;;;;;;;NEW;CURRENT;1;;;;;;;;;;;;;
urn:gs1:gdd:cl:DataCarrierTypeCode:GS1_DATABAR_STACKED_COMPOSITE;DataCarrierTypeCode;GS1_DATABAR_STACKED_COMPOSITE;GS1 DATABAR STACKED COMPOSITE;GS1 DATABAR STACKED COMPOSITE;BARRE DE DONNÉES GS1 COMPOSITE EMPILÉE;;;;;;;;;NEW;CURRENT;1;;;;;;;;;;;;;
urn:gs1:gdd:cl:DataCarrierTypeCode:GS1_DATABAR_STACKED_OMNIDIRECTIONAL;DataCarrierTypeCode;GS1_DATABAR_STACKED_OMNIDIRECTIONAL;GS1 DATABAR STACKED OMNIDIRECTIONAL;GS1 DATABAR STACKED OMNIDIRECTIONAL;Barre de données omnidirectionnelle empilée GS1;;;;;;;;;Shared;;NEW;CURRENT;1;;;;;;;;;;;
urn:gs1:gdd:cl:DataCarrierTypeCode:GS1_DATABAR_STACKED_OMNIDIRECTIONAL_COMPOSITE;DataCarrierTypeCode;GS1_DATABAR_STACKED_OMNIDIRECTIONAL_COMPOSITE;GS1 DATABAR STACKED OMNIDIRECTIONAL COMPOSITE;GS1 DATABAR STACKED OMNIDIRECTIONAL COMPOSITE;COMPOSITE OMNIDIRECTIONNEL EMPILÉ GS1 DATABAR;;;;;;;;;NEW;CURRENT;1;;;;;;;;;;;;;
urn:gs1:gdd:cl:DataCarrierTypeCode:GS1_DATABAR_TRUNCATED;DataCarrierTypeCode;GS1_DATABAR_TRUNCATED;GS1 DATABAR TRUNCATED;GS1 DATABAR TRUNCATED;BARRE DE DONNÉES GS1 TRONQUÉE;;;;;;;;;NEW;CURRENT;1;;;;;;;;;;;;;
urn:gs1:gdd:cl:DataCarrierTypeCode:GS1_DATABAR_TRUNCATED_COMPOSITE;DataCarrierTypeCode;GS1_DATABAR_TRUNCATED_COMPOSITE;GS1 DATABAR TRUNCATED COMPOSITE;GS1 DATABAR TRUNCATED COMPOSITE;BARRE DE DONNÉES GS1 COMPOSITE TRONQUÉE;;;;;;;;;NEW;CURRENT;1;;;;;;;;;;;;;
urn:gs1:gdd:cl:DataCarrierTypeCode:GS1_QR_CODE;DataCarrierTypeCode;GS1_QR_CODE;GS1 QR Code;GS1 QR Code;Code QR GS1;;;;;;;;;;;1;;;;;;;;;;;;;
urn:gs1:gdd:cl:DataCarrierTypeCode:ITF_14;DataCarrierTypeCode;ITF_14;ITF 14;ITF 14;ITF 14;;;;;;;;;NEW;CURRENT;1;;;;;;;;;;;;;
urn:gs1:gdd:cl:DataCarrierTypeCode:NO_BARCODE;DataCarrierTypeCode;NO_BARCODE;No data carrier;No data carrier;Aucun support de données;;;;;;;;;NEW;CURRENT;2;;;;;;;;;;;;;
urn:gs1:gdd:cl:DataCarrierTypeCode:QR_CODE_GS1_DIGITAL_LINK_URI;DataCarrierTypeCode;QR_CODE_GS1_DIGITAL_LINK_URI;QR Code with GS1 Digital Link Uniform Resource Identifier (URI);QR Code with GS1 Digital Link Uniform Resource Identifier (URI);Code QR avec GS1 Digital Link Uniform Resource Identifier (URI);;;;;;;;;NEW;CURRENT;1;;;;;;;;;;;;;
urn:gs1:gdd:cl:DataCarrierTypeCode:RFID_EPC_TAG;DataCarrierTypeCode;RFID_EPC_TAG;RFID EPC TAG;RFID EPC TAG;ÉTIQUETTE RFID EPC;;;;;;;;;NEW;CURRENT;1;;;;;;;;;;;;;
urn:gs1:gdd:cl:DataCarrierTypeCode:UPC_A;DataCarrierTypeCode;UPC_A;UPC A;UPC A;Code UPC A;;;;;;;;;CODEVALUE;Shared;;NEW;CURRENT;1;;;;;;;;;;
urn:gs1:gdd:cl:DataCarrierTypeCode:UPC_A_COMPOSITE;DataCarrierTypeCode;UPC_A_COMPOSITE;UPC A COMPOSITE;UPC A COMPOSITE;UPC A COMPOSITE;;;;;;;;;;NEW;CURRENT;1;;;;;;;;;;;;
urn:gs1:gdd:cl:DataCarrierTypeCode:UPC_A_WITH_FIVE_DIGIT_ADD_ON;DataCarrierTypeCode;UPC_A_WITH_FIVE_DIGIT_ADD_ON;UPC A WITH FIVE DIGIT ADD ON;UPC A WITH FIVE DIGIT ADD ON;UPC A AVEC CINQ CHIFFRES SUPPLÉMENTAIRES;;;;;;;;;;NEW;CURRENT;1;;;;;;;;;;;;
urn:gs1:gdd:cl:DataCarrierTypeCode:UPC_A_WITH_TWO_DIGIT_ADD_ON;DataCarrierTypeCode;UPC_A_WITH_TWO_DIGIT_ADD_ON;UPC A WITH TWO DIGIT ADD ON;UPC A WITH TWO DIGIT ADD ON;UPC A AVEC ADDITION À DEUX CHIFFRES;;;;;;;;;;NEW;CURRENT;1;;;;;;;;;;;;
urn:gs1:gdd:cl:DataCarrierTypeCode:UPC_E;DataCarrierTypeCode;UPC_E;UPC E;UPC E;Code UPC E;;;;;;;;;NEW;CURRENT;1;;;;;;;;;;;;;
urn:gs1:gdd:cl:DataCarrierTypeCode:UPC_E_COMPOSITE;DataCarrierTypeCode;UPC_E_COMPOSITE;UPC E Composite;UPC E Composite;UPC E Composite;;;;;;;;;NEW;CURRENT;1;;;;;;;;;;;;;
urn:gs1:gdd:cl:DataCarrierTypeCode:UPC_E_FIVE_DIGIT_ADD_ON;DataCarrierTypeCode;UPC_E_FIVE_DIGIT_ADD_ON;UPC E FIVE DIGIT ADD ON;UPC E FIVE DIGIT ADD ON;ADDITION À CINQ CHIFFRES UPC E;;;;;;;;;;NEW;CURRENT;1;;;;;;;;;;;;
urn:gs1:gdd:cl:DataCarrierTypeCode:UPC_E_WITH_TWO_DIGIT_ADD_ON;DataCarrierTypeCode;UPC_E_WITH_TWO_DIGIT_ADD_ON;UPC E WITH TWO DIGIT ADD ON;UPC E WITH TWO DIGIT ADD ON;UPC E AVEC AJOUT À DEUX CHIFFRES;;;;;;;;;;NEW;CURRENT;1;;;;;;;;;;;;
urn:gs1:gdd:cl:FeedTypeCode;FeedTypeCode;;;;;;;;;;;;; compressed and pelleted feeds; oils and mixed rations; and sprouted grains and legumes.;CODELIST;GDSN;;NEW;CURRENT;1;;;;;;;
urn:gs1:gdd:cl:FeedTypeCode:COMPLEMENTARY;FeedTypeCode;COMPLEMENTARY;Complementary;Complementary;Complémentaire;;;;;;;;;GDSN;;NEW;CURRENT;1;;;;;;;;;;;
urn:gs1:gdd:cl:FeedTypeCode:COMPLETE;FeedTypeCode;COMPLETE;Complete;Complete;Complet;;;;;;;;;GDSN;;NEW;CURRENT;1;;;;;;;;;;;
urn:gs1:gdd:cl:FeedTypeCode:COMPOUND;FeedTypeCode;COMPOUND;Compound;Compound;Composé;;;;;;;;;GDSN;;NEW;CURRENT;1;;;;;;;;;;;
urn:gs1:gdd:cl:FeedTypeCode:FEED_INTENDED_FOR_PARTICULAR_NUTRITIONAL_PURPOSES;FeedTypeCode;FEED_INTENDED_FOR_PARTICULAR_NUTRITIONAL_PURPOSES;Feed Intended For Particular Nutritional Purposes;Feed Intended For Particular Nutritional Purposes;Aliments destinés à des fins nutritionnelles particulières;;;;;;;;;;NEW;CURRENT;1;;;;;;;;;;;;
urn:gs1:gdd:cl:FeedTypeCode:FEED_MATERIALS;FeedTypeCode;FEED_MATERIALS;Feed Materials;Feed Materials;Matières premières pour aliments des animaux;;;;;;;;; and products derived from the industrial processing thereof; and organic or inorganic substances; whether or not containing feed additives; which are intended for use in oral animal-feeding either directly as such; or after processing; or in the preparation of compound feed; or as carrier of premixtures.;CODEVALUE;GDSN;;NEW;CURRENT;1;;;
urn:gs1:gdd:cl:FeedTypeCode:MILK_REPLACER;FeedTypeCode;MILK_REPLACER;Milk Replacer;Milk Replacer;substitut de lait;;;;;;;;;GDSN;;NEW;CURRENT;1;;;;;;;;;;;
urn:gs1:gdd:cl:FeedTypeCode:MINERAL;FeedTypeCode;MINERAL;Mineral;Mineral;Minéral;;;;;;;;;NEW;CURRENT;1;;;;;;;;;;;;;
urn:gs1:gdd:cl:HandlingInstructionsCode_GDSN;HandlingInstructionsCode_GDSN;;;;;;;;;;;;;NEW;CURRENT;1;;;;;;;;;;;;;
urn:gs1:gdd:cl:HandlingInstructionsCode_GDSN:1;HandlingInstructionsCode_GDSN;1;Heat Sensitive;Heat Sensitive;Sensible à la chaleur;;;;;;;;;NEW;CURRENT;1;;;;;;;;;;;;;
urn:gs1:gdd:cl:HandlingInstructionsCode_GDSN:11;HandlingInstructionsCode_GDSN;11;Refrigeration Required;Refrigeration Required;Réfrigération requise;;;;;;;;;NEW;CURRENT;1;;;;;;;;;;;;;
urn:gs1:gdd:cl:HandlingInstructionsCode_GDSN:12;HandlingInstructionsCode_GDSN;12;Refrigeration Not Required;Refrigeration Not Required;Réfrigération non requise;;;;;;;;;NEW;CURRENT;1;;;;;;;;;;;;;
urn:gs1:gdd:cl:HandlingInstructionsCode_GDSN:2;HandlingInstructionsCode_GDSN;2;Store in Dry Environment;Store in Dry Environment;Conserver dans un environnement sec;;;;;;;;;NEW;CURRENT;1;;;;;;;;;;;;;
urn:gs1:gdd:cl:HandlingInstructionsCode_GDSN:3;HandlingInstructionsCode_GDSN;3;Stacked;Stacked;Empilé;;;;;;;;;;NEW;CURRENT;1;;;;;;;;;;;;
urn:gs1:gdd:cl:HandlingInstructionsCode_GDSN:AVI;HandlingInstructionsCode_GDSN;AVI;Live Animal;Live Animal;Animal vivant;;;;;;;;;NEW;CURRENT;1;;;;;;;;;;;;;
urn:gs1:gdd:cl:HandlingInstructionsCode_GDSN:BAT;HandlingInstructionsCode_GDSN;BAT;Batch Number;Batch Number;Numéro de lot;;;;;;;;;NEW;CURRENT;1;;;;;;;;;;;;;
urn:gs1:gdd:cl:HandlingInstructionsCode_GDSN:BIG;HandlingInstructionsCode_GDSN;BIG;Outsized;Outsized;Énorme;;;;;;;;;NEW;CURRENT;1;;;;;;;;;;;;;
urn:gs1:gdd:cl:HandlingInstructionsCode_GDSN:CCC;HandlingInstructionsCode_GDSN;CCC;Keep the Container Carefully Closed;Keep the Container Carefully Closed;Gardez le récipient soigneusement fermé;;;;;;;;;;NEW;CURRENT;1;;;;;;;;;;;;
urn:gs1:gdd:cl:HandlingInstructionsCode_GDSN:CLP;HandlingInstructionsCode_GDSN;CLP;Use Clamp Lift;Use Clamp Lift;Utiliser la pince de levage;;;;;;;;;;NEW;CURRENT;1;;;;;;;;;;;;
urn:gs1:gdd:cl:HandlingInstructionsCode_GDSN:CRU;HandlingInstructionsCode_GDSN;CRU;Crushable;Crushable;Écrasable;;;;;;;;;NEW;CURRENT;1;;;;;;;;;;;;;
urn:gs1:gdd:cl:HandlingInstructionsCode_GDSN:CYT;HandlingInstructionsCode_GDSN;CYT;Cytotoxic Do Not Touch, Swallow or Breathe.;Cytotoxic Do Not Touch, Swallow or Breathe.;;;;;;;;;;CODEVALUE;GDSN;;NEW;CURRENT;1;;;;;;;;;;
urn:gs1:gdd:cl:HandlingInstructionsCode_GDSN:DAE;HandlingInstructionsCode_GDSN;DAE;Dangerous Article;Dangerous Article;Article dangereux;;;;;;;;;NEW;CURRENT;1;;;;;;;;;;;;;
urn:gs1:gdd:cl:HandlingInstructionsCode_GDSN:DCE;HandlingInstructionsCode_GDSN;DCE;Delivery Via Distribution Centre;Delivery Via Distribution Centre;Livraison via le centre de distribution;;;;;;;;;NEW;CURRENT;1;;;;;;;;;;;;;
urn:gs1:gdd:cl:HandlingInstructionsCode_GDSN:DDE;HandlingInstructionsCode_GDSN;DDE;Direct Delivery;Direct Delivery;Livraison directe;;;;;;;;;NEW;CURRENT;1;;;;;;;;;;;;;
urn:gs1:gdd:cl:HandlingInstructionsCode_GDSN:DEA;HandlingInstructionsCode_GDSN;DEA;Do Not Store in Air;Do Not Store in Air;Ne pas conserver à l'air libre;;;;;;;;;NEW;CURRENT;1;;;;;;;;;;;;;
urn:gs1:gdd:cl:HandlingInstructionsCode_GDSN:DES;HandlingInstructionsCode_GDSN;DES;Destroy;Destroy;Détruire;;;;;;;;;NEW;CURRENT;1;;;;;;;;;;;;;
urn:gs1:gdd:cl:HandlingInstructionsCode_GDSN:DNC;HandlingInstructionsCode_GDSN;DNC;Do Not Close With Cork;Do Not Close With Cork;Ne pas fermer avec du liège;;;;;;;;;;NEW;CURRENT;1;;;;;;;;;;;;
urn:gs1:gdd:cl:HandlingInstructionsCode_GDSN:DND;HandlingInstructionsCode_GDSN;DND;Do Not Drill or Burn Even After Use;Do Not Drill or Burn Even After Use;Ne pas percer ni brûler même après utilisation;;;;;;;;;NEW;CURRENT;1;;;;;;;;;;;;;
urn:gs1:gdd:cl:HandlingInstructionsCode_GDSN:DNE;HandlingInstructionsCode_GDSN;DNE;Do not Re-sterilize;Do not Re-sterilize;Ne pas restériliser;;;;;;;;;;NEW;CURRENT;1;;;;;;;;;;;;
urn:gs1:gdd:cl:HandlingInstructionsCode_GDSN:DNF;HandlingInstructionsCode_GDSN;DNF;Do Not Freeze;Do Not Freeze;Ne pas congeler;;;;;;;;;NEW;CURRENT;1;;;;;;;;;;;;;
urn:gs1:gdd:cl:HandlingInstructionsCode_GDSN:DNO;HandlingInstructionsCode_GDSN;DNO;Do Not Fold;Do Not Fold;Ne pas plier;;;;;;;;;NEW;CURRENT;1;;;;;;;;;;;;;
urn:gs1:gdd:cl:HandlingInstructionsCode_GDSN:DNR;HandlingInstructionsCode_GDSN;DNR;Do Not Refreeze;Do Not Refreeze;Ne pas recongeler;;;;;;;;;NEW;CURRENT;1;;;;;;;;;;;;;
urn:gs1:gdd:cl:HandlingInstructionsCode_GDSN:DNS;HandlingInstructionsCode_GDSN;DNS;Do Not Shake;Do Not Shake;Ne pas secouer;;;;;;;;;NEW;CURRENT;1;;;;;;;;;;;;;
urn:gs1:gdd:cl:HandlingInstructionsCode_GDSN:DNU;HandlingInstructionsCode_GDSN;DNU;Do Not Use if the Solution is Cloudy;Do Not Use if the Solution is Cloudy;Ne pas utiliser si la solution est trouble;;;;;;;;;NEW;CURRENT;1;;;;;;;;;;;;;
urn:gs1:gdd:cl:HandlingInstructionsCode_GDSN:DSS;HandlingInstructionsCode_GDSN;DSS;Do Not Store With the Sachet Open;Do Not Store With the Sachet Open;Ne pas conserver avec le sachet ouvert;;;;;;;;;NEW;CURRENT;1;;;;;;;;;;;;;
urn:gs1:gdd:cl:HandlingInstructionsCode_GDSN:EAT;HandlingInstructionsCode_GDSN;EAT;Foodstuffs;Foodstuffs;Denrées alimentaires;;;;;;;;;NEW;CURRENT;1;;;;;;;;;;;;;
urn:gs1:gdd:cl:HandlingInstructionsCode_GDSN:EL;HandlingInstructionsCode_GDSN;EL;Environmental Control Limits;Environmental Control Limits;Limites de contrôle environnemental;;;;;;;;;NEW;CURRENT;1;;;;;;;;;;;;;
urn:gs1:gdd:cl:HandlingInstructionsCode_GDSN:ENANO;HandlingInstructionsCode_GDSN;ENANO;Packaging Material Contains Engineered Nano Particles;Packaging Material Contains Engineered Nano Particles;Le matériau d'emballage contient des nanoparticules artificielles;;;;;;;;;NEW;CURRENT;1;;;;;;;;;;;;;
urn:gs1:gdd:cl:HandlingInstructionsCode_GDSN:ETH_A;HandlingInstructionsCode_GDSN;ETH_A;Absorbs Ethylene;Absorbs Ethylene;Absorbe l'éthylène;;;;;;;;;NEW;CURRENT;1;;;;;;;;;;;;;
urn:gs1:gdd:cl:HandlingInstructionsCode_GDSN:ETH_E;HandlingInstructionsCode_GDSN;ETH_E;Emits Ethylene;Emits Ethylene;Émet de l'éthylène;;;;;;;;;NEW;CURRENT;1;;;;;;;;;;;;;
urn:gs1:gdd:cl:HandlingInstructionsCode_GDSN:ETH_N;HandlingInstructionsCode_GDSN;ETH_N;Ethylene Neutral;Ethylene Neutral;Éthylène neutre;;;;;;;;;NEW;CURRENT;1;;;;;;;;;;;;;
urn:gs1:gdd:cl:HandlingInstructionsCode_GDSN:ETH_P;HandlingInstructionsCode_GDSN;ETH_P;Produces Ethylene;Produces Ethylene;Produit de l'éthylène;;;;;;;;;NEW;CURRENT;1;;;;;;;;;;;;;
urn:gs1:gdd:cl:HandlingInstructionsCode_GDSN:ETH_S;HandlingInstructionsCode_GDSN;ETH_S;Ethylene Sensitive;Ethylene Sensitive;Sensible à l'éthylène;;;;;;;;;NEW;CURRENT;1;;;;;;;;;;;;;
urn:gs1:gdd:cl:HandlingInstructionsCode_GDSN:FAC;HandlingInstructionsCode_GDSN;FAC;Factory package;Factory package;Emballage d'usine;;;;;;;;;NEW;CURRENT;1;;;;;;;;;;;;;
urn:gs1:gdd:cl:HandlingInstructionsCode_GDSN:FCC;HandlingInstructionsCode_GDSN;FCC;Freezing Under Certain Conditions;Freezing Under Certain Conditions;Gel sous certaines conditions;;;;;;;;;NEW;CURRENT;1;;;;;;;;;;;;;
urn:gs1:gdd:cl:HandlingInstructionsCode_GDSN:FL;HandlingInstructionsCode_GDSN;FL;Flammable;Flammable;Inflammable;;;;;;;;;NEW;CURRENT;1;;;;;;;;;;;;;
urn:gs1:gdd:cl:HandlingInstructionsCode_GDSN:FPC;HandlingInstructionsCode_GDSN;FPC;Store in freezer;Store in freezer;Conserver au congélateur;;;;;;;;;NEW;CURRENT;1;;;;;;;;;;;;;
urn:gs1:gdd:cl:HandlingInstructionsCode_GDSN:FRL;HandlingInstructionsCode_GDSN;FRL;Unloading Equipment - Forklift;Unloading Equipment - Forklift;Équipement de déchargement - Chariot élévateur;;;;;;;;;GDSN;;NEW;CURRENT;1;;;;;;;;;;;
urn:gs1:gdd:cl:HandlingInstructionsCode_GDSN:FRO;HandlingInstructionsCode_GDSN;FRO;Frozen Product;Frozen Product;Produit surgelé;;;;;;;;;NEW;CURRENT;1;;;;;;;;;;;;;
urn:gs1:gdd:cl:HandlingInstructionsCode_GDSN:FTD;HandlingInstructionsCode_GDSN;FTD;Frost Danger;Frost Danger;Risque de gel;;;;;;;;;NEW;CURRENT;1;;;;;;;;;;;;;
urn:gs1:gdd:cl:HandlingInstructionsCode_GDSN:HAZ_D;HandlingInstructionsCode_GDSN;HAZ_D;Hazardous during Disposal;Hazardous during Disposal;Dangereux lors de l'élimination;;;;;;;;;NEW;CURRENT;1;;;;;;;;;;;;;
urn:gs1:gdd:cl:HandlingInstructionsCode_GDSN:HAZ_H;HandlingInstructionsCode_GDSN;HAZ_H;Hazardous during Handling;Hazardous during Handling;Dangereux lors de la manipulation;;;;;;;;;NEW;CURRENT;1;;;;;;;;;;;;;
urn:gs1:gdd:cl:HandlingInstructionsCode_GDSN:HAZ_S;HandlingInstructionsCode_GDSN;HAZ_S;Hazardous during Storage;Hazardous during Storage;Dangereux pendant le stockage;;;;;;;;;NEW;CURRENT;1;;;;;;;;;;;;;
urn:gs1:gdd:cl:HandlingInstructionsCode_GDSN:HAZ_T;HandlingInstructionsCode_GDSN;HAZ_T;Hazardous during Transport;Hazardous during Transport;Dangereux pendant le transport;;;;;;;;;NEW;CURRENT;1;;;;;;;;;;;;;
urn:gs1:gdd:cl:HandlingInstructionsCode_GDSN:HEA;HandlingInstructionsCode_GDSN;HEA;Heavy Cargo 150 kg and Over Per Piece;Heavy Cargo 150 kg and Over Per Piece;Marchandises lourdes de 150 kg et plus par pièce;;;;;;;;;NEW;CURRENT;1;;;;;;;;;;;;;
urn:gs1:gdd:cl:HandlingInstructionsCode_GDSN:HGA;HandlingInstructionsCode_GDSN;HGA;Hanging Garment;Hanging Garment;vêtement suspendu;;;;;;;;;NEW;CURRENT;1;;;;;;;;;;;;;
urn:gs1:gdd:cl:HandlingInstructionsCode_GDSN:HM;HandlingInstructionsCode_GDSN;HM;Endorsed as Hazardous Material;Endorsed as Hazardous Material;Approuvé comme matière dangereuse;;;;;;;;;NEW;CURRENT;1;;;;;;;;;;;;;
urn:gs1:gdd:cl:HandlingInstructionsCode_GDSN:HWC;HandlingInstructionsCode_GDSN;HWC;Handle With Care;Handle With Care;Manipuler avec précaution;;;;;;;;;NEW;CURRENT;1;;;;;;;;;;;;;
urn:gs1:gdd:cl:HandlingInstructionsCode_GDSN:IC;HandlingInstructionsCode_GDSN;IC;Transport on Ice.;Transport on Ice.;Transport sur glace.;;;;;;;;;NEW;CURRENT;1;;;;;;;;;;;;;
urn:gs1:gdd:cl:HandlingInstructionsCode_GDSN:IU;HandlingInstructionsCode_GDSN;IU;For Immediate Use;For Immediate Use;Pour une utilisation immédiate;;;;;;;;;NEW;CURRENT;1;;;;;;;;;;;;;
urn:gs1:gdd:cl:HandlingInstructionsCode_GDSN:KFC;HandlingInstructionsCode_GDSN;KFC;Place the Flask in its Original Case After Use;Place the Flask in its Original Case After Use;Remettre le flacon dans son étui d'origine après utilisation;;;;;;;;;;NEW;CURRENT;1;;;;;;;;;;;;
urn:gs1:gdd:cl:HandlingInstructionsCode_GDSN:LAB;HandlingInstructionsCode_GDSN;LAB;Label;Label;Étiquette;;;;;;;;;NEW;CURRENT;1;;;;;;;;;;;;;
urn:gs1:gdd:cl:HandlingInstructionsCode_GDSN:LBL;HandlingInstructionsCode_GDSN;LBL;Apply a GS1 Serial Shipping Container Label to the Shipping Containers;Apply a GS1 Serial Shipping Container Label to the Shipping Containers;Appliquer une étiquette de conteneur d'expédition série GS1 sur les conteneurs d'expédition;;;;;;;;;NEW;CURRENT;1;;;;;;;;;;;;;
urn:gs1:gdd:cl:HandlingInstructionsCode_GDSN:LIQ;HandlingInstructionsCode_GDSN;LIQ;Trade Item Contains Liquid;Trade Item Contains Liquid;L'article commercial contient du liquide;;;;;;;;;NEW;CURRENT;1;;;;;;;;;;;;;
urn:gs1:gdd:cl:HandlingInstructionsCode_GDSN:LYG;HandlingInstructionsCode_GDSN;LYG;Lying;Lying;Couché;;;;;;;;;NEW;CURRENT;1;;;;;;;;;;;;;
urn:gs1:gdd:cl:HandlingInstructionsCode_GDSN:MF;HandlingInstructionsCode_GDSN;MF;Multiple Facings;Multiple Facings;Faces multiples;;;;;;;;;NEW;CURRENT;1;;;;;;;;;;;;;
urn:gs1:gdd:cl:HandlingInstructionsCode_GDSN:MOV;HandlingInstructionsCode_GDSN;MOV;Move;Move;Se déplacer;;;;;;;;;NEW;CURRENT;1;;;;;;;;;;;;;
urn:gs1:gdd:cl:HandlingInstructionsCode_GDSN:MP;HandlingInstructionsCode_GDSN;MP;Potential Marine Pollutant;Potential Marine Pollutant;Polluant marin potentiel;;;;;;;;;NEW;CURRENT;1;;;;;;;;;;;;;
urn:gs1:gdd:cl:HandlingInstructionsCode_GDSN:NES;HandlingInstructionsCode_GDSN;NES;Nestable;Nestable;Emboîtable;;;;;;;;;GDSN;;NEW;CURRENT;1;;;;;;;;;;;
urn:gs1:gdd:cl:HandlingInstructionsCode_GDSN:NSD;HandlingInstructionsCode_GDSN;NSD;Nesting Depth;Nesting Depth;Profondeur d'imbrication;;;;;;;;;;NEW;CURRENT;1;;;;;;;;;;;;
urn:gs1:gdd:cl:HandlingInstructionsCode_GDSN:NSH;HandlingInstructionsCode_GDSN;NSH;Nesting Height;Nesting Height;Hauteur de nidification;;;;;;;;;;NEW;CURRENT;1;;;;;;;;;;;;
urn:gs1:gdd:cl:HandlingInstructionsCode_GDSN:NSW;HandlingInstructionsCode_GDSN;NSW;Nesting Width;Nesting Width;Largeur d'imbrication;;;;;;;;;;NEW;CURRENT;1;;;;;;;;;;;;
urn:gs1:gdd:cl:HandlingInstructionsCode_GDSN:NWP;HandlingInstructionsCode_GDSN;NWP;Newspapers, magazines;Newspapers, magazines (GS1 Code);;;;;;;;;;CODEVALUE;GDSN;;NEW;CURRENT;1;;;;;;;;;;
urn:gs1:gdd:cl:HandlingInstructionsCode_GDSN:ODO_A;HandlingInstructionsCode_GDSN;ODO_A;Absorbs Odour;Absorbs Odour;Absorbe les odeurs;;;;;;;;;NEW;CURRENT;1;;;;;;;;;;;;;
urn:gs1:gdd:cl:HandlingInstructionsCode_GDSN:ODO_E;HandlingInstructionsCode_GDSN;ODO_E;Emits Odour;Emits Odour;Émet une odeur;;;;;;;;;NEW;CURRENT;1;;;;;;;;;;;;;
urn:gs1:gdd:cl:HandlingInstructionsCode_GDSN:ODO_N;HandlingInstructionsCode_GDSN;ODO_N;Odour Neutral;Odour Neutral;Odeur neutre;;;;;;;;;NEW;CURRENT;1;;;;;;;;;;;;;
urn:gs1:gdd:cl:HandlingInstructionsCode_GDSN:OHG;HandlingInstructionsCode_GDSN;OHG;Overhang item;Overhang item;Article en surplomb;;;;;;;;;NEW;CURRENT;1;;;;;;;;;;;;;
urn:gs1:gdd:cl:HandlingInstructionsCode_GDSN:OSB;HandlingInstructionsCode_GDSN;OSB;Stow Below Deck;Stow Below Deck;Ranger sous le pont;;;;;;;;;NEW;CURRENT;1;;;;;;;;;;;;;
urn:gs1:gdd:cl:HandlingInstructionsCode_GDSN:OTC;HandlingInstructionsCode_GDSN;OTC;Temperature Control;Temperature Control;Contrôle de la température;;;;;;;;;CHANGED;CURRENT;2;;;;;;;;;;;;;
urn:gs1:gdd:cl:HandlingInstructionsCode_GDSN:PACE;HandlingInstructionsCode_GDSN;PACE;Pack;Pack;Paquet;;;;;;;;;NEW;CURRENT;1;;;;;;;;;;;;;
urn:gs1:gdd:cl:HandlingInstructionsCode_GDSN:PCB;HandlingInstructionsCode_GDSN;PCB;Put the Cap Back on Carefully After Use;Put the Cap Back on Carefully After Use;Remettez soigneusement le bouchon après utilisation;;;;;;;;;NEW;CURRENT;1;;;;;;;;;;;;;
urn:gs1:gdd:cl:HandlingInstructionsCode_GDSN:PER;HandlingInstructionsCode_GDSN;PER;Perishable Cargo;Perishable Cargo;marchandises périssables;;;;;;;;;NEW;CURRENT;1;;;;;;;;;;;;;
urn:gs1:gdd:cl:HandlingInstructionsCode_GDSN:PFH;HandlingInstructionsCode_GDSN;PFH;Protect From Heat;Protect From Heat;Protéger de la chaleur;;;;;;;;;NEW;CURRENT;1;;;;;;;;;;;;;
urn:gs1:gdd:cl:HandlingInstructionsCode_GDSN:PFS;HandlingInstructionsCode_GDSN;PFS;Prepare for Shipment;Prepare for Shipment;Préparation à l'expédition;;;;;;;;;NEW;CURRENT;1;;;;;;;;;;;;;
urn:gs1:gdd:cl:HandlingInstructionsCode_GDSN:PG;HandlingInstructionsCode_GDSN;PG;Poisonous Gas;Poisonous Gas;Gaz toxique;;;;;;;;;NEW;CURRENT;1;;;;;;;;;;;;;
urn:gs1:gdd:cl:HandlingInstructionsCode_GDSN:PHR;HandlingInstructionsCode_GDSN;PHR;Per Hour Rate Applies;Per Hour Rate Applies;Un tarif horaire s'applique;;;;;;;;;NEW;CURRENT;1;;;;;;;;;;;;;
urn:gs1:gdd:cl:HandlingInstructionsCode_GDSN:PI;HandlingInstructionsCode_GDSN;PI;Poisonous by Inhalation;Poisonous by Inhalation;Toxique par inhalation;;;;;;;;;NEW;CURRENT;1;;;;;;;;;;;;;
urn:gs1:gdd:cl:HandlingInstructionsCode_GDSN:PIC;HandlingInstructionsCode_GDSN;PIC;Pick;Pick;Prendre;;;;;;;;;NEW;CURRENT;1;;;;;;;;;;;;;
urn:gs1:gdd:cl:HandlingInstructionsCode_GDSN:PKS;HandlingInstructionsCode_GDSN;PKS;Pick in Sequence;Pick in Sequence;Choisir en séquence;;;;;;;;;NEW;CURRENT;1;;;;;;;;;;;;;
urn:gs1:gdd:cl:HandlingInstructionsCode_GDSN:PRS;HandlingInstructionsCode_GDSN;PRS;The Solution Must be Prepared Immediately Before Use;The Solution Must be Prepared Immediately Before Use;La solution doit être préparée immédiatement avant utilisation;;;;;;;;;NEW;CURRENT;1;;;;;;;;;;;;;
urn:gs1:gdd:cl:HandlingInstructionsCode_GDSN:PSC;HandlingInstructionsCode_GDSN;PSC;Pest Controlling;Pest Controlling;Lutte antiparasitaire;;;;;;;;;NEW;CURRENT;1;;;;;;;;;;;;;
urn:gs1:gdd:cl:HandlingInstructionsCode_GDSN:RCY;HandlingInstructionsCode_GDSN;RCY;Recyclable Packaging;Recyclable Packaging;Emballage recyclable;;;;;;;;;NEW;CURRENT;1;;;;;;;;;;;;;
urn:gs1:gdd:cl:HandlingInstructionsCode_GDSN:RES;HandlingInstructionsCode_GDSN;RES;Reserve;Reserve;Réserve;;;;;;;;;NEW;CURRENT;1;;;;;;;;;;;;;
urn:gs1:gdd:cl:HandlingInstructionsCode_GDSN:RFG;HandlingInstructionsCode_GDSN;RFG;Flammable Compressed Gas;Flammable Compressed Gas;Gaz comprimé inflammable;;;;;;;;;NEW;CURRENT;1;;;;;;;;;;;;;
urn:gs1:gdd:cl:HandlingInstructionsCode_GDSN:RFL;HandlingInstructionsCode_GDSN;RFL;Flammable Liquid;Flammable Liquid;Liquide inflammable;;;;;;;;;NEW;CURRENT;1;;;;;;;;;;;;;
urn:gs1:gdd:cl:HandlingInstructionsCode_GDSN:RFS;HandlingInstructionsCode_GDSN;RFS;Flammable Solid;Flammable Solid;Solide inflammable;;;;;;;;;NEW;CURRENT;1;;;;;;;;;;;;;
urn:gs1:gdd:cl:HandlingInstructionsCode_GDSN:RPB;HandlingInstructionsCode_GDSN;RPB;Poison;Poison;Poison;;;;;;;;;NEW;CURRENT;1;;;;;;;;;;;;;
urn:gs1:gdd:cl:HandlingInstructionsCode_GDSN:SAC;HandlingInstructionsCode_GDSN;SAC;Store Away From Cold;Store Away From Cold;Conserver à l'abri du froid;;;;;;;;;NEW;CURRENT;1;;;;;;;;;;;;;
urn:gs1:gdd:cl:HandlingInstructionsCode_GDSN:SAN;HandlingInstructionsCode_GDSN;SAN;Sandwich Pallet Allowed;Sandwich Pallet Allowed;Palette sandwich autorisée;;;;;;;;;NEW;CURRENT;1;;;;;;;;;;;;;
urn:gs1:gdd:cl:HandlingInstructionsCode_GDSN:SCB;HandlingInstructionsCode_GDSN;SCB;Ships to Consumer in Bag;Ships to Consumer in Bag;Expédié au consommateur dans un sac;;;;;;;;;NEW;CURRENT;1;;;;;;;;;;;;;
urn:gs1:gdd:cl:HandlingInstructionsCode_GDSN:SER;HandlingInstructionsCode_GDSN;SER;Serial Number;Serial Number;Numéro de série;;;;;;;;;NEW;CURRENT;1;;;;;;;;;;;;;
urn:gs1:gdd:cl:HandlingInstructionsCode_GDSN:SGU;HandlingInstructionsCode_GDSN;SGU;Storage General Use;Storage General Use;Stockage Usage général;;;;;;;;;NEW;CURRENT;1;;;;;;;;;;;;;
urn:gs1:gdd:cl:HandlingInstructionsCode_GDSN:SHP;HandlingInstructionsCode_GDSN;SHP;Trade Item Shippable Package;Trade Item Shippable Package;Colis expédiable pour articles commerciaux;;;;;;;;;NEW;CURRENT;1;;;;;;;;;;;;;
urn:gs1:gdd:cl:HandlingInstructionsCode_GDSN:SID;HandlingInstructionsCode_GDSN;SID;Store in the Daylight;Store in the Daylight;Conserver à la lumière du jour;;;;;;;;;NEW;CURRENT;1;;;;;;;;;;;;;
urn:gs1:gdd:cl:HandlingInstructionsCode_GDSN:SLT;HandlingInstructionsCode_GDSN;SLT;Sensitive to Light;Sensitive to Light;Sensible à la lumière;;;;;;;;;NEW;CURRENT;1;;;;;;;;;;;;;
urn:gs1:gdd:cl:HandlingInstructionsCode_GDSN:SNM;HandlingInstructionsCode_GDSN;SNM;Transmit a Ship Notice/Manifest Transaction Set;Transmit a Ship Notice/Manifest Transaction Set;Transmettre un ensemble de transactions d'avis/manifeste d'expédition;;;;;;;;;NEW;CURRENT;1;;;;;;;;;;;;;
urn:gs1:gdd:cl:HandlingInstructionsCode_GDSN:SOP;HandlingInstructionsCode_GDSN;SOP;Store in Original Packaging;Store in Original Packaging;Conserver dans l'emballage d'origine;;;;;;;;;NEW;CURRENT;1;;;;;;;;;;;;;
urn:gs1:gdd:cl:HandlingInstructionsCode_GDSN:SRT;HandlingInstructionsCode_GDSN;SRT;Store at Room Temperature;Store at Room Temperature;Conserver à température ambiante;;;;;;;;;NEW;CURRENT;1;;;;;;;;;;;;;
urn:gs1:gdd:cl:HandlingInstructionsCode_GDSN:SSN;HandlingInstructionsCode_GDSN;SSN;Smell Sensitive;Smell Sensitive;Sensible aux odeurs;;;;;;;;;NEW;CURRENT;1;;;;;;;;;;;;;
urn:gs1:gdd:cl:HandlingInstructionsCode_GDSN:STR;HandlingInstructionsCode_GDSN;STR;Stacking Restricted;Stacking Restricted;Empilement restreint;;;;;;;;;NEW;CURRENT;1;;;;;;;;;;;;;
urn:gs1:gdd:cl:HandlingInstructionsCode_GDSN:SW;HandlingInstructionsCode_GDSN;SW;Stretch Wrap;Stretch Wrap;Film étirable;;;;;;;;;NEW;CURRENT;1;;;;;;;;;;;;;
urn:gs1:gdd:cl:HandlingInstructionsCode_GDSN:TRD;HandlingInstructionsCode_GDSN;TRD;Transit or Cross Docking Delivery;Transit or Cross Docking Delivery;Livraison en transit ou en cross-docking;;;;;;;;;NEW;CURRENT;1;;;;;;;;;;;;;
urn:gs1:gdd:cl:HandlingInstructionsCode_GDSN:UI;HandlingInstructionsCode_GDSN;UI;Unitised;Unitised;Unitisé;;;;;;;;;NEW;CURRENT;1;;;;;;;;;;;;;
urn:gs1:gdd:cl:HandlingInstructionsCode_GDSN:UIS;HandlingInstructionsCode_GDSN;UIS;Use Only After Mixing With an Isotonic Solution;Use Only After Mixing With an Isotonic Solution;Utiliser uniquement après mélange avec une solution isotonique;;;;;;;;;;NEW;CURRENT;1;;;;;;;;;;;;
urn:gs1:gdd:cl:HandlingInstructionsCode_GDSN:UNP;HandlingInstructionsCode_GDSN;UNP;Unpack;Unpack;Déballer;;;;;;;;;NEW;CURRENT;1;;;;;;;;;;;;;
urn:gs1:gdd:cl:HandlingInstructionsCode_GDSN:UPR;HandlingInstructionsCode_GDSN;UPR;Upright/standing;Upright/standing;Debout;;;;;;;;;NEW;CURRENT;1;;;;;;;;;;;;;
urn:gs1:gdd:cl:HandlingInstructionsCode_GDSN:UST;HandlingInstructionsCode_GDSN;UST;Unstackable;Unstackable;Non empilable;;;;;;;;;NEW;CURRENT;1;;;;;;;;;;;;;
urn:gs1:gdd:cl:HandlingInstructionsCode_GDSN:VAL;HandlingInstructionsCode_GDSN;VAL;Valuable Cargo;Valuable Cargo;Cargaison précieuse;;;;;;;;;NEW;CURRENT;1;;;;;;;;;;;;;
urn:gs1:gdd:cl:HandlingInstructionsCode_GDSN:WNA;HandlingInstructionsCode_GDSN;WNA;Weapons Not Allowed;Weapons Not Allowed;Armes non autorisées;;;;;;;;;NEW;CURRENT;1;;;;;;;;;;;;;
urn:gs1:gdd:cl:MeasurementPrecisionCode;MeasurementPrecisionCode;;;;;;;;;;;;;CHANGED;CURRENT;2;;;;;;;;;;;;;
urn:gs1:gdd:cl:MeasurementPrecisionCode:ABOUT;MeasurementPrecisionCode;ABOUT;About;About;À propos;;;;;;;;;NEW;CURRENT;2;;;;;;;;;;;;;
urn:gs1:gdd:cl:MeasurementPrecisionCode:ABSENCE;MeasurementPrecisionCode;ABSENCE;Abcence;Abcence;Absence;;;;;;;;;NEW;CURRENT;2;;;;;;;;;;;;;
urn:gs1:gdd:cl:MeasurementPrecisionCode:APPROXIMATELY;MeasurementPrecisionCode;APPROXIMATELY;Approximately;Approximately;Environ;;;;;;;;;NEW;CURRENT;1;;;;;;;;;;;;;
urn:gs1:gdd:cl:MeasurementPrecisionCode:EXACT;MeasurementPrecisionCode;EXACT;Exact;Exact;Exact;;;;;;;;;NEW;CURRENT;1;;;;;;;;;;;;;
urn:gs1:gdd:cl:MeasurementPrecisionCode:GREATER_THAN;MeasurementPrecisionCode;GREATER_THAN;Greater Than;Greater Than;Plus grand que;;;;;;;;;NEW;CURRENT;2;;;;;;;;;;;;;
urn:gs1:gdd:cl:MeasurementPrecisionCode:GREATER_THAN_OR_EQUAL;MeasurementPrecisionCode;GREATER_THAN_OR_EQUAL;Greater Than Or Equal;Greater Than Or Equal;Supérieur ou égal;;;;;;;;;NEW;CURRENT;2;;;;;;;;;;;;;
urn:gs1:gdd:cl:MeasurementPrecisionCode:LESS_THAN;MeasurementPrecisionCode;LESS_THAN;Less Than;Less Than;Moins que;;;;;;;;;NEW;CURRENT;1;;;;;;;;;;;;;
urn:gs1:gdd:cl:MeasurementPrecisionCode:LESS_THAN_OR_EQUAL;MeasurementPrecisionCode;LESS_THAN_OR_EQUAL;Less Than Or Equal;Less Than Or Equal;Inférieur ou égal;;;;;;;;;NEW;CURRENT;2;;;;;;;;;;;;;
urn:gs1:gdd:cl:MeasurementPrecisionCode:NOT_SIGNIFICANT_SOURCE_OF;MeasurementPrecisionCode;NOT_SIGNIFICANT_SOURCE_OF;Not Significant Source of;Not Significant Source of;Source non significative de;;;;;;;;;;NEW;CURRENT;2;;;;;;;;;;;;
urn:gs1:gdd:cl:MeasurementPrecisionCode:TRACE;MeasurementPrecisionCode;TRACE;Trace;Trace;Tracer;;;;;;;;;NEW;CURRENT;2;;;;;;;;;;;;;
urn:gs1:gdd:cl:MeasurementPrecisionCode:UNDETECTABLE;MeasurementPrecisionCode;UNDETECTABLE;Undetectable;Undetectable;Indétectable;;;;;;;;;NEW;CURRENT;2;;;;;;;;;;;;;
urn:gs1:gdd:cl:MeasurementPrecisionCode:UNSPECIFIED;MeasurementPrecisionCode;UNSPECIFIED;Unspecified;Unspecified;Indéterminé;;;;;;;;;NEW;CURRENT;2;;;;;;;;;;;;;
urn:gs1:gdd:cl:MeasurementPrecisionCode:USUALLY;MeasurementPrecisionCode;USUALLY;Usually;Usually;Généralement;;;;;;;;;;NEW;CURRENT;2;;;;;;;;;;;;
urn:gs1:gdd:cl:MeasurementPrecisionCode:VARIED;MeasurementPrecisionCode;VARIED;Varied;Varied;Varié;;;;;;;;;NEW;CURRENT;2;;;;;;;;;;;;;
urn:gs1:gdd:cl:OrganicProductPlaceOfFarmingCode;OrganicProductPlaceOfFarmingCode;;;;;;;;;;;;;NEW;CURRENT;1;;;;;;;;;;;;;
urn:gs1:gdd:cl:OrganicProductPlaceOfFarmingCode:EU_AGRICULTURE;OrganicProductPlaceOfFarmingCode;EU_AGRICULTURE;EU Agriculture;EU Agriculture;Agriculture de l'UE;;;;;;;;;;NEW;CURRENT;1;;;;;;;;;;;;
urn:gs1:gdd:cl:OrganicProductPlaceOfFarmingCode:EU_OR_NON_EU_AGRICULTURE;OrganicProductPlaceOfFarmingCode;EU_OR_NON_EU_AGRICULTURE;EU or Non-EU Agriculture;EU or Non-EU Agriculture;Agriculture UE ou hors UE;;;;;;;;;;NEW;CURRENT;1;;;;;;;;;;;;
urn:gs1:gdd:cl:OrganicProductPlaceOfFarmingCode:FARMING_COUNTRY_OF_ORIGIN;OrganicProductPlaceOfFarmingCode;FARMING_COUNTRY_OF_ORIGIN;Farming Country of Origin;Farming Country of Origin;Pays d'origine de l'agriculture;;;;;;;;;NEW;CURRENT;1;;;;;;;;;;;;;
urn:gs1:gdd:cl:OrganicProductPlaceOfFarmingCode:NON_EU_AGRICULTURE;OrganicProductPlaceOfFarmingCode;NON_EU_AGRICULTURE;Non-EU Agriculture;Non-EU Agriculture;Agriculture hors UE;;;;;;;;;;NEW;CURRENT;1;;;;;;;;;;;;
urn:gs1:gdd:cl:OriginOfWineCode;OriginOfWineCode;;;;;;;;;;;;;GDSN;;NEW;CURRENT;1;;;;;;;;;;;
urn:gs1:gdd:cl:OriginOfWineCode:AR_ACONCAGUA COSTA;OriginOfWineCode;AR_ACONCAGUA COSTA;Argentina - Aconcagua Costa;Argentina - Aconcagua Costa;Argentine - Aconcagua Costa;;;;;;;;;NEW;CURRENT;1;;;;;;;;;;;;;
urn:gs1:gdd:cl:OriginOfWineCode:AR_ACONCAGUA VALLEY;OriginOfWineCode;AR_ACONCAGUA VALLEY;Argentina - Aconcagua Valley;Argentina - Aconcagua Valley;Argentine - Vallée de l'Aconcagua;;;;;;;;;NEW;CURRENT;1;;;;;;;;;;;;;
urn:gs1:gdd:cl:OriginOfWineCode:AR_MENDOZA;OriginOfWineCode;AR_MENDOZA;Argentina - Mendoza;Argentina - Mendoza;Argentine - Mendoza;;;;;;;;;NEW;CURRENT;1;;;;;;;;;;;;;
urn:gs1:gdd:cl:OriginOfWineCode:AR_MENDOZA_ALTO AGRELO;OriginOfWineCode;AR_MENDOZA_ALTO AGRELO;Argentina - Mendoza - Alto Agrelo;Argentina - Mendoza - Alto Agrelo;Argentine - Mendoza - Alto Agrelo;;;;;;;;;NEW;CURRENT;1;;;;;;;;;;;;;
urn:gs1:gdd:cl:OriginOfWineCode:AR_MENDOZA_LUJÁN DE CUYO;OriginOfWineCode;AR_MENDOZA_LUJÁN DE CUYO;Argentina - Mendoza - Luján De Cuyo;Argentina - Mendoza - Luján De Cuyo;Argentine - Mendoza - Luján De Cuyo;;;;;;;;;NEW;CURRENT;1;;;;;;;;;;;;;
urn:gs1:gdd:cl:OriginOfWineCode:AR_MENDOZA_SAN RAFAEL;OriginOfWineCode;AR_MENDOZA_SAN RAFAEL;Argentina - Mendoza - San Rafael;Argentina - Mendoza - San Rafael;Argentine - Mendoza - San Rafael;;;;;;;;;NEW;CURRENT;1;;;;;;;;;;;;;
urn:gs1:gdd:cl:OriginOfWineCode:AR_MENDOZA_TUPUNGATO;OriginOfWineCode;AR_MENDOZA_TUPUNGATO;Argentina - Mendoza - Tupungato;Argentina - Mendoza - Tupungato;Argentine - Mendoza - Tupungato;;;;;;;;;NEW;CURRENT;1;;;;;;;;;;;;;
urn:gs1:gdd:cl:OriginOfWineCode:AR_MENDOZA_UCO VALLEY;OriginOfWineCode;AR_MENDOZA_UCO VALLEY;Argentina - Mendoza - Uco Valley;Argentina - Mendoza - Uco Valley;Argentine - Mendoza - Vallée d'Uco;;;;;;;;;NEW;CURRENT;1;;;;;;;;;;;;;
urn:gs1:gdd:cl:OriginOfWineCode:AR_PATAGONIA;OriginOfWineCode;AR_PATAGONIA;Argentina - Patagonia;Argentina - Patagonia;Argentine - Patagonie;;;;;;;;;NEW;CURRENT;1;;;;;;;;;;;;;
urn:gs1:gdd:cl:OriginOfWineCode:AR_SALTA;OriginOfWineCode;AR_SALTA;Argentina - Salta;Argentina - Salta;Argentine - Salta;;;;;;;;;NEW;CURRENT;1;;;;;;;;;;;;;
urn:gs1:gdd:cl:OriginOfWineCode:AR_SALTA PROVINCE_CAFAYATE VALLEY;OriginOfWineCode;AR_SALTA PROVINCE_CAFAYATE VALLEY;Argentina - Salta Province - Cafayate Valley;Argentina - Salta Province - Cafayate Valley;Argentine - Province de Salta - Vallée de Cafayate;;;;;;;;;NEW;CURRENT;1;;;;;;;;;;;;;
urn:gs1:gdd:cl:OriginOfWineCode:AR_SALTA PROVINCE_CALCHAQUI VALLEY;OriginOfWineCode;AR_SALTA PROVINCE_CALCHAQUI VALLEY;Argentina - Salta Province - Calchaqui Valley;Argentina - Salta Province - Calchaqui Valley;Argentine - Province de Salta - Vallée Calchaqui;;;;;;;;;NEW;CURRENT;1;;;;;;;;;;;;;
urn:gs1:gdd:cl:OriginOfWineCode:AR_SAN JUAN;OriginOfWineCode;AR_SAN JUAN;Argentina - San Juan;Argentina - San Juan;Argentine - San Juan;;;;;;;;;NEW;CURRENT;1;;;;;;;;;;;;;
urn:gs1:gdd:cl:OriginOfWineCode:AR_UNCLASSIFIED;OriginOfWineCode;AR_UNCLASSIFIED;Argentina - Unclassified;Argentina - Unclassified;Argentine - Non classé;;;;;;;;;NEW;CURRENT;1;;;;;;;;;;;;;
urn:gs1:gdd:cl:OriginOfWineCode:AT_BURGENLAND;OriginOfWineCode;AT_BURGENLAND;Austria - Burgenland;Austria - Burgenland;Autriche - Burgenland;;;;;;;;;NEW;CURRENT;1;;;;;;;;;;;;;
urn:gs1:gdd:cl:OriginOfWineCode:AT_KAMPTAL;OriginOfWineCode;AT_KAMPTAL;Austria - Kamptal;Austria - Kamptal;Autriche - Kamptal;;;;;;;;;NEW;CURRENT;1;;;;;;;;;;;;;
urn:gs1:gdd:cl:OriginOfWineCode:AT_KREMSTAL;OriginOfWineCode;AT_KREMSTAL;Austria - Kremstal;Austria - Kremstal;Autriche - Kremstal;;;;;;;;;NEW;CURRENT;1;;;;;;;;;;;;;
urn:gs1:gdd:cl:OriginOfWineCode:AT_NIEDERÖSTERREICH;OriginOfWineCode;AT_NIEDERÖSTERREICH;Austria - Niederösterreich;Austria - Niederösterreich;Autriche - Basse-Autriche;;;;;;;;;NEW;CURRENT;1;;;;;;;;;;;;;
urn:gs1:gdd:cl:OriginOfWineCode:AT_SOUTHERN STYRIA;OriginOfWineCode;AT_SOUTHERN STYRIA;Austria - Southern Styria;Austria - Southern Styria;Autriche - Styrie du Sud;;;;;;;;;NEW;CURRENT;1;;;;;;;;;;;;;
urn:gs1:gdd:cl:OriginOfWineCode:AT_THERMENREGION;OriginOfWineCode;AT_THERMENREGION;Austria - Thermenregion;Austria - Thermenregion;Autriche - Thermenregion;;;;;;;;;NEW;CURRENT;1;;;;;;;;;;;;;
urn:gs1:gdd:cl:OriginOfWineCode:AT_TRAISENTAL;OriginOfWineCode;AT_TRAISENTAL;Austria - Traisental;Austria - Traisental;Autriche - Traisental;;;;;;;;;NEW;CURRENT;1;;;;;;;;;;;;;
urn:gs1:gdd:cl:OriginOfWineCode:AT_UNCLASSIFIED;OriginOfWineCode;AT_UNCLASSIFIED;Austria - Unclassified;Austria - Unclassified;Autriche - Non classé;;;;;;;;;NEW;CURRENT;1;;;;;;;;;;;;;
urn:gs1:gdd:cl:OriginOfWineCode:AT_VIENNA;OriginOfWineCode;AT_VIENNA;Austria - Vienna;Austria - Vienna;Autriche - Vienne;;;;;;;;;NEW;CURRENT;1;;;;;;;;;;;;;
urn:gs1:gdd:cl:OriginOfWineCode:AT_WACHAU;OriginOfWineCode;AT_WACHAU;Austria - Wachau;Austria - Wachau;Autriche - Wachau;;;;;;;;;NEW;CURRENT;1;;;;;;;;;;;;;
urn:gs1:gdd:cl:OriginOfWineCode:AT_WAGRAM;OriginOfWineCode;AT_WAGRAM;Austria - Wagram;Austria - Wagram;Autriche - Wagram;;;;;;;;;NEW;CURRENT;1;;;;;;;;;;;;;
urn:gs1:gdd:cl:OriginOfWineCode:AT_WEINVIERTEL;OriginOfWineCode;AT_WEINVIERTEL;Austria - Weinviertel;Austria - Weinviertel;Autriche - Weinviertel;;;;;;;;;NEW;CURRENT;1;;;;;;;;;;;;;
urn:gs1:gdd:cl:OriginOfWineCode:AU_NEW SOUTH WALES_BIG RIVERS;OriginOfWineCode;AU_NEW SOUTH WALES_BIG RIVERS;Australia - New South Wales - Big Rivers;Australia - New South Wales - Big Rivers;Australie - Nouvelle-Galles du Sud - Big Rivers;;;;;;;;;NEW;CURRENT;1;;;;;;;;;;;;;
urn:gs1:gdd:cl:OriginOfWineCode:AU_NEW SOUTH WALES_BIG RIVERS_PERRICOOTA;OriginOfWineCode;AU_NEW SOUTH WALES_BIG RIVERS_PERRICOOTA;Australia - New South Wales - Big Rivers - Perricoota;Australia - New South Wales - Big Rivers - Perricoota;Australie - Nouvelle-Galles du Sud - Big Rivers - Perricoota;;;;;;;;;NEW;CURRENT;1;;;;;;;;;;;;;
urn:gs1:gdd:cl:OriginOfWineCode:AU_NEW SOUTH WALES_BIG RIVERS_RIVERINA;OriginOfWineCode;AU_NEW SOUTH WALES_BIG RIVERS_RIVERINA;Australia - New South Wales - Big Rivers - Riverina;Australia - New South Wales - Big Rivers - Riverina;Australie - Nouvelle-Galles du Sud - Big Rivers - Riverina;;;;;;;;;NEW;CURRENT;1;;;;;;;;;;;;;
urn:gs1:gdd:cl:OriginOfWineCode:AU_NEW SOUTH WALES_CENTRAL RANGES;OriginOfWineCode;AU_NEW SOUTH WALES_CENTRAL RANGES;Australia - New South Wales - Central Ranges;Australia - New South Wales - Central Ranges;Australie - Nouvelle-Galles du Sud - Chaînes centrales;;;;;;;;;NEW;CURRENT;1;;;;;;;;;;;;;
urn:gs1:gdd:cl:OriginOfWineCode:AU_NEW SOUTH WALES_CENTRAL RANGES_COWRA;OriginOfWineCode;AU_NEW SOUTH WALES_CENTRAL RANGES_COWRA;Australia - New South Wales - Central Ranges - Cowra;Australia - New South Wales - Central Ranges - Cowra;Australie - Nouvelle-Galles du Sud - Chaînes centrales - Cowra;;;;;;;;;NEW;CURRENT;1;;;;;;;;;;;;;
urn:gs1:gdd:cl:OriginOfWineCode:AU_NEW SOUTH WALES_CENTRAL RANGES_MUDGEE;OriginOfWineCode;AU_NEW SOUTH WALES_CENTRAL RANGES_MUDGEE;Australia - New South Wales - Central Ranges - Mudgee;Australia - New South Wales - Central Ranges - Mudgee;Australie - Nouvelle-Galles du Sud - Chaînes centrales - Mudgee;;;;;;;;;NEW;CURRENT;1;;;;;;;;;;;;;
urn:gs1:gdd:cl:OriginOfWineCode:AU_NEW SOUTH WALES_CENTRAL RANGES_ORANGE;OriginOfWineCode;AU_NEW SOUTH WALES_CENTRAL RANGES_ORANGE;Australia - New South Wales - Central Ranges - Orange;Australia - New South Wales - Central Ranges - Orange;Australie - Nouvelle-Galles du Sud - Chaînes centrales - Orange;;;;;;;;;NEW;CURRENT;1;;;;;;;;;;;;;
urn:gs1:gdd:cl:OriginOfWineCode:AU_NEW SOUTH WALES_NORTHERN RIVERS;OriginOfWineCode;AU_NEW SOUTH WALES_NORTHERN RIVERS;Australia - New South Wales - Northern Rivers;Australia - New South Wales - Northern Rivers;Australie - Nouvelle-Galles du Sud - Rivières du Nord;;;;;;;;;NEW;CURRENT;1;;;;;;;;;;;;;
urn:gs1:gdd:cl:OriginOfWineCode:AU_NEW SOUTH WALES_NORTHERN RIVERS_HASTINGS RIVER;OriginOfWineCode;AU_NEW SOUTH WALES_NORTHERN RIVERS_HASTINGS RIVER;Australia - New South Wales - Northern Rivers - Hastings River;Australia - New South Wales - Northern Rivers - Hastings River;Australie - Nouvelle-Galles du Sud - Rivières du Nord - Rivière Hastings;;;;;;;;;NEW;CURRENT;1;;;;;;;;;;;;;
urn:gs1:gdd:cl:OriginOfWineCode:AU_NEW SOUTH WALES_NORTHERN SLOPES;OriginOfWineCode;AU_NEW SOUTH WALES_NORTHERN SLOPES;Australia - New South Wales - Northern Slopes;Australia - New South Wales - Northern Slopes;Australie - Nouvelle-Galles du Sud - Versants Nord;;;;;;;;;NEW;CURRENT;1;;;;;;;;;;;;;
urn:gs1:gdd:cl:OriginOfWineCode:AU_NEW SOUTH WALES_NORTHERN SLOPES_NEW ENGLAND AUSTRALIA;OriginOfWineCode;AU_NEW SOUTH WALES_NORTHERN SLOPES_NEW ENGLAND AUSTRALIA;Australia - New South Wales - Northern Slopes - New England Australia;Australia - New South Wales - Northern Slopes - New England Australia;Australie - Nouvelle-Galles du Sud - Versants Nord - Nouvelle-Angleterre;;;;;;;;;;NEW;CURRENT;1;;;;;;;;;;;;
urn:gs1:gdd:cl:OriginOfWineCode:AU_NEW SOUTH WALES_SOUTH COAST;OriginOfWineCode;AU_NEW SOUTH WALES_SOUTH COAST;Australia - New South Wales - South Coast;Australia - New South Wales - South Coast;Australie - Nouvelle-Galles du Sud - Côte Sud;;;;;;;;;NEW;CURRENT;1;;;;;;;;;;;;;
urn:gs1:gdd:cl:OriginOfWineCode:AU_NEW SOUTH WALES_SOUTH COAST_SHOALHAVEN COAST;OriginOfWineCode;AU_NEW SOUTH WALES_SOUTH COAST_SHOALHAVEN COAST;Australia - New South Wales - South Coast - Shoalhaven Coast;Australia - New South Wales - South Coast - Shoalhaven Coast;Australie - Nouvelle-Galles du Sud - Côte Sud - Côte de Shoalhaven;;;;;;;;;NEW;CURRENT;1;;;;;;;;;;;;;
urn:gs1:gdd:cl:OriginOfWineCode:AU_NEW SOUTH WALES_SOUTH COAST_SOUTHERN HIGHLANDS;OriginOfWineCode;AU_NEW SOUTH WALES_SOUTH COAST_SOUTHERN HIGHLANDS;Australia - New South Wales - South Coast - Southern Highlands;Australia - New South Wales - South Coast - Southern Highlands;Australie - Nouvelle-Galles du Sud - Côte Sud - Hautes Terres du Sud;;;;;;;;;NEW;CURRENT;1;;;;;;;;;;;;;
urn:gs1:gdd:cl:OriginOfWineCode:AU_NEW SOUTH WALES_SOUTHERN NEW SOUTH WALES;OriginOfWineCode;AU_NEW SOUTH WALES_SOUTHERN NEW SOUTH WALES;Australia - New South Wales - Southern New South Wales;Australia - New South Wales - Southern New South Wales;Australie - Nouvelle-Galles du Sud - Sud de la Nouvelle-Galles du Sud;;;;;;;;;NEW;CURRENT;1;;;;;;;;;;;;;
urn:gs1:gdd:cl:OriginOfWineCode:AU_NEW SOUTH WALES_SOUTHERN NEW SOUTH WALES_CANBERRA DISTRICT;OriginOfWineCode;AU_NEW SOUTH WALES_SOUTHERN NEW SOUTH WALES_CANBERRA DISTRICT;Australia - New South Wales - Southern New South Wales - Canberra District;Australia - New South Wales - Southern New South Wales - Canberra District;Australie - Nouvelle-Galles du Sud - Sud de la Nouvelle-Galles du Sud - District de Canberra;;;;;;;;;NEW;CURRENT;1;;;;;;;;;;;;;
urn:gs1:gdd:cl:OriginOfWineCode:AU_NEW SOUTH WALES_SOUTHERN NEW SOUTH WALES_GUNDAGAI;OriginOfWineCode;AU_NEW SOUTH WALES_SOUTHERN NEW SOUTH WALES_GUNDAGAI;Australia - New South Wales - Southern New South Wales - Gundagai;Australia - New South Wales - Southern New South Wales - Gundagai;Australie - Nouvelle-Galles du Sud - Sud de la Nouvelle-Galles du Sud - Gundagai;;;;;;;;;NEW;CURRENT;1;;;;;;;;;;;;;
urn:gs1:gdd:cl:OriginOfWineCode:AU_NEW SOUTH WALES_SOUTHERN NEW SOUTH WALES_HILLTOPS;OriginOfWineCode;AU_NEW SOUTH WALES_SOUTHERN NEW SOUTH WALES_HILLTOPS;Australia - New South Wales - Southern New South Wales - Hilltops;Australia - New South Wales - Southern New South Wales - Hilltops;Australie - Nouvelle-Galles du Sud - Sud de la Nouvelle-Galles du Sud - Sommets des collines;;;;;;;;;NEW;CURRENT;1;;;;;;;;;;;;;
urn:gs1:gdd:cl:OriginOfWineCode:AU_NEW SOUTH WALES_SOUTHERN NEW SOUTH WALES_TUMBARUMBA;OriginOfWineCode;AU_NEW SOUTH WALES_SOUTHERN NEW SOUTH WALES_TUMBARUMBA;Australia - New South Wales - Southern New South Wales - Tumbarumba;Australia - New South Wales - Southern New South Wales - Tumbarumba;Australie - Nouvelle-Galles du Sud - Sud de la Nouvelle-Galles du Sud - Tumbarumba;;;;;;;;;NEW;CURRENT;1;;;;;;;;;;;;;
urn:gs1:gdd:cl:OriginOfWineCode:AU_NEW SOUTH WALES_THE HUNTER VALLEY;OriginOfWineCode;AU_NEW SOUTH WALES_THE HUNTER VALLEY;Australia - New South Wales - The Hunter Valley;Australia - New South Wales - The Hunter Valley;Australie - Nouvelle-Galles du Sud - Hunter Valley;;;;;;;;;NEW;CURRENT;1;;;;;;;;;;;;;
urn:gs1:gdd:cl:OriginOfWineCode:AU_NEW SOUTH WALES_THE HUNTER VALLEY_HUNTER;OriginOfWineCode;AU_NEW SOUTH WALES_THE HUNTER VALLEY_HUNTER;Australia - New South Wales - The Hunter Valley - Hunter;Australia - New South Wales - The Hunter Valley - Hunter;Australie - Nouvelle-Galles du Sud - Hunter Valley - Hunter;;;;;;;;;NEW;CURRENT;1;;;;;;;;;;;;;
urn:gs1:gdd:cl:OriginOfWineCode:AU_NEW SOUTH WALES_THE HUNTER VALLEY_HUNTER_BROKE FORDWICH;OriginOfWineCode;AU_NEW SOUTH WALES_THE HUNTER VALLEY_HUNTER_BROKE FORDWICH;Australia - New South Wales - The Hunter Valley - Hunter - Broke Fordwich;Australia - New South Wales - The Hunter Valley - Hunter - Broke Fordwich;Australie - Nouvelle-Galles du Sud - Hunter Valley - Hunter - Broke Fordwich;;;;;;;;;NEW;CURRENT;1;;;;;;;;;;;;;
urn:gs1:gdd:cl:OriginOfWineCode:AU_NEW SOUTH WALES_UNCLASSIFIED;OriginOfWineCode;AU_NEW SOUTH WALES_UNCLASSIFIED;Australia - New South Wales - Unclassified;Australia - New South Wales - Unclassified;Australie - Nouvelle-Galles du Sud - Non classé;;;;;;;;;NEW;CURRENT;1;;;;;;;;;;;;;
urn:gs1:gdd:cl:OriginOfWineCode:AU_NEW SOUTH WALES_WESTERN PLAINS;OriginOfWineCode;AU_NEW SOUTH WALES_WESTERN PLAINS;Australia - New South Wales - Western Plains;Australia - New South Wales - Western Plains;Australie - Nouvelle-Galles du Sud - Plaines occidentales;;;;;;;;;NEW;CURRENT;1;;;;;;;;;;;;;
urn:gs1:gdd:cl:OriginOfWineCode:AU_NORTHERN TERRITORY;OriginOfWineCode;AU_NORTHERN TERRITORY;Australia - Northern Territory;Australia - Northern Territory;Australie - Territoire du Nord;;;;;;;;;NEW;CURRENT;1;;;;;;;;;;;;;
urn:gs1:gdd:cl:OriginOfWineCode:AU_QUEENSLAND;OriginOfWineCode;AU_QUEENSLAND;Australia - Queensland;Australia - Queensland;Australie - Queensland;;;;;;;;;NEW;CURRENT;1;;;;;;;;;;;;;
urn:gs1:gdd:cl:OriginOfWineCode:AU_QUEENSLAND_GRANITE BELT;OriginOfWineCode;AU_QUEENSLAND_GRANITE BELT;Australia - Queensland - Granite Belt;Australia - Queensland - Granite Belt;Australie - Queensland - Ceinture de granit;;;;;;;;;NEW;CURRENT;1;;;;;;;;;;;;;
urn:gs1:gdd:cl:OriginOfWineCode:AU_QUEENSLAND_SOUTH BURNETT;OriginOfWineCode;AU_QUEENSLAND_SOUTH BURNETT;Australia - Queensland - South Burnett;Australia - Queensland - South Burnett;Australie - Queensland - South Burnett;;;;;;;;;NEW;CURRENT;1;;;;;;;;;;;;;
urn:gs1:gdd:cl:OriginOfWineCode:AU_SOUTH AUSTRALIA_ADELAIDE;OriginOfWineCode;AU_SOUTH AUSTRALIA_ADELAIDE;Australia - South Australia - Adelaide;Australia - South Australia - Adelaide;Australie - Australie-Méridionale - Adélaïde;;;;;;;;;NEW;CURRENT;1;;;;;;;;;;;;;
urn:gs1:gdd:cl:OriginOfWineCode:AU_SOUTH AUSTRALIA_BAROSSA;OriginOfWineCode;AU_SOUTH AUSTRALIA_BAROSSA;Australia - South Australia - Barossa;Australia - South Australia - Barossa;Australie - Australie-Méridionale - Barossa;;;;;;;;;NEW;CURRENT;1;;;;;;;;;;;;;
urn:gs1:gdd:cl:OriginOfWineCode:AU_SOUTH AUSTRALIA_BAROSSA_BAROSSA VALLEY;OriginOfWineCode;AU_SOUTH AUSTRALIA_BAROSSA_BAROSSA VALLEY;Australia - South Australia - Barossa - Barossa Valley;Australia - South Australia - Barossa - Barossa Valley;Australie - Australie-Méridionale - Barossa - Vallée de Barossa;;;;;;;;;NEW;CURRENT;1;;;;;;;;;;;;;
urn:gs1:gdd:cl:OriginOfWineCode:AU_SOUTH AUSTRALIA_BAROSSA_EDEN VALLEY;OriginOfWineCode;AU_SOUTH AUSTRALIA_BAROSSA_EDEN VALLEY;Australia - South Australia - Barossa - Eden Valley;Australia - South Australia - Barossa - Eden Valley;Australie - Australie-Méridionale - Barossa - Eden Valley;;;;;;;;;NEW;CURRENT;1;;;;;;;;;;;;;
urn:gs1:gdd:cl:OriginOfWineCode:AU_SOUTH AUSTRALIA_BAROSSA_EDEN VALLEY_HIGH EDEN;OriginOfWineCode;AU_SOUTH AUSTRALIA_BAROSSA_EDEN VALLEY_HIGH EDEN;Australia - South Australia - Barossa - Eden Valley - High Eden;Australia - South Australia - Barossa - Eden Valley - High Eden;Australie - Australie-Méridionale - Barossa - Eden Valley - High Eden;;;;;;;;;NEW;CURRENT;1;;;;;;;;;;;;;
urn:gs1:gdd:cl:OriginOfWineCode:AU_SOUTH AUSTRALIA_CLARENDON;OriginOfWineCode;AU_SOUTH AUSTRALIA_CLARENDON;Australia - South Australia - Clarendon;Australia - South Australia - Clarendon;Australie - Australie-Méridionale - Clarendon;;;;;;;;;NEW;CURRENT;1;;;;;;;;;;;;;
urn:gs1:gdd:cl:OriginOfWineCode:AU_SOUTH AUSTRALIA_FAR NORTH;OriginOfWineCode;AU_SOUTH AUSTRALIA_FAR NORTH;Australia - South Australia - Far North;Australia - South Australia - Far North;Australie - Australie-Méridionale - Extrême-Nord;;;;;;;;;NEW;CURRENT;1;;;;;;;;;;;;;
urn:gs1:gdd:cl:OriginOfWineCode:AU_SOUTH AUSTRALIA_FLEURIEU;OriginOfWineCode;AU_SOUTH AUSTRALIA_FLEURIEU;Australia - South Australia - Fleurieu;Australia - South Australia - Fleurieu;Australie - Australie-Méridionale - Fleurieu;;;;;;;;;NEW;CURRENT;1;;;;;;;;;;;;;
urn:gs1:gdd:cl:OriginOfWineCode:AU_SOUTH AUSTRALIA_FLEURIEU_CURRENCY CREEK;OriginOfWineCode;AU_SOUTH AUSTRALIA_FLEURIEU_CURRENCY CREEK;Australia - South Australia - Fleurieu - Currency Creek;Australia - South Australia - Fleurieu - Currency Creek;Australie - Australie-Méridionale - Fleurieu - Currency Creek;;;;;;;;;NEW;CURRENT;1;;;;;;;;;;;;;
urn:gs1:gdd:cl:OriginOfWineCode:AU_SOUTH AUSTRALIA_FLEURIEU_KANGAROO ISLAND;OriginOfWineCode;AU_SOUTH AUSTRALIA_FLEURIEU_KANGAROO ISLAND;Australia - South Australia - Fleurieu - Kangaroo Island;Australia - South Australia - Fleurieu - Kangaroo Island;Australie - Australie-Méridionale - Fleurieu - Île Kangourou;;;;;;;;;NEW;CURRENT;1;;;;;;;;;;;;;
urn:gs1:gdd:cl:OriginOfWineCode:AU_SOUTH AUSTRALIA_FLEURIEU_LANGHORNE CREEK;OriginOfWineCode;AU_SOUTH AUSTRALIA_FLEURIEU_LANGHORNE CREEK;Australia - South Australia - Fleurieu - Langhorne Creek;Australia - South Australia - Fleurieu - Langhorne Creek;Australie - Australie-Méridionale - Fleurieu - Langhorne Creek;;;;;;;;;NEW;CURRENT;1;;;;;;;;;;;;;
urn:gs1:gdd:cl:OriginOfWineCode:AU_SOUTH AUSTRALIA_FLEURIEU_MCLAREN VALE;OriginOfWineCode;AU_SOUTH AUSTRALIA_FLEURIEU_MCLAREN VALE;Australia - South Australia - Fleurieu - Mclaren Vale;Australia - South Australia - Fleurieu - Mclaren Vale;Australie - Australie-Méridionale - Fleurieu - Mclaren Vale;;;;;;;;;NEW;CURRENT;1;;;;;;;;;;;;;
urn:gs1:gdd:cl:OriginOfWineCode:AU_SOUTH AUSTRALIA_FLEURIEU_SOUTHERN FLEURIEU;OriginOfWineCode;AU_SOUTH AUSTRALIA_FLEURIEU_SOUTHERN FLEURIEU;Australia - South Australia - Fleurieu - Southern Fleurieu;Australia - South Australia - Fleurieu - Southern Fleurieu;Australie - Australie du Sud - Fleurieu - Sud de Fleurieu;;;;;;;;;NEW;CURRENT;1;;;;;;;;;;;;;
urn:gs1:gdd:cl:OriginOfWineCode:AU_SOUTH AUSTRALIA_LIMESTONE COAST;OriginOfWineCode;AU_SOUTH AUSTRALIA_LIMESTONE COAST;Australia - South Australia - Limestone Coast;Australia - South Australia - Limestone Coast;Australie - Australie-Méridionale - Côte calcaire;;;;;;;;;NEW;CURRENT;1;;;;;;;;;;;;;
urn:gs1:gdd:cl:OriginOfWineCode:AU_SOUTH AUSTRALIA_LIMESTONE COAST_COONAWARRA;OriginOfWineCode;AU_SOUTH AUSTRALIA_LIMESTONE COAST_COONAWARRA;Australia - South Australia - Limestone Coast - Coonawarra;Australia - South Australia - Limestone Coast - Coonawarra;Australie - Australie-Méridionale - Côte calcaire - Coonawarra;;;;;;;;;NEW;CURRENT;1;;;;;;;;;;;;;
urn:gs1:gdd:cl:OriginOfWineCode:AU_SOUTH AUSTRALIA_LIMESTONE COAST_MOUNT BENSON;OriginOfWineCode;AU_SOUTH AUSTRALIA_LIMESTONE COAST_MOUNT BENSON;Australia - South Australia - Limestone Coast - Mount Benson;Australia - South Australia - Limestone Coast - Mount Benson;Australie - Australie-Méridionale - Côte calcaire - Mont Benson;;;;;;;;;NEW;CURRENT;1;;;;;;;;;;;;;
urn:gs1:gdd:cl:OriginOfWineCode:AU_SOUTH AUSTRALIA_LIMESTONE COAST_PADTHAWAY;OriginOfWineCode;AU_SOUTH AUSTRALIA_LIMESTONE COAST_PADTHAWAY;Australia - South Australia - Limestone Coast - Padthaway;Australia - South Australia - Limestone Coast - Padthaway;Australie - Australie-Méridionale - Côte calcaire - Padthaway;;;;;;;;;NEW;CURRENT;1;;;;;;;;;;;;;
urn:gs1:gdd:cl:OriginOfWineCode:AU_SOUTH AUSTRALIA_LIMESTONE COAST_ROBE;OriginOfWineCode;AU_SOUTH AUSTRALIA_LIMESTONE COAST_ROBE;Australia - South Australia - Limestone Coast - Robe;Australia - South Australia - Limestone Coast - Robe;Australie - Australie-Méridionale - Côte calcaire - Robe;;;;;;;;;NEW;CURRENT;1;;;;;;;;;;;;;
urn:gs1:gdd:cl:OriginOfWineCode:AU_SOUTH AUSTRALIA_LIMESTONE COAST_WRATTONBULLY;OriginOfWineCode;AU_SOUTH AUSTRALIA_LIMESTONE COAST_WRATTONBULLY;Australia - South Australia - Limestone Coast - Wrattonbully;Australia - South Australia - Limestone Coast - Wrattonbully;Australie - Australie-Méridionale - Côte calcaire - Wrattonbully;;;;;;;;;NEW;CURRENT;1;;;;;;;;;;;;;
urn:gs1:gdd:cl:OriginOfWineCode:AU_SOUTH AUSTRALIA_LOWER MURRAY;OriginOfWineCode;AU_SOUTH AUSTRALIA_LOWER MURRAY;Australia - South Australia - Lower Murray;Australia - South Australia - Lower Murray;Australie - Australie-Méridionale - Lower Murray;;;;;;;;;NEW;CURRENT;1;;;;;;;;;;;;;
urn:gs1:gdd:cl:OriginOfWineCode:AU_SOUTH AUSTRALIA_LOWER MURRAY_RIVERLAND;OriginOfWineCode;AU_SOUTH AUSTRALIA_LOWER MURRAY_RIVERLAND;Australia - South Australia - Lower Murray - Riverland;Australia - South Australia - Lower Murray - Riverland;Australie - Australie-Méridionale - Lower Murray - Riverland;;;;;;;;;NEW;CURRENT;1;;;;;;;;;;;;;
urn:gs1:gdd:cl:OriginOfWineCode:AU_SOUTH AUSTRALIA_MOUNTY LOFTY RANGES;OriginOfWineCode;AU_SOUTH AUSTRALIA_MOUNTY LOFTY RANGES;Australia - South Australia - Mounty Lofty Ranges;Australia - South Australia - Mounty Lofty Ranges;Australie - Australie-Méridionale - Monts Lofty;;;;;;;;;NEW;CURRENT;1;;;;;;;;;;;;;
urn:gs1:gdd:cl:OriginOfWineCode:AU_SOUTH AUSTRALIA_MOUNTY LOFTY RANGES_ADELAIDE HILLS_LENSWOOD;OriginOfWineCode;AU_SOUTH AUSTRALIA_MOUNTY LOFTY RANGES_ADELAIDE HILLS_LENSWOOD;Australia - South Australia - Mounty Lofty Ranges - Adelaide Hills - Lenswood;Australia - South Australia - Mounty Lofty Ranges - Adelaide Hills - Lenswood;Australie - Australie-Méridionale - Monts Lofty - Collines d'Adélaïde - Lenswood;;;;;;;;;NEW;CURRENT;1;;;;;;;;;;;;;
urn:gs1:gdd:cl:OriginOfWineCode:AU_SOUTH AUSTRALIA_MOUNTY LOFTY RANGES_ADELAIDE HILLS_PICCADILLY VALLEY;OriginOfWineCode;AU_SOUTH AUSTRALIA_MOUNTY LOFTY RANGES_ADELAIDE HILLS_PICCADILLY VALLEY;Australia - South Australia - Mounty Lofty Ranges - Adelaide Hills - Piccadilly Valley;Australia - South Australia - Mounty Lofty Ranges - Adelaide Hills - Piccadilly Valley;Australie - Australie-Méridionale - Monts des Monts Lofty - Collines d'Adélaïde - Vallée de Piccadilly;;;;;;;;;NEW;CURRENT;1;;;;;;;;;;;;;
urn:gs1:gdd:cl:OriginOfWineCode:AU_SOUTH AUSTRALIA_MOUNTY LOFTY RANGES_ADELAIDE PLAINS;OriginOfWineCode;AU_SOUTH AUSTRALIA_MOUNTY LOFTY RANGES_ADELAIDE PLAINS;Australia - South Australia - Mounty Lofty Ranges - Adelaide Plains;Australia - South Australia - Mounty Lofty Ranges - Adelaide Plains;Australie - Australie-Méridionale - Monts Lofty - Plaines d'Adélaïde;;;;;;;;;NEW;CURRENT;1;;;;;;;;;;;;;
urn:gs1:gdd:cl:OriginOfWineCode:AU_SOUTH AUSTRALIA_MOUNTY LOFTY RANGES_CLARE VALLEY;OriginOfWineCode;AU_SOUTH AUSTRALIA_MOUNTY LOFTY RANGES_CLARE VALLEY;Australia - South Australia - Mounty Lofty Ranges - Clare Valley;Australia - South Australia - Mounty Lofty Ranges - Clare Valley;Australie - Australie-Méridionale - Monts Lofty - Vallée de Clare;;;;;;;;;NEW;CURRENT;1;;;;;;;;;;;;;
urn:gs1:gdd:cl:OriginOfWineCode:AU_SOUTH AUSTRALIA_PENINSULAS;OriginOfWineCode;AU_SOUTH AUSTRALIA_PENINSULAS;Australia - South Australia - Peninsulas;Australia - South Australia - Peninsulas;Australie - Australie-Méridionale - Péninsules;;;;;;;;;NEW;CURRENT;1;;;;;;;;;;;;;
urn:gs1:gdd:cl:OriginOfWineCode:AU_SOUTH AUSTRALIA_SOUTHERN FLINDERS RANGES;OriginOfWineCode;AU_SOUTH AUSTRALIA_SOUTHERN FLINDERS RANGES;Australia - South Australia - Southern Flinders Ranges;Australia - South Australia - Southern Flinders Ranges;Australie - Australie-Méridionale - Flinders Ranges du Sud;;;;;;;;;NEW;CURRENT;1;;;;;;;;;;;;;
urn:gs1:gdd:cl:OriginOfWineCode:AU_SOUTH AUSTRALIA_UNCLASSIFIED;OriginOfWineCode;AU_SOUTH AUSTRALIA_UNCLASSIFIED;Australia - South Australia - Unclassified;Australia - South Australia - Unclassified;Australie - Australie-Méridionale - Non classé;;;;;;;;;NEW;CURRENT;1;;;;;;;;;;;;;
urn:gs1:gdd:cl:OriginOfWineCode:AU_SOUTH EASTERN AUSTRALIA;OriginOfWineCode;AU_SOUTH EASTERN AUSTRALIA;Australia - South Eastern Australia;Australia - South Eastern Australia;Australie - Australie du Sud-Est;;;;;;;;;NEW;CURRENT;1;;;;;;;;;;;;;
urn:gs1:gdd:cl:OriginOfWineCode:AU_SOUTH EASTERN AUSTRALIA_MURRAY DARLING;OriginOfWineCode;AU_SOUTH EASTERN AUSTRALIA_MURRAY DARLING;Australia - South Eastern Australia - Murray Darling;Australia - South Eastern Australia - Murray Darling;Australie - Sud-Est de l'Australie - Murray Darling;;;;;;;;;NEW;CURRENT;1;;;;;;;;;;;;;
urn:gs1:gdd:cl:OriginOfWineCode:AU_SOUTH EASTERN AUSTRALIA_SWAN HILL;OriginOfWineCode;AU_SOUTH EASTERN AUSTRALIA_SWAN HILL;Australia - South Eastern Australia - Swan Hill;Australia - South Eastern Australia - Swan Hill;Australie - Sud-Est de l'Australie - Swan Hill;;;;;;;;;NEW;CURRENT;1;;;;;;;;;;;;;
urn:gs1:gdd:cl:OriginOfWineCode:AU_TASMANIA;OriginOfWineCode;AU_TASMANIA;Australia - Tasmania;Australia - Tasmania;Australie - Tasmanie;;;;;;;;;NEW;CURRENT;1;;;;;;;;;;;;;
urn:gs1:gdd:cl:OriginOfWineCode:AU_UNCLASSIFIED;OriginOfWineCode;AU_UNCLASSIFIED;Australia - Unclassified;Australia - Unclassified;Australie - Non classé;;;;;;;;;NEW;CURRENT;1;;;;;;;;;;;;;
urn:gs1:gdd:cl:OriginOfWineCode:AU_VICTORIA_CENTRAL VICTORIA;OriginOfWineCode;AU_VICTORIA_CENTRAL VICTORIA;Australia - Victoria - Central Victoria;Australia - Victoria - Central Victoria;Australie - Victoria - Centre de Victoria;;;;;;;;;NEW;CURRENT;1;;;;;;;;;;;;;
urn:gs1:gdd:cl:OriginOfWineCode:AU_VICTORIA_CENTRAL VICTORIA_BENDIGO;OriginOfWineCode;AU_VICTORIA_CENTRAL VICTORIA_BENDIGO;Australia - Victoria - Central Victoria - Bendigo;Australia - Victoria - Central Victoria - Bendigo;Australie - Victoria - Centre de Victoria - Bendigo;;;;;;;;;NEW;CURRENT;1;;;;;;;;;;;;;
urn:gs1:gdd:cl:OriginOfWineCode:AU_VICTORIA_CENTRAL VICTORIA_GOULBURN VALLEY;OriginOfWineCode;AU_VICTORIA_CENTRAL VICTORIA_GOULBURN VALLEY;Australia - Victoria - Central Victoria - Goulburn Valley;Australia - Victoria - Central Victoria - Goulburn Valley;Australie - Victoria - Centre de Victoria - Vallée de Goulburn;;;;;;;;;NEW;CURRENT;1;;;;;;;;;;;;;
urn:gs1:gdd:cl:OriginOfWineCode:AU_VICTORIA_CENTRAL VICTORIA_GOULBURN VALLEY_NAGAMBIE LAKES;OriginOfWineCode;AU_VICTORIA_CENTRAL VICTORIA_GOULBURN VALLEY_NAGAMBIE LAKES;Australia - Victoria - Central Victoria - Goulburn Valley - Nagambie Lakes;Australia - Victoria - Central Victoria - Goulburn Valley - Nagambie Lakes;Australie - Victoria - Centre de Victoria - Goulburn Valley - Lacs Nagambie;;;;;;;;;NEW;CURRENT;1;;;;;;;;;;;;;
urn:gs1:gdd:cl:OriginOfWineCode:AU_VICTORIA_CENTRAL VICTORIA_HEATHCOTE;OriginOfWineCode;AU_VICTORIA_CENTRAL VICTORIA_HEATHCOTE;Australia - Victoria - Central Victoria - Heathcote;Australia - Victoria - Central Victoria - Heathcote;Australie - Victoria - Centre de Victoria - Heathcote;;;;;;;;;NEW;CURRENT;1;;;;;;;;;;;;;
urn:gs1:gdd:cl:OriginOfWineCode:AU_VICTORIA_CENTRAL VICTORIA_STRATHBOGIE RANGES;OriginOfWineCode;AU_VICTORIA_CENTRAL VICTORIA_STRATHBOGIE RANGES;Australia - Victoria - Central Victoria - Strathbogie Ranges;Australia - Victoria - Central Victoria - Strathbogie Ranges;Australie - Victoria - Centre de Victoria - Chaînes de Strathbogie;;;;;;;;;NEW;CURRENT;1;;;;;;;;;;;;;
urn:gs1:gdd:cl:OriginOfWineCode:AU_VICTORIA_CENTRAL VICTORIA_UPPER GOULBURN;OriginOfWineCode;AU_VICTORIA_CENTRAL VICTORIA_UPPER GOULBURN;Australia - Victoria - Central Victoria - Upper Goulburn;Australia - Victoria - Central Victoria - Upper Goulburn;Australie - Victoria - Centre de Victoria - Upper Goulburn;;;;;;;;;NEW;CURRENT;1;;;;;;;;;;;;;
urn:gs1:gdd:cl:OriginOfWineCode:AU_VICTORIA_GIPPSLAND;OriginOfWineCode;AU_VICTORIA_GIPPSLAND;Australia - Victoria - Gippsland;Australia - Victoria - Gippsland;Australie - Victoria - Gippsland;;;;;;;;;NEW;CURRENT;1;;;;;;;;;;;;;
urn:gs1:gdd:cl:OriginOfWineCode:AU_VICTORIA_NORTH EAST VICTORIA;OriginOfWineCode;AU_VICTORIA_NORTH EAST VICTORIA;Australia - Victoria - North East Victoria;Australia - Victoria - North East Victoria;Australie - Victoria - Nord-Est de Victoria;;;;;;;;;NEW;CURRENT;1;;;;;;;;;;;;;
urn:gs1:gdd:cl:OriginOfWineCode:AU_VICTORIA_NORTH EAST VICTORIA_ALPINE VALLEYS;OriginOfWineCode;AU_VICTORIA_NORTH EAST VICTORIA_ALPINE VALLEYS;Australia - Victoria - North East Victoria - Alpine Valleys;Australia - Victoria - North East Victoria - Alpine Valleys;Australie - Victoria - Nord-Est de Victoria - Vallées alpines;;;;;;;;;NEW;CURRENT;1;;;;;;;;;;;;;
urn:gs1:gdd:cl:OriginOfWineCode:AU_VICTORIA_NORTH EAST VICTORIA_BEECHWORTH;OriginOfWineCode;AU_VICTORIA_NORTH EAST VICTORIA_BEECHWORTH;Australia - Victoria - North East Victoria - Beechworth;Australia - Victoria - North East Victoria - Beechworth;Australie - Victoria - Nord-Est de Victoria - Beechworth;;;;;;;;;NEW;CURRENT;1;;;;;;;;;;;;;
urn:gs1:gdd:cl:OriginOfWineCode:AU_VICTORIA_NORTH EAST VICTORIA_GLENROWAN;OriginOfWineCode;AU_VICTORIA_NORTH EAST VICTORIA_GLENROWAN;Australia - Victoria - North East Victoria - Glenrowan;Australia - Victoria - North East Victoria - Glenrowan;Australie - Victoria - Nord-Est de Victoria - Glenrowan;;;;;;;;;NEW;CURRENT;1;;;;;;;;;;;;;
urn:gs1:gdd:cl:OriginOfWineCode:AU_VICTORIA_NORTH EAST VICTORIA_KING VALLEY;OriginOfWineCode;AU_VICTORIA_NORTH EAST VICTORIA_KING VALLEY;Australia - Victoria - North East Victoria - King Valley;Australia - Victoria - North East Victoria - King Valley;Australie - Victoria - Nord-Est de Victoria - King Valley;;;;;;;;;NEW;CURRENT;1;;;;;;;;;;;;;
urn:gs1:gdd:cl:OriginOfWineCode:AU_VICTORIA_NORTH EAST VICTORIA_RUTHERGLEN;OriginOfWineCode;AU_VICTORIA_NORTH EAST VICTORIA_RUTHERGLEN;Australia - Victoria - North East Victoria - Rutherglen;Australia - Victoria - North East Victoria - Rutherglen;Australie - Victoria - Nord-Est de Victoria - Rutherglen;;;;;;;;;NEW;CURRENT;1;;;;;;;;;;;;;
urn:gs1:gdd:cl:OriginOfWineCode:AU_VICTORIA_NORTH WEST VICTORIA;OriginOfWineCode;AU_VICTORIA_NORTH WEST VICTORIA;Australia - Victoria - North West Victoria;Australia - Victoria - North West Victoria;Australie - Victoria - Nord-Ouest de Victoria;;;;;;;;;NEW;CURRENT;1;;;;;;;;;;;;;
urn:gs1:gdd:cl:OriginOfWineCode:AU_VICTORIA_PORT PHILLIP;OriginOfWineCode;AU_VICTORIA_PORT PHILLIP;Australia - Victoria - Port Phillip;Australia - Victoria - Port Phillip;Australie - Victoria - Port Phillip;;;;;;;;;NEW;CURRENT;1;;;;;;;;;;;;;
urn:gs1:gdd:cl:OriginOfWineCode:AU_VICTORIA_PORT PHILLIP_GEELONG;OriginOfWineCode;AU_VICTORIA_PORT PHILLIP_GEELONG;Australia - Victoria - Port Phillip - Geelong;Australia - Victoria - Port Phillip - Geelong;Australie - Victoria - Port Phillip - Geelong;;;;;;;;;NEW;CURRENT;1;;;;;;;;;;;;;
urn:gs1:gdd:cl:OriginOfWineCode:AU_VICTORIA_PORT PHILLIP_MACEDON RANGES;OriginOfWineCode;AU_VICTORIA_PORT PHILLIP_MACEDON RANGES;Australia - Victoria - Port Phillip - Macedon Ranges;Australia - Victoria - Port Phillip - Macedon Ranges;Australie - Victoria - Port Phillip - Macedon Ranges;;;;;;;;;NEW;CURRENT;1;;;;;;;;;;;;;
urn:gs1:gdd:cl:OriginOfWineCode:AU_VICTORIA_PORT PHILLIP_MORNINGTON PENINSULA;OriginOfWineCode;AU_VICTORIA_PORT PHILLIP_MORNINGTON PENINSULA;Australia - Victoria - Port Phillip - Mornington Peninsula;Australia - Victoria - Port Phillip - Mornington Peninsula;Australie - Victoria - Port Phillip - Péninsule de Mornington;;;;;;;;;NEW;CURRENT;1;;;;;;;;;;;;;
urn:gs1:gdd:cl:OriginOfWineCode:AU_VICTORIA_PORT PHILLIP_SUNBURY;OriginOfWineCode;AU_VICTORIA_PORT PHILLIP_SUNBURY;Australia - Victoria - Port Phillip - Sunbury;Australia - Victoria - Port Phillip - Sunbury;Australie - Victoria - Port Phillip - Sunbury;;;;;;;;;NEW;CURRENT;1;;;;;;;;;;;;;
urn:gs1:gdd:cl:OriginOfWineCode:AU_VICTORIA_PORT PHILLIP_YARRA VALLEY;OriginOfWineCode;AU_VICTORIA_PORT PHILLIP_YARRA VALLEY;Australia - Victoria - Port Phillip - Yarra Valley;Australia - Victoria - Port Phillip - Yarra Valley;Australie - Victoria - Port Phillip - Vallée de Yarra;;;;;;;;;NEW;CURRENT;1;;;;;;;;;;;;;
urn:gs1:gdd:cl:OriginOfWineCode:AU_VICTORIA_UNCLASSIFIED;OriginOfWineCode;AU_VICTORIA_UNCLASSIFIED;Australia - Victoria - Unclassified;Australia - Victoria - Unclassified;Australie - Victoria - Non classé;;;;;;;;;NEW;CURRENT;1;;;;;;;;;;;;;
urn:gs1:gdd:cl:OriginOfWineCode:AU_VICTORIA_WESTERN VICTORIA;OriginOfWineCode;AU_VICTORIA_WESTERN VICTORIA;Australia - Victoria - Western Victoria;Australia - Victoria - Western Victoria;Australie - Victoria - Victoria occidental;;;;;;;;;NEW;CURRENT;1;;;;;;;;;;;;;
urn:gs1:gdd:cl:OriginOfWineCode:AU_VICTORIA_WESTERN VICTORIA_GRAMPIANS;OriginOfWineCode;AU_VICTORIA_WESTERN VICTORIA_GRAMPIANS;Australia - Victoria - Western Victoria - Grampians;Australia - Victoria - Western Victoria - Grampians;Australie - Victoria - Victoria occidental - Grampians;;;;;;;;;NEW;CURRENT;1;;;;;;;;;;;;;
urn:gs1:gdd:cl:OriginOfWineCode:AU_VICTORIA_WESTERN VICTORIA_GRAMPIANS_GREAT WESTERN;OriginOfWineCode;AU_VICTORIA_WESTERN VICTORIA_GRAMPIANS_GREAT WESTERN;Australia - Victoria - Western Victoria - Grampians - Great Western;Australia - Victoria - Western Victoria - Grampians - Great Western;Australie - Victoria - Victoria occidental - Grampians - Great Western;;;;;;;;;NEW;CURRENT;1;;;;;;;;;;;;;
urn:gs1:gdd:cl:OriginOfWineCode:AU_VICTORIA_WESTERN VICTORIA_HENTY;OriginOfWineCode;AU_VICTORIA_WESTERN VICTORIA_HENTY;Australia - Victoria - Western Victoria - Henty;Australia - Victoria - Western Victoria - Henty;Australie - Victoria - Victoria occidental - Henty;;;;;;;;;NEW;CURRENT;1;;;;;;;;;;;;;
urn:gs1:gdd:cl:OriginOfWineCode:AU_VICTORIA_WESTERN VICTORIA_PYRENEES;OriginOfWineCode;AU_VICTORIA_WESTERN VICTORIA_PYRENEES;Australia - Victoria - Western Victoria - Pyrenees;Australia - Victoria - Western Victoria - Pyrenees;Australie - Victoria - Victoria occidental - Pyrénées;;;;;;;;;NEW;CURRENT;1;;;;;;;;;;;;;
urn:gs1:gdd:cl:OriginOfWineCode:AU_WESTERN AUSTRALIA_CENTRAL WESTERN AUSTRALIA;OriginOfWineCode;AU_WESTERN AUSTRALIA_CENTRAL WESTERN AUSTRALIA;Australia - Western Australia - Central Western Australia;Australia - Western Australia - Central Western Australia;Australie - Australie-Occidentale - Australie-Occidentale centrale;;;;;;;;;NEW;CURRENT;1;;;;;;;;;;;;;
urn:gs1:gdd:cl:OriginOfWineCode:AU_WESTERN AUSTRALIA_EASTERN PLAINS/INLAND;OriginOfWineCode;AU_WESTERN AUSTRALIA_EASTERN PLAINS/INLAND;Australia - Western Australia - Eastern Plains/Inland;Australia - Western Australia - Eastern Plains/Inland;Australie - Australie-Occidentale - Plaines orientales/Intérieur des terres;;;;;;;;;NEW;CURRENT;1;;;;;;;;;;;;;
urn:gs1:gdd:cl:OriginOfWineCode:AU_WESTERN AUSTRALIA_GREATER PERTH;OriginOfWineCode;AU_WESTERN AUSTRALIA_GREATER PERTH;Australia - Western Australia - Greater Perth;Australia - Western Australia - Greater Perth;Australie - Australie-Occidentale - Grand Perth;;;;;;;;;NEW;CURRENT;1;;;;;;;;;;;;;
urn:gs1:gdd:cl:OriginOfWineCode:AU_WESTERN AUSTRALIA_GREATER PERTH_PEEL;OriginOfWineCode;AU_WESTERN AUSTRALIA_GREATER PERTH_PEEL;Australia - Western Australia - Greater Perth - Peel;Australia - Western Australia - Greater Perth - Peel;Australie - Australie-Occidentale - Grand Perth - Peel;;;;;;;;;NEW;CURRENT;1;;;;;;;;;;;;;
urn:gs1:gdd:cl:OriginOfWineCode:AU_WESTERN AUSTRALIA_GREATER PERTH_PERTH HILLS;OriginOfWineCode;AU_WESTERN AUSTRALIA_GREATER PERTH_PERTH HILLS;Australia - Western Australia - Greater Perth - Perth Hills;Australia - Western Australia - Greater Perth - Perth Hills;Australie - Australie-Occidentale - Grand Perth - Collines de Perth;;;;;;;;;NEW;CURRENT;1;;;;;;;;;;;;;
urn:gs1:gdd:cl:OriginOfWineCode:AU_WESTERN AUSTRALIA_GREATER PERTH_SWAN DISTRICT;OriginOfWineCode;AU_WESTERN AUSTRALIA_GREATER PERTH_SWAN DISTRICT;Australia - Western Australia - Greater Perth - Swan District;Australia - Western Australia - Greater Perth - Swan District;Australie - Australie-Occidentale - Grand Perth - District de Swan;;;;;;;;;NEW;CURRENT;1;;;;;;;;;;;;;
urn:gs1:gdd:cl:OriginOfWineCode:AU_WESTERN AUSTRALIA_GREATER PERTH_SWAN DISTRICT_SWAN VALLEY;OriginOfWineCode;AU_WESTERN AUSTRALIA_GREATER PERTH_SWAN DISTRICT_SWAN VALLEY;Australia - Western Australia - Greater Perth - Swan District - Swan Valley;Australia - Western Australia - Greater Perth - Swan District - Swan Valley;Australie - Australie-Occidentale - Grand Perth - District de Swan - Vallée de Swan;;;;;;;;;NEW;CURRENT;1;;;;;;;;;;;;;
urn:gs1:gdd:cl:OriginOfWineCode:AU_WESTERN AUSTRALIA_SOUTH WEST AUSTRALIA;OriginOfWineCode;AU_WESTERN AUSTRALIA_SOUTH WEST AUSTRALIA;Australia - Western Australia - South West Australia;Australia - Western Australia - South West Australia;Australie - Australie-Occidentale - Australie-Sud-Ouest;;;;;;;;;NEW;CURRENT;1;;;;;;;;;;;;;
urn:gs1:gdd:cl:OriginOfWineCode:AU_WESTERN AUSTRALIA_SOUTH WEST AUSTRALIA_BLACKWOOD VALLEY;OriginOfWineCode;AU_WESTERN AUSTRALIA_SOUTH WEST AUSTRALIA_BLACKWOOD VALLEY;Australia - Western Australia - South West Australia - Blackwood Valley;Australia - Western Australia - South West Australia - Blackwood Valley;Australie - Australie-Occidentale - Australie du Sud-Ouest - Vallée de Blackwood;;;;;;;;;NEW;CURRENT;1;;;;;;;;;;;;;
urn:gs1:gdd:cl:OriginOfWineCode:AU_WESTERN AUSTRALIA_SOUTH WEST AUSTRALIA_GEOGRAPHE;OriginOfWineCode;AU_WESTERN AUSTRALIA_SOUTH WEST AUSTRALIA_GEOGRAPHE;Australia - Western Australia - South West Australia - Geographe;Australia - Western Australia - South West Australia - Geographe;Australie - Australie-Occidentale - Australie-Sud-Ouest - Géographe;;;;;;;;;NEW;CURRENT;1;;;;;;;;;;;;;
urn:gs1:gdd:cl:OriginOfWineCode:AU_WESTERN AUSTRALIA_SOUTH WEST AUSTRALIA_GREAT SOUTHERN;OriginOfWineCode;AU_WESTERN AUSTRALIA_SOUTH WEST AUSTRALIA_GREAT SOUTHERN;Australia - Western Australia - South West Australia - Great Southern;Australia - Western Australia - South West Australia - Great Southern;Australie - Australie-Occidentale - Australie du Sud-Ouest - Great Southern;;;;;;;;;NEW;CURRENT;1;;;;;;;;;;;;;
urn:gs1:gdd:cl:OriginOfWineCode:AU_WESTERN AUSTRALIA_SOUTH WEST AUSTRALIA_GREAT SOUTHERN_ALBANY;OriginOfWineCode;AU_WESTERN AUSTRALIA_SOUTH WEST AUSTRALIA_GREAT SOUTHERN_ALBANY;Australia - Western Australia - South West Australia - Great Southern - Albany;Australia - Western Australia - South West Australia - Great Southern - Albany;Australie - Australie-Occidentale - Australie du Sud-Ouest - Great Southern - Albany;;;;;;;;;NEW;CURRENT;1;;;;;;;;;;;;;
urn:gs1:gdd:cl:OriginOfWineCode:AU_WESTERN AUSTRALIA_SOUTH WEST AUSTRALIA_GREAT SOUTHERN_DENMARK;OriginOfWineCode;AU_WESTERN AUSTRALIA_SOUTH WEST AUSTRALIA_GREAT SOUTHERN_DENMARK;Australia - Western Australia - South West Australia - Great Southern - Denmark;Australia - Western Australia - South West Australia - Great Southern - Denmark;Australie - Australie-Occidentale - Australie du Sud-Ouest - Great Southern - Danemark;;;;;;;;;NEW;CURRENT;1;;;;;;;;;;;;;
urn:gs1:gdd:cl:OriginOfWineCode:AU_WESTERN AUSTRALIA_SOUTH WEST AUSTRALIA_GREAT SOUTHERN_FRANKLAND RIVER;OriginOfWineCode;AU_WESTERN AUSTRALIA_SOUTH WEST AUSTRALIA_GREAT SOUTHERN_FRANKLAND RIVER;Australia - Western Australia - South West Australia - Great Southern - Frankland River;Australia - Western Australia - South West Australia - Great Southern - Frankland River;Australie - Australie-Occidentale - Australie du Sud-Ouest - Great Southern - Frankland River;;;;;;;;;NEW;CURRENT;1;;;;;;;;;;;;;
urn:gs1:gdd:cl:OriginOfWineCode:AU_WESTERN AUSTRALIA_SOUTH WEST AUSTRALIA_GREAT SOUTHERN_MOUNT BARKER;OriginOfWineCode;AU_WESTERN AUSTRALIA_SOUTH WEST AUSTRALIA_GREAT SOUTHERN_MOUNT BARKER;Australia - Western Australia - South West Australia - Great Southern - Mount Barker;Australia - Western Australia - South West Australia - Great Southern - Mount Barker;Australie - Australie-Occidentale - Australie du Sud-Ouest - Great Southern - Mont Barker;;;;;;;;;NEW;CURRENT;1;;;;;;;;;;;;;
urn:gs1:gdd:cl:OriginOfWineCode:AU_WESTERN AUSTRALIA_SOUTH WEST AUSTRALIA_GREAT SOUTHERN_PORONGURUP;OriginOfWineCode;AU_WESTERN AUSTRALIA_SOUTH WEST AUSTRALIA_GREAT SOUTHERN_PORONGURUP;Australia - Western Australia - South West Australia - Great Southern - Porongurup;Australia - Western Australia - South West Australia - Great Southern - Porongurup;Australie - Australie-Occidentale - Australie du Sud-Ouest - Great Southern - Porongurup;;;;;;;;;NEW;CURRENT;1;;;;;;;;;;;;;
urn:gs1:gdd:cl:OriginOfWineCode:AU_WESTERN AUSTRALIA_SOUTH WEST AUSTRALIA_MANJIMUP;OriginOfWineCode;AU_WESTERN AUSTRALIA_SOUTH WEST AUSTRALIA_MANJIMUP;Australia - Western Australia - South West Australia - Manjimup;Australia - Western Australia - South West Australia - Manjimup;Australie - Australie-Occidentale - Australie-Sud-Ouest - Manjimup;;;;;;;;;NEW;CURRENT;1;;;;;;;;;;;;;
urn:gs1:gdd:cl:OriginOfWineCode:AU_WESTERN AUSTRALIA_SOUTH WEST AUSTRALIA_MARGARET RIVER;OriginOfWineCode;AU_WESTERN AUSTRALIA_SOUTH WEST AUSTRALIA_MARGARET RIVER;Australia - Western Australia - South West Australia - Margaret River;Australia - Western Australia - South West Australia - Margaret River;Australie - Australie-Occidentale - Australie-Sud-Ouest - Margaret River;;;;;;;;;NEW;CURRENT;1;;;;;;;;;;;;;
urn:gs1:gdd:cl:OriginOfWineCode:AU_WESTERN AUSTRALIA_SOUTH WEST AUSTRALIA_PEMBERTON;OriginOfWineCode;AU_WESTERN AUSTRALIA_SOUTH WEST AUSTRALIA_PEMBERTON;Australia - Western Australia - South West Australia - Pemberton;Australia - Western Australia - South West Australia - Pemberton;Australie - Australie-Occidentale - Australie-Sud-Ouest - Pemberton;;;;;;;;;NEW;CURRENT;1;;;;;;;;;;;;;
urn:gs1:gdd:cl:OriginOfWineCode:AU_WESTERN AUSTRALIA_UNCLASSIFIED;OriginOfWineCode;AU_WESTERN AUSTRALIA_UNCLASSIFIED;Australia - Western Australia - Unclassified;Australia - Western Australia - Unclassified;Australie - Australie-Occidentale - Non classé;;;;;;;;;NEW;CURRENT;1;;;;;;;;;;;;;
urn:gs1:gdd:cl:OriginOfWineCode:AU_WESTERN AUSTRALIA_WEST AUSTRALIAN;OriginOfWineCode;AU_WESTERN AUSTRALIA_WEST AUSTRALIAN;Australia - Western Australia - West Australian;Australia - Western Australia - West Australian;Australie - Australie-Occidentale - Australie-Occidentale;;;;;;;;;NEW;CURRENT;1;;;;;;;;;;;;;
urn:gs1:gdd:cl:OriginOfWineCode:BE_HAINAUT;OriginOfWineCode;BE_HAINAUT;Belgium - Hainaut;Belgium - Hainaut;Belgique - Hainaut;;;;;;;;;NEW;CURRENT;1;;;;;;;;;;;;;
urn:gs1:gdd:cl:OriginOfWineCode:BE_UNCLASSIFIED;OriginOfWineCode;BE_UNCLASSIFIED;Belgium - Unclassified;Belgium - Unclassified;Belgique - Non classé;;;;;;;;;NEW;CURRENT;1;;;;;;;;;;;;;
urn:gs1:gdd:cl:OriginOfWineCode:BG_DANUBE PLAIN;OriginOfWineCode;BG_DANUBE PLAIN;Bulgaria - Danube Plain;Bulgaria - Danube Plain;Bulgarie - Plaine du Danube;;;;;;;;;NEW;CURRENT;1;;;;;;;;;;;;;
urn:gs1:gdd:cl:OriginOfWineCode:BG_OGNIANOVO;OriginOfWineCode;BG_OGNIANOVO;Bulgaria - Ognianovo;Bulgaria - Ognianovo;Bulgarie - Ognianovo;;;;;;;;;NEW;CURRENT;1;;;;;;;;;;;;;
urn:gs1:gdd:cl:OriginOfWineCode:BG_SAKAR;OriginOfWineCode;BG_SAKAR;Bulgaria - Sakar;Bulgaria - Sakar;Bulgarie - Sakar;;;;;;;;;NEW;CURRENT;1;;;;;;;;;;;;;
urn:gs1:gdd:cl:OriginOfWineCode:BG_SLIVEN;OriginOfWineCode;BG_SLIVEN;Bulgaria - Sliven;Bulgaria - Sliven;Bulgarie - Sliven;;;;;;;;;NEW;CURRENT;1;;;;;;;;;;;;;
urn:gs1:gdd:cl:OriginOfWineCode:BG_UNCLASSIFIED;OriginOfWineCode;BG_UNCLASSIFIED;Bulgaria - Unclassified;Bulgaria - Unclassified;Bulgarie - Non classé;;;;;;;;;NEW;CURRENT;1;;;;;;;;;;;;;
urn:gs1:gdd:cl:OriginOfWineCode:BR_UNCLASSIFIED;OriginOfWineCode;BR_UNCLASSIFIED;Brazil - Unclassified;Brazil - Unclassified;Brésil - Non classé;;;;;;;;;NEW;CURRENT;1;;;;;;;;;;;;;
urn:gs1:gdd:cl:OriginOfWineCode:CA_ALBERTA;OriginOfWineCode;CA_ALBERTA;Canada - Alberta;Canada - Alberta;Canada - Alberta;;;;;;;;;NEW;CURRENT;1;;;;;;;;;;;;;
urn:gs1:gdd:cl:OriginOfWineCode:CA_BRITISH COLUMBIA;OriginOfWineCode;CA_BRITISH COLUMBIA;Canada - British Columbia;Canada - British Columbia;Canada - Colombie-Britannique;;;;;;;;;NEW;CURRENT;1;;;;;;;;;;;;;
urn:gs1:gdd:cl:OriginOfWineCode:CA_BRITISH COLUMBIA_FRASER VALLEY;OriginOfWineCode;CA_BRITISH COLUMBIA_FRASER VALLEY;Canada - British Columbia - Fraser Valley;Canada - British Columbia - Fraser Valley;Canada - Colombie-Britannique - Vallée du Fraser;;;;;;;;;NEW;CURRENT;1;;;;;;;;;;;;;
urn:gs1:gdd:cl:OriginOfWineCode:CA_BRITISH COLUMBIA_GULF ISLANDS;OriginOfWineCode;CA_BRITISH COLUMBIA_GULF ISLANDS;Canada - British Columbia - Gulf Islands;Canada - British Columbia - Gulf Islands;Canada - Colombie-Britannique - Îles Gulf;;;;;;;;;NEW;CURRENT;1;;;;;;;;;;;;;
urn:gs1:gdd:cl:OriginOfWineCode:CA_BRITISH COLUMBIA_KOOTENAYS;OriginOfWineCode;CA_BRITISH COLUMBIA_KOOTENAYS;Canada - British Columbia - Kootenays;Canada - British Columbia - Kootenays;Canada - Colombie-Britannique - Kootenays;;;;;;;;;NEW;CURRENT;1;;;;;;;;;;;;;
urn:gs1:gdd:cl:OriginOfWineCode:CA_BRITISH COLUMBIA_LILLOOET;OriginOfWineCode;CA_BRITISH COLUMBIA_LILLOOET;Canada - British Columbia - Lillooet;Canada - British Columbia - Lillooet;Canada - Colombie-Britannique - Lillooet;;;;;;;;;NEW;CURRENT;1;;;;;;;;;;;;;
urn:gs1:gdd:cl:OriginOfWineCode:CA_BRITISH COLUMBIA_OKANAGAN VALLEY;OriginOfWineCode;CA_BRITISH COLUMBIA_OKANAGAN VALLEY;Canada - British Columbia - Okanagan Valley;Canada - British Columbia - Okanagan Valley;Canada - Colombie-Britannique - Vallée de l'Okanagan;;;;;;;;;NEW;CURRENT;1;;;;;;;;;;;;;
urn:gs1:gdd:cl:OriginOfWineCode:CA_BRITISH COLUMBIA_OKANAGAN VALLEY_GOLDEN MILE BENCH;OriginOfWineCode;CA_BRITISH COLUMBIA_OKANAGAN VALLEY_GOLDEN MILE BENCH;Canada - British Columbia - Okanagan Valley - Golden Mile Bench;Canada - British Columbia - Okanagan Valley - Golden Mile Bench;Canada - Colombie-Britannique - Vallée de l'Okanagan - Golden Mile Bench;;;;;;;;;NEW;CURRENT;1;;;;;;;;;;;;;
urn:gs1:gdd:cl:OriginOfWineCode:CA_BRITISH COLUMBIA_OKANAGAN VALLEY_OKANAGAN FALLS;OriginOfWineCode;CA_BRITISH COLUMBIA_OKANAGAN VALLEY_OKANAGAN FALLS;Canada - British Columbia - Okanagan Valley - Okanagan Falls;Canada - British Columbia - Okanagan Valley - Okanagan Falls;Canada - Colombie-Britannique - Vallée de l'Okanagan - Chutes de l'Okanagan;;;;;;;;;NEW;CURRENT;1;;;;;;;;;;;;;
urn:gs1:gdd:cl:OriginOfWineCode:CA_BRITISH COLUMBIA_SHUSWAP;OriginOfWineCode;CA_BRITISH COLUMBIA_SHUSWAP;Canada - British Columbia - Shuswap;Canada - British Columbia - Shuswap;Canada - Colombie-Britannique - Shuswap;;;;;;;;;NEW;CURRENT;1;;;;;;;;;;;;;
urn:gs1:gdd:cl:OriginOfWineCode:CA_BRITISH COLUMBIA_SIMILKAMEEN VALLEY;OriginOfWineCode;CA_BRITISH COLUMBIA_SIMILKAMEEN VALLEY;Canada - British Columbia - Similkameen Valley;Canada - British Columbia - Similkameen Valley;Canada - Colombie-Britannique - Vallée de Similkameen;;;;;;;;;NEW;CURRENT;1;;;;;;;;;;;;;
urn:gs1:gdd:cl:OriginOfWineCode:CA_BRITISH COLUMBIA_THOMPSON VALLEY;OriginOfWineCode;CA_BRITISH COLUMBIA_THOMPSON VALLEY;Canada - British Columbia - Thompson Valley;Canada - British Columbia - Thompson Valley;Canada - Colombie-Britannique - Vallée de la Thompson;;;;;;;;;NEW;CURRENT;1;;;;;;;;;;;;;
urn:gs1:gdd:cl:OriginOfWineCode:CA_BRITISH COLUMBIA_VANCOUVER ISLAND;OriginOfWineCode;CA_BRITISH COLUMBIA_VANCOUVER ISLAND;Canada - British Columbia - Vancouver Island;Canada - British Columbia - Vancouver Island;Canada - Colombie-Britannique - Île de Vancouver;;;;;;;;;NEW;CURRENT;1;;;;;;;;;;;;;
urn:gs1:gdd:cl:OriginOfWineCode:CA_MANITOBA;OriginOfWineCode;CA_MANITOBA;Canada - Manitoba;Canada - Manitoba;Canada - Manitoba;;;;;;;;;NEW;CURRENT;1;;;;;;;;;;;;;
urn:gs1:gdd:cl:OriginOfWineCode:CA_NEW BRUNSWICK;OriginOfWineCode;CA_NEW BRUNSWICK;Canada - New Brunswick;Canada - New Brunswick;Canada - Nouveau-Brunswick;;;;;;;;;NEW;CURRENT;1;;;;;;;;;;;;;
urn:gs1:gdd:cl:OriginOfWineCode:CA_NEWFOUNDLAND;OriginOfWineCode;CA_NEWFOUNDLAND;Canada - Newfoundland;Canada - Newfoundland;Canada - Terre-Neuve;;;;;;;;;NEW;CURRENT;1;;;;;;;;;;;;;
urn:gs1:gdd:cl:OriginOfWineCode:CA_NORTHWEST TERRITORIES;OriginOfWineCode;CA_NORTHWEST TERRITORIES;Canada - Northwest Territories;Canada - Northwest Territories;Canada - Territoires du Nord-Ouest;;;;;;;;;NEW;CURRENT;1;;;;;;;;;;;;;
urn:gs1:gdd:cl:OriginOfWineCode:CA_NOVA SCOTIA;OriginOfWineCode;CA_NOVA SCOTIA;Canada - Nova Scotia;Canada - Nova Scotia;Canada - Nouvelle-Écosse;;;;;;;;;NEW;CURRENT;1;;;;;;;;;;;;;
urn:gs1:gdd:cl:OriginOfWineCode:CA_NUNAVUT;OriginOfWineCode;CA_NUNAVUT;Canada - Nunavut;Canada - Nunavut;Canada - Nunavut;;;;;;;;;NEW;CURRENT;1;;;;;;;;;;;;;
urn:gs1:gdd:cl:OriginOfWineCode:CA_ONTARIO;OriginOfWineCode;CA_ONTARIO;Canada - Ontario;Canada - Ontario;Canada - Ontario;;;;;;;;;NEW;CURRENT;1;;;;;;;;;;;;;
urn:gs1:gdd:cl:OriginOfWineCode:CA_ONTARIO_LAKE ERIE NORTH SHORE;OriginOfWineCode;CA_ONTARIO_LAKE ERIE NORTH SHORE;Canada - Ontario - Lake Erie North Shore;Canada - Ontario - Lake Erie North Shore;Canada - Ontario - Rive nord du lac Érié;;;;;;;;;NEW;CURRENT;1;;;;;;;;;;;;;
urn:gs1:gdd:cl:OriginOfWineCode:CA_ONTARIO_LAKE ERIE NORTH SHORE_SOUTH ISLANDS;OriginOfWineCode;CA_ONTARIO_LAKE ERIE NORTH SHORE_SOUTH ISLANDS;Canada - Ontario - Lake Erie North Shore - South Islands;Canada - Ontario - Lake Erie North Shore - South Islands;Canada - Ontario - Rive nord du lac Érié - Îles du Sud;;;;;;;;;NEW;CURRENT;1;;;;;;;;;;;;;
urn:gs1:gdd:cl:OriginOfWineCode:CA_ONTARIO_LINCOLN LAKESHORE;OriginOfWineCode;CA_ONTARIO_LINCOLN LAKESHORE;Canada - Ontario - Lincoln Lakeshore;Canada - Ontario - Lincoln Lakeshore;Canada - Ontario - Lincoln Lakeshore;;;;;;;;;NEW;CURRENT;1;;;;;;;;;;;;;
urn:gs1:gdd:cl:OriginOfWineCode:CA_ONTARIO_NIAGARA PENINSULA;OriginOfWineCode;CA_ONTARIO_NIAGARA PENINSULA;Canada - Ontario - Niagara Peninsula;Canada - Ontario - Niagara Peninsula;Canada - Ontario - Péninsule du Niagara;;;;;;;;;NEW;CURRENT;1;;;;;;;;;;;;;
urn:gs1:gdd:cl:OriginOfWineCode:CA_ONTARIO_NIAGARA PENINSULA_BEAMSVILLE BENCH;OriginOfWineCode;CA_ONTARIO_NIAGARA PENINSULA_BEAMSVILLE BENCH;Canada - Ontario - Niagara Peninsula - Beamsville Bench;Canada - Ontario - Niagara Peninsula - Beamsville Bench;Canada - Ontario - Péninsule du Niagara - Banc Beamsville;;;;;;;;;NEW;CURRENT;1;;;;;;;;;;;;;
urn:gs1:gdd:cl:OriginOfWineCode:CA_ONTARIO_NIAGARA PENINSULA_CREEK SHORES;OriginOfWineCode;CA_ONTARIO_NIAGARA PENINSULA_CREEK SHORES;Canada - Ontario - Niagara Peninsula - Creek Shores;Canada - Ontario - Niagara Peninsula - Creek Shores;Canada - Ontario - Péninsule du Niagara - Rives des ruisseaux;;;;;;;;;NEW;CURRENT;1;;;;;;;;;;;;;
urn:gs1:gdd:cl:OriginOfWineCode:CA_ONTARIO_NIAGARA PENINSULA_FOUR MILE CREEK;OriginOfWineCode;CA_ONTARIO_NIAGARA PENINSULA_FOUR MILE CREEK;Canada - Ontario - Niagara Peninsula - Four Mile Creek;Canada - Ontario - Niagara Peninsula - Four Mile Creek;Canada - Ontario - Péninsule du Niagara - Ruisseau Four Mile;;;;;;;;;NEW;CURRENT;1;;;;;;;;;;;;;
urn:gs1:gdd:cl:OriginOfWineCode:CA_ONTARIO_NIAGARA PENINSULA_NIAGARA ESCARPMENT;OriginOfWineCode;CA_ONTARIO_NIAGARA PENINSULA_NIAGARA ESCARPMENT;Canada - Ontario - Niagara Peninsula - Niagara Escarpment;Canada - Ontario - Niagara Peninsula - Niagara Escarpment;Canada - Ontario - Péninsule du Niagara - Escarpement du Niagara;;;;;;;;;NEW;CURRENT;1;;;;;;;;;;;;;
urn:gs1:gdd:cl:OriginOfWineCode:CA_ONTARIO_NIAGARA PENINSULA_NIAGARA LAKESHORE;OriginOfWineCode;CA_ONTARIO_NIAGARA PENINSULA_NIAGARA LAKESHORE;Canada - Ontario - Niagara Peninsula - Niagara Lakeshore;Canada - Ontario - Niagara Peninsula - Niagara Lakeshore;Canada - Ontario - Péninsule du Niagara - Niagara Lakeshore;;;;;;;;;NEW;CURRENT;1;;;;;;;;;;;;;
urn:gs1:gdd:cl:OriginOfWineCode:CA_ONTARIO_NIAGARA PENINSULA_NIAGARA RIVER;OriginOfWineCode;CA_ONTARIO_NIAGARA PENINSULA_NIAGARA RIVER;Canada - Ontario - Niagara Peninsula - Niagara River;Canada - Ontario - Niagara Peninsula - Niagara River;Canada - Ontario - Péninsule du Niagara - Rivière Niagara;;;;;;;;;NEW;CURRENT;1;;;;;;;;;;;;;
urn:gs1:gdd:cl:OriginOfWineCode:CA_ONTARIO_NIAGARA PENINSULA_NIAGARA_ON_THE-LAKE;OriginOfWineCode;CA_ONTARIO_NIAGARA PENINSULA_NIAGARA_ON_THE-LAKE;Canada - Ontario - Niagara Peninsula - Niagara- On- The-Lake;Canada - Ontario - Niagara Peninsula - Niagara- On- The-Lake;Canada - Ontario - Péninsule du Niagara - Niagara-On-The-Lake;;;;;;;;;NEW;CURRENT;1;;;;;;;;;;;;;
urn:gs1:gdd:cl:OriginOfWineCode:CA_ONTARIO_NIAGARA PENINSULA_SHORT HILLS BENCH;OriginOfWineCode;CA_ONTARIO_NIAGARA PENINSULA_SHORT HILLS BENCH;Canada - Ontario - Niagara Peninsula - Short Hills Bench;Canada - Ontario - Niagara Peninsula - Short Hills Bench;Canada - Ontario - Péninsule du Niagara - Banc Short Hills;;;;;;;;;NEW;CURRENT;1;;;;;;;;;;;;;
urn:gs1:gdd:cl:OriginOfWineCode:CA_ONTARIO_NIAGARA PENINSULA_ST. DAVID'S BENCH;OriginOfWineCode;CA_ONTARIO_NIAGARA PENINSULA_ST. DAVID'S BENCH;Canada - Ontario - Niagara Peninsula - St. David's Bench;Canada - Ontario - Niagara Peninsula - St. David's Bench;Canada - Ontario - Péninsule du Niagara - Banc de Saint-David;;;;;;;;;NEW;CURRENT;1;;;;;;;;;;;;;
urn:gs1:gdd:cl:OriginOfWineCode:CA_ONTARIO_NIAGARA PENINSULA_TWENTY MILE BENCH;OriginOfWineCode;CA_ONTARIO_NIAGARA PENINSULA_TWENTY MILE BENCH;Canada - Ontario - Niagara Peninsula - Twenty Mile Bench;Canada - Ontario - Niagara Peninsula - Twenty Mile Bench;Canada - Ontario - Péninsule du Niagara - Banc Twenty Mile;;;;;;;;;NEW;CURRENT;1;;;;;;;;;;;;;
urn:gs1:gdd:cl:OriginOfWineCode:CA_ONTARIO_NIAGARA PENINSULA_VINEMOUNT RIDGE;OriginOfWineCode;CA_ONTARIO_NIAGARA PENINSULA_VINEMOUNT RIDGE;Canada - Ontario - Niagara Peninsula - Vinemount Ridge;Canada - Ontario - Niagara Peninsula - Vinemount Ridge;Canada - Ontario - Péninsule du Niagara - Crête de Vinemount;;;;;;;;;NEW;CURRENT;1;;;;;;;;;;;;;
urn:gs1:gdd:cl:OriginOfWineCode:CA_ONTARIO_PRINCE EDWARD COUNTY;OriginOfWineCode;CA_ONTARIO_PRINCE EDWARD COUNTY;Canada - Ontario - Prince Edward County;Canada - Ontario - Prince Edward County;Canada - Ontario - Comté de Prince Edward;;;;;;;;;NEW;CURRENT;1;;;;;;;;;;;;;
urn:gs1:gdd:cl:OriginOfWineCode:CA_PRINCE EDWARD ISLAND;OriginOfWineCode;CA_PRINCE EDWARD ISLAND;Canada - Prince Edward Island;Canada - Prince Edward Island;Canada - Île-du-Prince-Édouard;;;;;;;;;NEW;CURRENT;1;;;;;;;;;;;;;
urn:gs1:gdd:cl:OriginOfWineCode:CA_QUEBEC;OriginOfWineCode;CA_QUEBEC;Canada - Quebec;Canada - Quebec;Canada - Québec;;;;;;;;;NEW;CURRENT;1;;;;;;;;;;;;;
urn:gs1:gdd:cl:OriginOfWineCode:CA_SASKATCHEWAN;OriginOfWineCode;CA_SASKATCHEWAN;Canada - Saskatchewan;Canada - Saskatchewan;Canada - Saskatchewan;;;;;;;;;NEW;CURRENT;1;;;;;;;;;;;;;
urn:gs1:gdd:cl:OriginOfWineCode:CA_UNCLASSIFIED;OriginOfWineCode;CA_UNCLASSIFIED;Canada - Unclassified;Canada - Unclassified;Canada - Non classé;;;;;;;;;NEW;CURRENT;1;;;;;;;;;;;;;
urn:gs1:gdd:cl:OriginOfWineCode:CA_YUKON;OriginOfWineCode;CA_YUKON;Canada - Yukon;Canada - Yukon;Canada - Yukon;;;;;;;;;NEW;CURRENT;1;;;;;;;;;;;;;
urn:gs1:gdd:cl:OriginOfWineCode:CH_GENEVA;OriginOfWineCode;CH_GENEVA;Switzerland - Geneva;Switzerland - Geneva;Suisse - Genève;;;;;;;;;NEW;CURRENT;1;;;;;;;;;;;;;
urn:gs1:gdd:cl:OriginOfWineCode:CH_GENEVA_SORAL;OriginOfWineCode;CH_GENEVA_SORAL;Switzerland - Geneva - Soral;Switzerland - Geneva - Soral;Suisse - Genève - Soral;;;;;;;;;NEW;CURRENT;1;;;;;;;;;;;;;
urn:gs1:gdd:cl:OriginOfWineCode:CH_VALAIS;OriginOfWineCode;CH_VALAIS;Switzerland - Valais;Switzerland - Valais;Suisse - Valais;;;;;;;;;NEW;CURRENT;1;;;;;;;;;;;;;
urn:gs1:gdd:cl:OriginOfWineCode:CH_VALAIS_SALQUENEN;OriginOfWineCode;CH_VALAIS_SALQUENEN;Switzerland - Valais - Salquenen;Switzerland - Valais - Salquenen;Suisse - Valais - Salquenen;;;;;;;;;NEW;CURRENT;1;;;;;;;;;;;;;
urn:gs1:gdd:cl:OriginOfWineCode:CH_VAL-DE-TRAVERS;OriginOfWineCode;CH_VAL-DE-TRAVERS;Switzerland - Val-De-Travers;Switzerland - Val-De-Travers;Suisse - Val-De-Travers;;;;;;;;;NEW;CURRENT;1;;;;;;;;;;;;;
urn:gs1:gdd:cl:OriginOfWineCode:CH_VAUD;OriginOfWineCode;CH_VAUD;Switzerland - Vaud;Switzerland - Vaud;Suisse - Vaud;;;;;;;;;NEW;CURRENT;1;;;;;;;;;;;;;
urn:gs1:gdd:cl:OriginOfWineCode:CL_ACONCAGUA_CASABLANCA VALLEY;OriginOfWineCode;CL_ACONCAGUA_CASABLANCA VALLEY;Chile - Aconcagua - Casablanca Valley;Chile - Aconcagua - Casablanca Valley;Chili - Aconcagua - Vallée de Casablanca;;;;;;;;;NEW;CURRENT;1;;;;;;;;;;;;;
urn:gs1:gdd:cl:OriginOfWineCode:CL_ACONCAGUA_LEYDA VALLEY;OriginOfWineCode;CL_ACONCAGUA_LEYDA VALLEY;Chile - Aconcagua - Leyda Valley;Chile - Aconcagua - Leyda Valley;Chili - Aconcagua - Vallée de Leyda;;;;;;;;;NEW;CURRENT;1;;;;;;;;;;;;;
urn:gs1:gdd:cl:OriginOfWineCode:CL_CENTRAL VALLEY;OriginOfWineCode;CL_CENTRAL VALLEY;Chile - Central Valley;Chile - Central Valley;Chili - Vallée centrale;;;;;;;;;NEW;CURRENT;1;;;;;;;;;;;;;
urn:gs1:gdd:cl:OriginOfWineCode:CL_CENTRAL VALLEY_CACHAPOAL VALLEY;OriginOfWineCode;CL_CENTRAL VALLEY_CACHAPOAL VALLEY;Chile - Central Valley - Cachapoal Valley;Chile - Central Valley - Cachapoal Valley;Chili - Vallée Centrale - Vallée de Cachapoal;;;;;;;;;NEW;CURRENT;1;;;;;;;;;;;;;
urn:gs1:gdd:cl:OriginOfWineCode:CL_CENTRAL VALLEY_CURICÓ VALLEY;OriginOfWineCode;CL_CENTRAL VALLEY_CURICÓ VALLEY;Chile - Central Valley - Curicó Valley;Chile - Central Valley - Curicó Valley;Chili - Vallée Centrale - Vallée de Curicó;;;;;;;;;NEW;CURRENT;1;;;;;;;;;;;;;
urn:gs1:gdd:cl:OriginOfWineCode:CL_CENTRAL VALLEY_MAIPO VALLEY;OriginOfWineCode;CL_CENTRAL VALLEY_MAIPO VALLEY;Chile - Central Valley - Maipo Valley;Chile - Central Valley - Maipo Valley;Chili - Vallée Centrale - Vallée du Maipo;;;;;;;;;NEW;CURRENT;1;;;;;;;;;;;;;
urn:gs1:gdd:cl:OriginOfWineCode:CL_CENTRAL VALLEY_MAULE VALLEY;OriginOfWineCode;CL_CENTRAL VALLEY_MAULE VALLEY;Chile - Central Valley - Maule Valley;Chile - Central Valley - Maule Valley;Chili - Vallée Centrale - Vallée du Maule;;;;;;;;;NEW;CURRENT;1;;;;;;;;;;;;;
urn:gs1:gdd:cl:OriginOfWineCode:CL_CENTRAL VALLEY_RAPEL VALLEY;OriginOfWineCode;CL_CENTRAL VALLEY_RAPEL VALLEY;Chile - Central Valley - Rapel Valley;Chile - Central Valley - Rapel Valley;Chili - Vallée Centrale - Vallée de Rapel;;;;;;;;;NEW;CURRENT;1;;;;;;;;;;;;;
urn:gs1:gdd:cl:OriginOfWineCode:CL_COASTAL;OriginOfWineCode;CL_COASTAL;Chile - Coastal;Chile - Coastal;Chili - Côtier;;;;;;;;;NEW;CURRENT;1;;;;;;;;;;;;;
urn:gs1:gdd:cl:OriginOfWineCode:CL_COLCHAGUA VALLEY;OriginOfWineCode;CL_COLCHAGUA VALLEY;Chile - Colchagua Valley;Chile - Colchagua Valley;Chili - Vallée de Colchagua;;;;;;;;;NEW;CURRENT;1;;;;;;;;;;;;;
urn:gs1:gdd:cl:OriginOfWineCode:CL_COQUIMBO;OriginOfWineCode;CL_COQUIMBO;Chile - Coquimbo;Chile - Coquimbo;Chili - Coquimbo;;;;;;;;;NEW;CURRENT;1;;;;;;;;;;;;;
urn:gs1:gdd:cl:OriginOfWineCode:CL_COQUIMBO_ELQUI VALLEY;OriginOfWineCode;CL_COQUIMBO_ELQUI VALLEY;Chile - Coquimbo - Elqui Valley;Chile - Coquimbo - Elqui Valley;Chili - Coquimbo - Vallée d'Elqui;;;;;;;;;NEW;CURRENT;1;;;;;;;;;;;;;
urn:gs1:gdd:cl:OriginOfWineCode:CL_LIMARI VALLEY;OriginOfWineCode;CL_LIMARI VALLEY;Chile - Limari Valley;Chile - Limari Valley;Chili - Vallée de Limari;;;;;;;;;NEW;CURRENT;1;;;;;;;;;;;;;
urn:gs1:gdd:cl:OriginOfWineCode:CL_LOLOL VALLEY;OriginOfWineCode;CL_LOLOL VALLEY;Chile - Lolol Valley;Chile - Lolol Valley;Chili - Vallée de Lolol;;;;;;;;;NEW;CURRENT;1;;;;;;;;;;;;;
urn:gs1:gdd:cl:OriginOfWineCode:CL_LONTUÉ VALLEY;OriginOfWineCode;CL_LONTUÉ VALLEY;Chile - Lontué Valley;Chile - Lontué Valley;Chili - Vallée de Lontué;;;;;;;;;NEW;CURRENT;1;;;;;;;;;;;;;
urn:gs1:gdd:cl:OriginOfWineCode:CL_MAIPO VALLEY_PUENTE ALTO;OriginOfWineCode;CL_MAIPO VALLEY_PUENTE ALTO;Chile - Maipo Valley - Puente Alto;Chile - Maipo Valley - Puente Alto;Chili - Vallée du Maipo - Puente Alto;;;;;;;;;NEW;CURRENT;1;;;;;;;;;;;;;
urn:gs1:gdd:cl:OriginOfWineCode:CL_MALLECO VALLEY;OriginOfWineCode;CL_MALLECO VALLEY;Chile - Malleco Valley;Chile - Malleco Valley;Chili - Vallée de Malleco;;;;;;;;;NEW;CURRENT;1;;;;;;;;;;;;;
urn:gs1:gdd:cl:OriginOfWineCode:CL_PEUMO;OriginOfWineCode;CL_PEUMO;Chile - Peumo;Chile - Peumo;Chili - Peumo;;;;;;;;;NEW;CURRENT;1;;;;;;;;;;;;;
urn:gs1:gdd:cl:OriginOfWineCode:CL_PIRQUE;OriginOfWineCode;CL_PIRQUE;Chile - Pirque;Chile - Pirque;Chili - Pirque;;;;;;;;;NEW;CURRENT;1;;;;;;;;;;;;;
urn:gs1:gdd:cl:OriginOfWineCode:CL_SAN ANTONIO VALLEY;OriginOfWineCode;CL_SAN ANTONIO VALLEY;Chile - San Antonio Valley;Chile - San Antonio Valley;Chili - Vallée de San Antonio;;;;;;;;;NEW;CURRENT;1;;;;;;;;;;;;;
urn:gs1:gdd:cl:OriginOfWineCode:CL_SOUTHERN CL_BÍO_BÍO VALLEY;OriginOfWineCode;CL_SOUTHERN CL_BÍO_BÍO VALLEY;Chile - Southern Chile - Bío- Bío Valley;Chile - Southern Chile - Bío- Bío Valley;Chili - Chili du Sud - Vallée du Bío-Bío;;;;;;;;;NEW;CURRENT;1;;;;;;;;;;;;;
urn:gs1:gdd:cl:OriginOfWineCode:CL_UNCLASSIFIED;OriginOfWineCode;CL_UNCLASSIFIED;Chile - Unclassified;Chile - Unclassified;Chili - Non classé;;;;;;;;;NEW;CURRENT;1;;;;;;;;;;;;;
urn:gs1:gdd:cl:OriginOfWineCode:CN_UNCLASSIFIED;OriginOfWineCode;CN_UNCLASSIFIED;China - Unclassified;China - Unclassified;Chine - Non classé;;;;;;;;;NEW;CURRENT;1;;;;;;;;;;;;;
urn:gs1:gdd:cl:OriginOfWineCode:CY_LEMESOS;OriginOfWineCode;CY_LEMESOS;Cyprus - Lemesos;Cyprus - Lemesos;Chypre - Lemesos;;;;;;;;;NEW;CURRENT;1;;;;;;;;;;;;;
urn:gs1:gdd:cl:OriginOfWineCode:DE_AHR;OriginOfWineCode;DE_AHR;Germany - Ahr;Germany - Ahr;Allemagne - Ahr;;;;;;;;;NEW;CURRENT;1;;;;;;;;;;;;;
urn:gs1:gdd:cl:OriginOfWineCode:DE_BADEN;OriginOfWineCode;DE_BADEN;Germany - Baden;Germany - Baden;Allemagne - Bade;;;;;;;;;NEW;CURRENT;1;;;;;;;;;;;;;
urn:gs1:gdd:cl:OriginOfWineCode:DE_FRANCONIA (FRANKEN);OriginOfWineCode;DE_FRANCONIA (FRANKEN);Germany - Franconia (Franken);Germany - Franconia (Franken);Allemagne - Franconie (Franken);;;;;;;;;NEW;CURRENT;1;;;;;;;;;;;;;
urn:gs1:gdd:cl:OriginOfWineCode:DE_HESSISCHE BERGSTRASSE;OriginOfWineCode;DE_HESSISCHE BERGSTRASSE;Germany - Hessische Bergstrasse;Germany - Hessische Bergstrasse;Allemagne - Hesse Bergstrasse;;;;;;;;;NEW;CURRENT;1;;;;;;;;;;;;;
urn:gs1:gdd:cl:OriginOfWineCode:DE_MITTELRHEIN;OriginOfWineCode;DE_MITTELRHEIN;Germany - Mittelrhein;Germany - Mittelrhein;Allemagne - Rhin moyen;;;;;;;;;NEW;CURRENT;1;;;;;;;;;;;;;
urn:gs1:gdd:cl:OriginOfWineCode:DE_MOSEL (MOSEL_SAAR_RUWER);OriginOfWineCode;DE_MOSEL (MOSEL_SAAR_RUWER);Germany - Mosel (Mosel- Saar- Ruwer);Germany - Mosel (Mosel- Saar- Ruwer);Allemagne - Moselle (Moselle- Sarre-Ruwer);;;;;;;;;NEW;CURRENT;1;;;;;;;;;;;;;
urn:gs1:gdd:cl:OriginOfWineCode:DE_NAHE;OriginOfWineCode;DE_NAHE;Germany - Nahe;Germany - Nahe;Allemagne - Nahe;;;;;;;;;NEW;CURRENT;1;;;;;;;;;;;;;
urn:gs1:gdd:cl:OriginOfWineCode:DE_PALATINATE (PFALZ);OriginOfWineCode;DE_PALATINATE (PFALZ);Germany - Palatinate (Pfalz);Germany - Palatinate (Pfalz);Allemagne - Palatinat (Pfalz);;;;;;;;;NEW;CURRENT;1;;;;;;;;;;;;;
urn:gs1:gdd:cl:OriginOfWineCode:DE_RHEINGAU;OriginOfWineCode;DE_RHEINGAU;Germany - Rheingau;Germany - Rheingau;Allemagne - Rheingau;;;;;;;;;NEW;CURRENT;1;;;;;;;;;;;;;
urn:gs1:gdd:cl:OriginOfWineCode:DE_RHEINHESSEN;OriginOfWineCode;DE_RHEINHESSEN;Germany - Rheinhessen;Germany - Rheinhessen;Allemagne - Hesse rhénane;;;;;;;;;NEW;CURRENT;1;;;;;;;;;;;;;
urn:gs1:gdd:cl:OriginOfWineCode:DE_RHINE;OriginOfWineCode;DE_RHINE;Germany - Rhine;Germany - Rhine;Allemagne - Rhin;;;;;;;;;NEW;CURRENT;1;;;;;;;;;;;;;
urn:gs1:gdd:cl:OriginOfWineCode:DE_SAALE-UNSTRUT;OriginOfWineCode;DE_SAALE-UNSTRUT;Germany - Saale-Unstrut;Germany - Saale-Unstrut;Allemagne - Saale-Unstrut;;;;;;;;;NEW;CURRENT;1;;;;;;;;;;;;;
urn:gs1:gdd:cl:OriginOfWineCode:DE_SAXONY (SACHSEN);OriginOfWineCode;DE_SAXONY (SACHSEN);Germany - Saxony (Sachsen);Germany - Saxony (Sachsen);Allemagne - Saxe (Sachsen);;;;;;;;;NEW;CURRENT;1;;;;;;;;;;;;;
urn:gs1:gdd:cl:OriginOfWineCode:DE_UNCLASSIFIED;OriginOfWineCode;DE_UNCLASSIFIED;Germany - Unclassified;Germany - Unclassified;Allemagne - Non classé;;;;;;;;;NEW;CURRENT;1;;;;;;;;;;;;;
urn:gs1:gdd:cl:OriginOfWineCode:DE_WÜRTTEMBERG;OriginOfWineCode;DE_WÜRTTEMBERG;Germany - Württemberg;Germany - Württemberg;Allemagne - Wurtemberg;;;;;;;;;NEW;CURRENT;1;;;;;;;;;;;;;
urn:gs1:gdd:cl:OriginOfWineCode:ES_ANDALUCIA_JEREZ DE LA FRONTERA;OriginOfWineCode;ES_ANDALUCIA_JEREZ DE LA FRONTERA;Spain - Andalucia - Jerez De La Frontera;Spain - Andalucia - Jerez De La Frontera;Espagne - Andalousie - Jerez De La Frontera;;;;;;;;;NEW;CURRENT;1;;;;;;;;;;;;;
urn:gs1:gdd:cl:OriginOfWineCode:ES_ANDALUCIA_UNCLASSIFIED;OriginOfWineCode;ES_ANDALUCIA_UNCLASSIFIED;Spain - Andalucia - Unclassified;Spain - Andalucia - Unclassified;Espagne - Andalousie - Non classé;;;;;;;;;NEW;CURRENT;1;;;;;;;;;;;;;
urn:gs1:gdd:cl:OriginOfWineCode:ES_ANDALUSIA_MALAGA;OriginOfWineCode;ES_ANDALUSIA_MALAGA;Spain - Andalusia - Malaga;Spain - Andalusia - Malaga;Espagne - Andalousie - Malaga;;;;;;;;;NEW;CURRENT;1;;;;;;;;;;;;;
urn:gs1:gdd:cl:OriginOfWineCode:ES_ANDALUSIA_MONTILLA_MORILES;OriginOfWineCode;ES_ANDALUSIA_MONTILLA_MORILES;Spain - Andalusia - Montilla- Moriles;Spain - Andalusia - Montilla- Moriles;Espagne - Andalousie - Montilla-Moriles;;;;;;;;;NEW;CURRENT;1;;;;;;;;;;;;;
urn:gs1:gdd:cl:OriginOfWineCode:ES_ARAGON_CALATAYUD;OriginOfWineCode;ES_ARAGON_CALATAYUD;Spain - Aragon - Calatayud;Spain - Aragon - Calatayud;Espagne - Aragon - Calatayud;;;;;;;;;NEW;CURRENT;1;;;;;;;;;;;;;
urn:gs1:gdd:cl:OriginOfWineCode:ES_ARAGON_CAMPO DE BORJA;OriginOfWineCode;ES_ARAGON_CAMPO DE BORJA;Spain - Aragon - Campo De Borja;Spain - Aragon - Campo De Borja;Espagne - Aragon - Campo De Borja;;;;;;;;;NEW;CURRENT;1;;;;;;;;;;;;;
urn:gs1:gdd:cl:OriginOfWineCode:ES_ARAGON_CAMPO DE CARIÑENA;OriginOfWineCode;ES_ARAGON_CAMPO DE CARIÑENA;Spain - Aragon - Campo De Cariñena;Spain - Aragon - Campo De Cariñena;Espagne - Aragon - Campo De Cariñena;;;;;;;;;NEW;CURRENT;1;;;;;;;;;;;;;
urn:gs1:gdd:cl:OriginOfWineCode:ES_ARAGON_SOMONTANO;OriginOfWineCode;ES_ARAGON_SOMONTANO;Spain - Aragon - Somontano;Spain - Aragon - Somontano;Espagne - Aragon - Somontano;;;;;;;;;NEW;CURRENT;1;;;;;;;;;;;;;
urn:gs1:gdd:cl:OriginOfWineCode:ES_BALEARIC ISLANDS_BINISSALEM_MALLORCA;OriginOfWineCode;ES_BALEARIC ISLANDS_BINISSALEM_MALLORCA;Spain - Balearic Islands - Binissalem- Mallorca;Spain - Balearic Islands - Binissalem- Mallorca;Espagne - Îles Baléares - Binissalem- Majorque;;;;;;;;;NEW;CURRENT;1;;;;;;;;;;;;;
urn:gs1:gdd:cl:OriginOfWineCode:ES_CÁDIZ_JEREZ;OriginOfWineCode;ES_CÁDIZ_JEREZ;Spain - Cádiz - Jerez;Spain - Cádiz - Jerez;Espagne - Cadix - Jerez;;;;;;;;;NEW;CURRENT;1;;;;;;;;;;;;;
urn:gs1:gdd:cl:OriginOfWineCode:ES_CASTILE AND LEÓN;OriginOfWineCode;ES_CASTILE AND LEÓN;Spain - Castile And León;Spain - Castile And León;Espagne - Castille-et-León;;;;;;;;;NEW;CURRENT;1;;;;;;;;;;;;;
urn:gs1:gdd:cl:OriginOfWineCode:ES_CASTILE AND LEÓN_BIERZO;OriginOfWineCode;ES_CASTILE AND LEÓN_BIERZO;Spain - Castile And León - Bierzo;Spain - Castile And León - Bierzo;Espagne - Castille Et León - Bierzo;;;;;;;;;NEW;CURRENT;1;;;;;;;;;;;;;
urn:gs1:gdd:cl:OriginOfWineCode:ES_CASTILE AND LEÓN_CIGALES;OriginOfWineCode;ES_CASTILE AND LEÓN_CIGALES;Spain - Castile And León - Cigales;Spain - Castile And León - Cigales;Espagne - Castille Et León - Cigales;;;;;;;;;NEW;CURRENT;1;;;;;;;;;;;;;
urn:gs1:gdd:cl:OriginOfWineCode:ES_CASTILE AND LEÓN_RIBERA DEL DUERO;OriginOfWineCode;ES_CASTILE AND LEÓN_RIBERA DEL DUERO;Spain - Castile And León - Ribera Del Duero;Spain - Castile And León - Ribera Del Duero;Espagne - Castille Et León - Ribera Del Duero;;;;;;;;;NEW;CURRENT;1;;;;;;;;;;;;;
urn:gs1:gdd:cl:OriginOfWineCode:ES_CASTILE AND LEÓN_RUEDA;OriginOfWineCode;ES_CASTILE AND LEÓN_RUEDA;Spain - Castile And León - Rueda;Spain - Castile And León - Rueda;Espagne - Castille Et León - Rueda;;;;;;;;;NEW;CURRENT;1;;;;;;;;;;;;;
urn:gs1:gdd:cl:OriginOfWineCode:ES_CASTILE AND LEÓN_TIERRA DE LEÓN;OriginOfWineCode;ES_CASTILE AND LEÓN_TIERRA DE LEÓN;Spain - Castile And León - Tierra De León;Spain - Castile And León - Tierra De León;Espagne - Castille Et León - Terre De León;;;;;;;;;NEW;CURRENT;1;;;;;;;;;;;;;
urn:gs1:gdd:cl:OriginOfWineCode:ES_CASTILE AND LEÓN_TORO;OriginOfWineCode;ES_CASTILE AND LEÓN_TORO;Spain - Castile And León - Toro;Spain - Castile And León - Toro;Espagne - Castille Et León - Toro;;;;;;;;;NEW;CURRENT;1;;;;;;;;;;;;;
urn:gs1:gdd:cl:OriginOfWineCode:ES_CASTILE_LA MANCHA;OriginOfWineCode;ES_CASTILE_LA MANCHA;Spain - Castile-La Mancha;Spain - Castile-La Mancha;Espagne - Castille-La Manche;;;;;;;;;NEW;CURRENT;1;;;;;;;;;;;;;
urn:gs1:gdd:cl:OriginOfWineCode:ES_CASTILE_LA MANCHA_ALMANSA;OriginOfWineCode;ES_CASTILE_LA MANCHA_ALMANSA;Spain - Castile-La Mancha - Almansa;Spain - Castile-La Mancha - Almansa;Espagne - Castille-La Manche - Almansa;;;;;;;;;NEW;CURRENT;1;;;;;;;;;;;;;
urn:gs1:gdd:cl:OriginOfWineCode:ES_CASTILE_LA MANCHA_JUMILLA;OriginOfWineCode;ES_CASTILE_LA MANCHA_JUMILLA;Spain - Castile-La Mancha - Jumilla;Spain - Castile-La Mancha - Jumilla;Espagne - Castille-La Manche - Jumilla;;;;;;;;;NEW;CURRENT;1;;;;;;;;;;;;;
urn:gs1:gdd:cl:OriginOfWineCode:ES_CASTILE_LA MANCHA_MANCHUELA;OriginOfWineCode;ES_CASTILE_LA MANCHA_MANCHUELA;Spain - Castile-La Mancha - Manchuela;Spain - Castile-La Mancha - Manchuela;Espagne - Castille-La Manche - Manchuela;;;;;;;;;NEW;CURRENT;1;;;;;;;;;;;;;
urn:gs1:gdd:cl:OriginOfWineCode:ES_CASTILE_LA MANCHA_MÉNTRIDA;OriginOfWineCode;ES_CASTILE_LA MANCHA_MÉNTRIDA;Spain - Castile-La Mancha - Méntrida;Spain - Castile-La Mancha - Méntrida;Espagne - Castille-La Manche - Méntrida;;;;;;;;;NEW;CURRENT;1;;;;;;;;;;;;;
urn:gs1:gdd:cl:OriginOfWineCode:ES_CASTILE_LA MANCHA_RIBERA DEL JÚCAR;OriginOfWineCode;ES_CASTILE_LA MANCHA_RIBERA DEL JÚCAR;Spain - Castile-La Mancha - Ribera Del Júcar;Spain - Castile-La Mancha - Ribera Del Júcar;Espagne - Castille-La Manche - Ribera Del Júcar;;;;;;;;;NEW;CURRENT;1;;;;;;;;;;;;;
urn:gs1:gdd:cl:OriginOfWineCode:ES_CASTILE_LA MANCHA_VALDEPEÑAS;OriginOfWineCode;ES_CASTILE_LA MANCHA_VALDEPEÑAS;Spain - Castile-La Mancha - Valdepeñas;Spain - Castile-La Mancha - Valdepeñas;Espagne - Castille-La Manche - Valdepeñas;;;;;;;;;NEW;CURRENT;1;;;;;;;;;;;;;
urn:gs1:gdd:cl:OriginOfWineCode:ES_CATALONIA_CATALUNYA;OriginOfWineCode;ES_CATALONIA_CATALUNYA;Spain - Catalonia - Catalunya;Spain - Catalonia - Catalunya;Espagne - Catalogne - Catalogne;;;;;;;;;NEW;CURRENT;1;;;;;;;;;;;;;
urn:gs1:gdd:cl:OriginOfWineCode:ES_CATALONIA_COSTERS DEL SEGRE;OriginOfWineCode;ES_CATALONIA_COSTERS DEL SEGRE;Spain - Catalonia - Costers Del Segre;Spain - Catalonia - Costers Del Segre;Espagne - Catalogne - Costers Del Segre;;;;;;;;;NEW;CURRENT;1;;;;;;;;;;;;;
urn:gs1:gdd:cl:OriginOfWineCode:ES_CATALONIA_EMPORDÀ;OriginOfWineCode;ES_CATALONIA_EMPORDÀ;Spain - Catalonia - Empordà;Spain - Catalonia - Empordà;Espagne - Catalogne - Empordà;;;;;;;;;NEW;CURRENT;1;;;;;;;;;;;;;
urn:gs1:gdd:cl:OriginOfWineCode:ES_CATALONIA_MONTSANT;OriginOfWineCode;ES_CATALONIA_MONTSANT;Spain - Catalonia - Montsant;Spain - Catalonia - Montsant;Espagne - Catalogne - Montsant;;;;;;;;;NEW;CURRENT;1;;;;;;;;;;;;;
urn:gs1:gdd:cl:OriginOfWineCode:ES_CATALONIA_PENEDÈS;OriginOfWineCode;ES_CATALONIA_PENEDÈS;Spain - Catalonia - Penedès;Spain - Catalonia - Penedès;Espagne - Catalogne - Penedès;;;;;;;;;NEW;CURRENT;1;;;;;;;;;;;;;
urn:gs1:gdd:cl:OriginOfWineCode:ES_CATALONIA_PRIORAT;OriginOfWineCode;ES_CATALONIA_PRIORAT;Spain - Catalonia - Priorat;Spain - Catalonia - Priorat;Espagne - Catalogne - Priorat;;;;;;;;;NEW;CURRENT;1;;;;;;;;;;;;;
urn:gs1:gdd:cl:OriginOfWineCode:ES_CATALONIA_TARRAGONA;OriginOfWineCode;ES_CATALONIA_TARRAGONA;Spain - Catalonia - Tarragona;Spain - Catalonia - Tarragona;Espagne - Catalogne - Tarragone;;;;;;;;;NEW;CURRENT;1;;;;;;;;;;;;;
urn:gs1:gdd:cl:OriginOfWineCode:ES_CATALONIA_TERRA ALTA;OriginOfWineCode;ES_CATALONIA_TERRA ALTA;Spain - Catalonia - Terra Alta;Spain - Catalonia - Terra Alta;Espagne - Catalogne - Terra Alta;;;;;;;;;NEW;CURRENT;1;;;;;;;;;;;;;
urn:gs1:gdd:cl:OriginOfWineCode:ES_COMMUNITY OF MADRID_VINOS DE MADRID;OriginOfWineCode;ES_COMMUNITY OF MADRID_VINOS DE MADRID;Spain - Community Of Madrid - Vinos De Madrid;Spain - Community Of Madrid - Vinos De Madrid;Espagne - Communauté De Madrid - Vinos De Madrid;;;;;;;;;NEW;CURRENT;1;;;;;;;;;;;;;
urn:gs1:gdd:cl:OriginOfWineCode:ES_DOURO;OriginOfWineCode;ES_DOURO;Spain - Douro;Spain - Douro;Espagne - Douro;;;;;;;;;NEW;CURRENT;1;;;;;;;;;;;;;
urn:gs1:gdd:cl:OriginOfWineCode:ES_DOURO_BAIXO CORGO;OriginOfWineCode;ES_DOURO_BAIXO CORGO;Spain - Douro - Baixo Corgo;Spain - Douro - Baixo Corgo;Espagne - Douro - Baixo Corgo;;;;;;;;;NEW;CURRENT;1;;;;;;;;;;;;;
urn:gs1:gdd:cl:OriginOfWineCode:ES_DOURO_CIMA CORGO;OriginOfWineCode;ES_DOURO_CIMA CORGO;Spain - Douro - Cima Corgo;Spain - Douro - Cima Corgo;Espagne - Douro - Cima Corgo;;;;;;;;;NEW;CURRENT;1;;;;;;;;;;;;;
urn:gs1:gdd:cl:OriginOfWineCode:ES_DOURO_DOURO SUPERIOR;OriginOfWineCode;ES_DOURO_DOURO SUPERIOR;Spain - Douro - Douro Superior;Spain - Douro - Douro Superior;Espagne - Douro - Douro Supérieur;;;;;;;;;NEW;CURRENT;1;;;;;;;;;;;;;
urn:gs1:gdd:cl:OriginOfWineCode:ES_GALICIA_VALDEORRAS;OriginOfWineCode;ES_GALICIA_VALDEORRAS;Spain - Galicia - Valdeorras;Spain - Galicia - Valdeorras;Espagne - Galice - Valdeorras;;;;;;;;;NEW;CURRENT;1;;;;;;;;;;;;;
urn:gs1:gdd:cl:OriginOfWineCode:ES_MADRID;OriginOfWineCode;ES_MADRID;Spain - Madrid;Spain - Madrid;Espagne - Madrid;;;;;;;;;NEW;CURRENT;1;;;;;;;;;;;;;
urn:gs1:gdd:cl:OriginOfWineCode:ES_NAVARRE_NAVARRA;OriginOfWineCode;ES_NAVARRE_NAVARRA;Spain - Navarre - Navarra;Spain - Navarre - Navarra;Espagne - Navarre - Navarre;;;;;;;;;NEW;CURRENT;1;;;;;;;;;;;;;
urn:gs1:gdd:cl:OriginOfWineCode:ES_NAVARRE_RIOJA;OriginOfWineCode;ES_NAVARRE_RIOJA;Spain - Navarre - Rioja;Spain - Navarre - Rioja;Espagne - Navarre - Rioja;;;;;;;;;NEW;CURRENT;1;;;;;;;;;;;;;
urn:gs1:gdd:cl:OriginOfWineCode:ES_REGIÓN DE MURCIA_BULLAS;OriginOfWineCode;ES_REGIÓN DE MURCIA_BULLAS;Spain - Región De Murcia - Bullas;Spain - Región De Murcia - Bullas;Espagne - Región De Murcia - Bullas;;;;;;;;;NEW;CURRENT;1;;;;;;;;;;;;;
urn:gs1:gdd:cl:OriginOfWineCode:ES_REGIÓN DE MURCIA_YECLA;OriginOfWineCode;ES_REGIÓN DE MURCIA_YECLA;Spain - Región De Murcia - Yecla;Spain - Región De Murcia - Yecla;Espagne - Région De Murcie - Yecla;;;;;;;;;NEW;CURRENT;1;;;;;;;;;;;;;
urn:gs1:gdd:cl:OriginOfWineCode:ES_RÍAS BAIXAS;OriginOfWineCode;ES_RÍAS BAIXAS;Spain - Rías Baixas;Spain - Rías Baixas;Espagne - Rías Baixas;;;;;;;;;NEW;CURRENT;1;;;;;;;;;;;;;
urn:gs1:gdd:cl:OriginOfWineCode:ES_RÍAS BAIXAS_CONDADO DE TEA;OriginOfWineCode;ES_RÍAS BAIXAS_CONDADO DE TEA;Spain - Rías Baixas - Condado De Tea;Spain - Rías Baixas - Condado De Tea;Espagne - Rías Baixas - Condado De Tea;;;;;;;;;NEW;CURRENT;1;;;;;;;;;;;;;
urn:gs1:gdd:cl:OriginOfWineCode:ES_RIBEIRA SACRA;OriginOfWineCode;ES_RIBEIRA SACRA;Spain - Ribeira Sacra;Spain - Ribeira Sacra;Espagne - Ribeira Sacra;;;;;;;;;NEW;CURRENT;1;;;;;;;;;;;;;
urn:gs1:gdd:cl:OriginOfWineCode:ES_RIOJA;OriginOfWineCode;ES_RIOJA;Spain - Rioja;Spain - Rioja;Espagne - Rioja;;;;;;;;;NEW;CURRENT;1;;;;;;;;;;;;;
urn:gs1:gdd:cl:OriginOfWineCode:ES_RIOJA_RIOJA ALTA;OriginOfWineCode;ES_RIOJA_RIOJA ALTA;Spain - Rioja - Rioja Alta;Spain - Rioja - Rioja Alta;Espagne - Rioja - Rioja Alta;;;;;;;;;NEW;CURRENT;1;;;;;;;;;;;;;
urn:gs1:gdd:cl:OriginOfWineCode:ES_RONDA;OriginOfWineCode;ES_RONDA;Spain - Ronda;Spain - Ronda;Espagne - Ronda;;;;;;;;;NEW;CURRENT;1;;;;;;;;;;;;;
urn:gs1:gdd:cl:OriginOfWineCode:ES_GALICIA_RIBEIRO;OriginOfWineCode;ES_GALICIA_RIBEIRO;Spain - Galicia - Ribeiro;Spain - Galicia - Ribeiro;Espagne - Galice - Ribeiro;;;;;;;;;NEW;CURRENT;1;;;;;;;;;;;;;
urn:gs1:gdd:cl:OriginOfWineCode:ES_TARRAGONA_CONCA DE BARBERÀ;OriginOfWineCode;ES_TARRAGONA_CONCA DE BARBERÀ;Spain - Tarragona - Conca De Barberà;Spain - Tarragona - Conca De Barberà;Espagne - Tarragone - Conca De Barberà;;;;;;;;;NEW;CURRENT;1;;;;;;;;;;;;;
urn:gs1:gdd:cl:OriginOfWineCode:ES_TARRAGONA_CORTONA;OriginOfWineCode;ES_TARRAGONA_CORTONA;Spain - Tarragona - Cortona;Spain - Tarragona - Cortona;Espagne - Tarragone - Cortone;;;;;;;;;NEW;CURRENT;1;;;;;;;;;;;;;
urn:gs1:gdd:cl:OriginOfWineCode:ES_UNCLASSIFIED;OriginOfWineCode;ES_UNCLASSIFIED;Spain - Unclassified;Spain - Unclassified;Espagne - Non classé;;;;;;;;;NEW;CURRENT;1;;;;;;;;;;;;;
urn:gs1:gdd:cl:OriginOfWineCode:ES_VALENCIAN COMMUNITY_ALICANTE;OriginOfWineCode;ES_VALENCIAN COMMUNITY_ALICANTE;Spain - Valencian Community - Alicante;Spain - Valencian Community - Alicante;Espagne - Communauté Valencienne - Alicante;;;;;;;;;NEW;CURRENT;1;;;;;;;;;;;;;
urn:gs1:gdd:cl:OriginOfWineCode:ES_VALENCIAN COMMUNITY_UTIEL_REQUENA;OriginOfWineCode;ES_VALENCIAN COMMUNITY_UTIEL_REQUENA;Spain - Valencian Community - Utiel- Requena;Spain - Valencian Community - Utiel- Requena;Espagne - Communauté Valencienne - Utiel-Requena;;;;;;;;;NEW;CURRENT;1;;;;;;;;;;;;;
urn:gs1:gdd:cl:OriginOfWineCode:ES_VALENCIAN COMMUNITY_VALENCIA;OriginOfWineCode;ES_VALENCIAN COMMUNITY_VALENCIA;Spain - Valencian Community - Valencia;Spain - Valencian Community - Valencia;Espagne - Communauté Valencienne - Valence;;;;;;;;;NEW;CURRENT;1;;;;;;;;;;;;;
urn:gs1:gdd:cl:OriginOfWineCode:FR_ALSACE_ALSACE GRAND CRU;OriginOfWineCode;FR_ALSACE_ALSACE GRAND CRU;France - Alsace - Alsace Grand Cru;France - Alsace - Alsace Grand Cru;France - Alsace - Alsace Grand Cru;;;;;;;;;NEW;CURRENT;1;;;;;;;;;;;;;
urn:gs1:gdd:cl:OriginOfWineCode:FR_ALSACE_ALSACE OU VIN D'ALSACE;OriginOfWineCode;FR_ALSACE_ALSACE OU VIN D'ALSACE;France - Alsace - Alsace Ou Vin D'Alsace;France - Alsace - Alsace Ou Vin D'Alsace;France - Alsace - Alsace Ou Vin D'Alsace;;;;;;;;;NEW;CURRENT;1;;;;;;;;;;;;;
urn:gs1:gdd:cl:OriginOfWineCode:FR_ALSACE_ALSACE WINE;OriginOfWineCode;FR_ALSACE_ALSACE WINE;France - Alsace - Alsace Wine;France - Alsace - Alsace Wine;France - Alsace - Vins d'Alsace;;;;;;;;;NEW;CURRENT;1;;;;;;;;;;;;;
urn:gs1:gdd:cl:OriginOfWineCode:FR_ALSACE_CREMANT D’ALSACE;OriginOfWineCode;FR_ALSACE_CREMANT D’ALSACE;France - Alsace - Cremant D’Alsace;France - Alsace - Cremant D’Alsace;France - Alsace - Crémant D'Alsace;;;;;;;;;NEW;CURRENT;1;;;;;;;;;;;;;
urn:gs1:gdd:cl:OriginOfWineCode:FR_ARMAGNAC;OriginOfWineCode;FR_ARMAGNAC;France - Armagnac;France - Armagnac;France - Armagnac;;;;;;;;;NEW;CURRENT;1;;;;;;;;;;;;;
urn:gs1:gdd:cl:OriginOfWineCode:FR_BEAUJOLAIS_BEAUJOLAIS;OriginOfWineCode;FR_BEAUJOLAIS_BEAUJOLAIS;France - Beaujolais - Beaujolais;France - Beaujolais - Beaujolais;France - Beaujolais - Beaujolais;;;;;;;;;NEW;CURRENT;1;;;;;;;;;;;;;
urn:gs1:gdd:cl:OriginOfWineCode:FR_BEAUJOLAIS_BROUILLY;OriginOfWineCode;FR_BEAUJOLAIS_BROUILLY;France - Beaujolais - Brouilly;France - Beaujolais - Brouilly;France - Beaujolais - Brouilly;;;;;;;;;NEW;CURRENT;1;;;;;;;;;;;;;
urn:gs1:gdd:cl:OriginOfWineCode:FR_BEAUJOLAIS_CHENAS;OriginOfWineCode;FR_BEAUJOLAIS_CHENAS;France - Beaujolais - Chenas;France - Beaujolais - Chenas;France - Beaujolais - Chénas;;;;;;;;;NEW;CURRENT;1;;;;;;;;;;;;;
urn:gs1:gdd:cl:OriginOfWineCode:FR_BEAUJOLAIS_CHIROUBLES;OriginOfWineCode;FR_BEAUJOLAIS_CHIROUBLES;France - Beaujolais - Chiroubles;France - Beaujolais - Chiroubles;France - Beaujolais - Chiroubles;;;;;;;;;NEW;CURRENT;1;;;;;;;;;;;;;
urn:gs1:gdd:cl:OriginOfWineCode:FR_BEAUJOLAIS_CORNAS;OriginOfWineCode;FR_BEAUJOLAIS_CORNAS;France - Beaujolais - Cornas;France - Beaujolais - Cornas;France - Beaujolais - Cornas;;;;;;;;;NEW;CURRENT;1;;;;;;;;;;;;;
urn:gs1:gdd:cl:OriginOfWineCode:FR_BEAUJOLAIS_COTE DE BROUILLY;OriginOfWineCode;FR_BEAUJOLAIS_COTE DE BROUILLY;France - Beaujolais - Cote De Brouilly;France - Beaujolais - Cote De Brouilly;France - Beaujolais - Côte De Brouilly;;;;;;;;;NEW;CURRENT;1;;;;;;;;;;;;;
urn:gs1:gdd:cl:OriginOfWineCode:FR_BEAUJOLAIS_COTEAUX DU LYONNAIS;OriginOfWineCode;FR_BEAUJOLAIS_COTEAUX DU LYONNAIS;France - Beaujolais - Coteaux Du Lyonnais;France - Beaujolais - Coteaux Du Lyonnais;France - Beaujolais - Coteaux Du Lyonnais;;;;;;;;;NEW;CURRENT;1;;;;;;;;;;;;;
urn:gs1:gdd:cl:OriginOfWineCode:FR_BEAUJOLAIS_FLEURIE;OriginOfWineCode;FR_BEAUJOLAIS_FLEURIE;France - Beaujolais - Fleurie;France - Beaujolais - Fleurie;France - Beaujolais - Fleurie;;;;;;;;;NEW;CURRENT;1;;;;;;;;;;;;;
urn:gs1:gdd:cl:OriginOfWineCode:FR_BEAUJOLAIS_JULIENAS;OriginOfWineCode;FR_BEAUJOLAIS_JULIENAS;France - Beaujolais - Julienas;France - Beaujolais - Julienas;France - Beaujolais - Julienas;;;;;;;;;NEW;CURRENT;1;;;;;;;;;;;;;
urn:gs1:gdd:cl:OriginOfWineCode:FR_BEAUJOLAIS_MORGON;OriginOfWineCode;FR_BEAUJOLAIS_MORGON;France - Beaujolais - Morgon;France - Beaujolais - Morgon;France - Beaujolais - Morgon;;;;;;;;;NEW;CURRENT;1;;;;;;;;;;;;;
urn:gs1:gdd:cl:OriginOfWineCode:FR_BEAUJOLAIS_MOULIN-A-VENT;OriginOfWineCode;FR_BEAUJOLAIS_MOULIN-A-VENT;France - Beaujolais - Moulin-A-Vent;France - Beaujolais - Moulin-A-Vent;France - Beaujolais - Moulin-à-Vent;;;;;;;;;NEW;CURRENT;1;;;;;;;;;;;;;
urn:gs1:gdd:cl:OriginOfWineCode:FR_BEAUJOLAIS_REGNIE;OriginOfWineCode;FR_BEAUJOLAIS_REGNIE;France - Beaujolais - Regnie;France - Beaujolais - Regnie;France - Beaujolais - Régnie;;;;;;;;;NEW;CURRENT;1;;;;;;;;;;;;;
urn:gs1:gdd:cl:OriginOfWineCode:FR_BEAUJOLAIS_SAINT-AMOUR;OriginOfWineCode;FR_BEAUJOLAIS_SAINT-AMOUR;France - Beaujolais - Saint-Amour;France - Beaujolais - Saint-Amour;France - Beaujolais - Saint-Amour;;;;;;;;;NEW;CURRENT;1;;;;;;;;;;;;;
urn:gs1:gdd:cl:OriginOfWineCode:FR_BEAUJOLAIS_VILLAGES;OriginOfWineCode;FR_BEAUJOLAIS_VILLAGES;France - Beaujolais - Villages;France - Beaujolais - Villages;France - Beaujolais - Villages;;;;;;;;;NEW;CURRENT;1;;;;;;;;;;;;;
urn:gs1:gdd:cl:OriginOfWineCode:FR_BORDEAUX_BARSAC;OriginOfWineCode;FR_BORDEAUX_BARSAC;France - Bordeaux - Barsac;France - Bordeaux - Barsac;France - Bordeaux - Barsac;;;;;;;;;NEW;CURRENT;1;;;;;;;;;;;;;
urn:gs1:gdd:cl:OriginOfWineCode:FR_BORDEAUX_BERGERAC;OriginOfWineCode;FR_BORDEAUX_BERGERAC;France - Bordeaux - Bergerac;France - Bordeaux - Bergerac;France - Bordeaux - Bergerac;;;;;;;;;NEW;CURRENT;1;;;;;;;;;;;;;
urn:gs1:gdd:cl:OriginOfWineCode:FR_BORDEAUX_BLAYE;OriginOfWineCode;FR_BORDEAUX_BLAYE;France - Bordeaux - Blaye;France - Bordeaux - Blaye;France - Bordeaux - Blaye;;;;;;;;;NEW;CURRENT;1;;;;;;;;;;;;;
urn:gs1:gdd:cl:OriginOfWineCode:FR_BORDEAUX_BORDEAUX;OriginOfWineCode;FR_BORDEAUX_BORDEAUX;France - Bordeaux - Bordeaux;France - Bordeaux - Bordeaux;France - Bordeaux - Bordeaux;;;;;;;;;NEW;CURRENT;1;;;;;;;;;;;;;
urn:gs1:gdd:cl:OriginOfWineCode:FR_BORDEAUX_BORDEAUX SUPERIEUR;OriginOfWineCode;FR_BORDEAUX_BORDEAUX SUPERIEUR;France - Bordeaux - Bordeaux Superieur;France - Bordeaux - Bordeaux Superieur;France - Bordeaux - Bordeaux Supérieur;;;;;;;;;NEW;CURRENT;1;;;;;;;;;;;;;
urn:gs1:gdd:cl:OriginOfWineCode:FR_BORDEAUX_CADILLAC;OriginOfWineCode;FR_BORDEAUX_CADILLAC;France - Bordeaux - Cadillac;France - Bordeaux - Cadillac;France - Bordeaux - Cadillac;;;;;;;;;NEW;CURRENT;1;;;;;;;;;;;;;
urn:gs1:gdd:cl:OriginOfWineCode:FR_BORDEAUX_CANON FRONSAC;OriginOfWineCode;FR_BORDEAUX_CANON FRONSAC;France - Bordeaux - Canon Fronsac;France - Bordeaux - Canon Fronsac;France - Bordeaux - Canon Fronsac;;;;;;;;;NEW;CURRENT;1;;;;;;;;;;;;;
urn:gs1:gdd:cl:OriginOfWineCode:FR_BORDEAUX_CERONS;OriginOfWineCode;FR_BORDEAUX_CERONS;France - Bordeaux - Cerons;France - Bordeaux - Cerons;France - Bordeaux - Cérons;;;;;;;;;NEW;CURRENT;1;;;;;;;;;;;;;
urn:gs1:gdd:cl:OriginOfWineCode:FR_BORDEAUX_COTES DE BERGERAC;OriginOfWineCode;FR_BORDEAUX_COTES DE BERGERAC;France - Bordeaux - Cotes De Bergerac;France - Bordeaux - Cotes De Bergerac;France - Bordeaux - Côtes De Bergerac;;;;;;;;;NEW;CURRENT;1;;;;;;;;;;;;;
urn:gs1:gdd:cl:OriginOfWineCode:FR_BORDEAUX_COTES DE BLAYE;OriginOfWineCode;FR_BORDEAUX_COTES DE BLAYE;France - Bordeaux - Cotes De Blaye;France - Bordeaux - Cotes De Blaye;France - Bordeaux - Côtes De Blaye;;;;;;;;;NEW;CURRENT;1;;;;;;;;;;;;;
urn:gs1:gdd:cl:OriginOfWineCode:FR_BORDEAUX_COTES DE BORDEAUX;OriginOfWineCode;FR_BORDEAUX_COTES DE BORDEAUX;France - Bordeaux - Cotes De Bordeaux;France - Bordeaux - Cotes De Bordeaux;France - Bordeaux - Côtes De Bordeaux;;;;;;;;;NEW;CURRENT;1;;;;;;;;;;;;;
urn:gs1:gdd:cl:OriginOfWineCode:FR_BORDEAUX_COTES DE BORDEAUX-SAINT-MACAIRE;OriginOfWineCode;FR_BORDEAUX_COTES DE BORDEAUX-SAINT-MACAIRE;France - Bordeaux - Cotes De Bordeaux-Saint-Macaire;France - Bordeaux - Cotes De Bordeaux-Saint-Macaire;France - Bordeaux - Côtes De Bordeaux-Saint-Macaire;;;;;;;;;NEW;CURRENT;1;;;;;;;;;;;;;
urn:gs1:gdd:cl:OriginOfWineCode:FR_BORDEAUX_COTES DE BOURG_BOURG ET BOURGEAIS;OriginOfWineCode;FR_BORDEAUX_COTES DE BOURG_ BOURG ET BOURGEAIS;France - Bordeaux - Cotes De Bourg, Bourg Et Bourgeais ;France - Bordeaux - Cotes De Bourg, Bourg Et Bourgeais ;France - Bordeaux - Cotes De Bourg, Bourg Et Bourgeais ;;;;;;;;;France - Bordeaux - Cotes De Bourg; Bourg Et Bourgeais;CODEVALUE;GDSN;;NEW;CURRENT;1;;;;;;;;
urn:gs1:gdd:cl:OriginOfWineCode:FR_BORDEAUX_CREMANT DE BORDEAUX;OriginOfWineCode;FR_BORDEAUX_CREMANT DE BORDEAUX;France - Bordeaux - Cremant De Bordeaux;France - Bordeaux - Cremant De Bordeaux;France - Bordeaux - Crémant De Bordeaux;;;;;;;;;NEW;CURRENT;1;;;;;;;;;;;;;
urn:gs1:gdd:cl:OriginOfWineCode:FR_BORDEAUX_ENTRE-DEUX-MERS;OriginOfWineCode;FR_BORDEAUX_ENTRE-DEUX-MERS;France - Bordeaux - Entre-Deux-Mers;France - Bordeaux - Entre-Deux-Mers;France - Bordeaux - Entre-Deux-Mers;;;;;;;;;NEW;CURRENT;1;;;;;;;;;;;;;
urn:gs1:gdd:cl:OriginOfWineCode:FR_BORDEAUX_FRONSAC;OriginOfWineCode;FR_BORDEAUX_FRONSAC;France - Bordeaux - Fronsac;France - Bordeaux - Fronsac;France - Bordeaux - Fronsac;;;;;;;;;NEW;CURRENT;1;;;;;;;;;;;;;
urn:gs1:gdd:cl:OriginOfWineCode:FR_BORDEAUX_GAILLAC PREMIERES COTES;OriginOfWineCode;FR_BORDEAUX_GAILLAC PREMIERES COTES;France - Bordeaux - Gaillac Premieres Cotes;France - Bordeaux - Gaillac Premieres Cotes;France - Bordeaux - Gaillac Premières Côtes;;;;;;;;;NEW;CURRENT;1;;;;;;;;;;;;;
urn:gs1:gdd:cl:OriginOfWineCode:FR_BORDEAUX_GRAVES;OriginOfWineCode;FR_BORDEAUX_GRAVES;France - Bordeaux - Graves;France - Bordeaux - Graves;France - Bordeaux - Graves;;;;;;;;;NEW;CURRENT;1;;;;;;;;;;;;;
urn:gs1:gdd:cl:OriginOfWineCode:FR_BORDEAUX_GRAVES DE VAYRES;OriginOfWineCode;FR_BORDEAUX_GRAVES DE VAYRES;France - Bordeaux - Graves De Vayres;France - Bordeaux - Graves De Vayres;France - Bordeaux - Graves De Vayres;;;;;;;;;NEW;CURRENT;1;;;;;;;;;;;;;
urn:gs1:gdd:cl:OriginOfWineCode:FR_BORDEAUX_GRAVES SUPERIEURES;OriginOfWineCode;FR_BORDEAUX_GRAVES SUPERIEURES;France - Bordeaux - Graves Superieures;France - Bordeaux - Graves Superieures;France - Bordeaux - Graves Supérieures;;;;;;;;;NEW;CURRENT;1;;;;;;;;;;;;;
urn:gs1:gdd:cl:OriginOfWineCode:FR_BORDEAUX_HAUT-MEDOC;OriginOfWineCode;FR_BORDEAUX_HAUT-MEDOC;France - Bordeaux - Haut-Medoc;France - Bordeaux - Haut-Medoc;France - Bordeaux - Haut-Médoc;;;;;;;;;NEW;CURRENT;1;;;;;;;;;;;;;
urn:gs1:gdd:cl:OriginOfWineCode:FR_BORDEAUX_LALANDE-DE-POMEROL;OriginOfWineCode;FR_BORDEAUX_LALANDE-DE-POMEROL;France - Bordeaux - Lalande-De-Pomerol;France - Bordeaux - Lalande-De-Pomerol;France - Bordeaux - Lalande De Pomerol;;;;;;;;;NEW;CURRENT;1;;;;;;;;;;;;;
urn:gs1:gdd:cl:OriginOfWineCode:FR_BORDEAUX_LISTRAC-MEDOC;OriginOfWineCode;FR_BORDEAUX_LISTRAC-MEDOC;France - Bordeaux - Listrac-Medoc;France - Bordeaux - Listrac-Medoc;France - Bordeaux - Listrac-Médoc;;;;;;;;;NEW;CURRENT;1;;;;;;;;;;;;;
urn:gs1:gdd:cl:OriginOfWineCode:FR_BORDEAUX_LOUPIAC;OriginOfWineCode;FR_BORDEAUX_LOUPIAC;France - Bordeaux - Loupiac;France - Bordeaux - Loupiac;France - Bordeaux - Loupiac;;;;;;;;;NEW;CURRENT;1;;;;;;;;;;;;;
urn:gs1:gdd:cl:OriginOfWineCode:FR_BORDEAUX_LUSSAC-SAINT-EMILION;OriginOfWineCode;FR_BORDEAUX_LUSSAC-SAINT-EMILION;France - Bordeaux - Lussac-Saint-Emilion;France - Bordeaux - Lussac-Saint-Emilion;France - Bordeaux - Lussac-Saint-Émilion;;;;;;;;;NEW;CURRENT;1;;;;;;;;;;;;;
urn:gs1:gdd:cl:OriginOfWineCode:FR_BORDEAUX_MARCILLAC;OriginOfWineCode;FR_BORDEAUX_MARCILLAC;France - Bordeaux - Marcillac;France - Bordeaux - Marcillac;France - Bordeaux - Marcillac;;;;;;;;;NEW;CURRENT;1;;;;;;;;;;;;;
urn:gs1:gdd:cl:OriginOfWineCode:FR_BORDEAUX_MARGAUX;OriginOfWineCode;FR_BORDEAUX_MARGAUX;France - Bordeaux - Margaux;France - Bordeaux - Margaux;France - Bordeaux - Margaux;;;;;;;;;NEW;CURRENT;1;;;;;;;;;;;;;
urn:gs1:gdd:cl:OriginOfWineCode:FR_BORDEAUX_MEDOC;OriginOfWineCode;FR_BORDEAUX_MEDOC;France - Bordeaux - Medoc;France - Bordeaux - Medoc;France - Bordeaux - Médoc;;;;;;;;;NEW;CURRENT;1;;;;;;;;;;;;;
urn:gs1:gdd:cl:OriginOfWineCode:FR_BORDEAUX_MONBAZILLAC;OriginOfWineCode;FR_BORDEAUX_MONBAZILLAC;France - Bordeaux - Monbazillac;France - Bordeaux - Monbazillac;France - Bordeaux - Monbazillac;;;;;;;;;NEW;CURRENT;1;;;;;;;;;;;;;
urn:gs1:gdd:cl:OriginOfWineCode:FR_BORDEAUX_MONTAGNE-SAINT-EMILION;OriginOfWineCode;FR_BORDEAUX_MONTAGNE-SAINT-EMILION;France - Bordeaux - Montagne-Saint-Emilion;France - Bordeaux - Montagne-Saint-Emilion;France - Bordeaux - Montagne-Saint-Émilion;;;;;;;;;NEW;CURRENT;1;;;;;;;;;;;;;
urn:gs1:gdd:cl:OriginOfWineCode:FR_BORDEAUX_MOULIS OU MOULIS-EN-MEDOC;OriginOfWineCode;FR_BORDEAUX_MOULIS OU MOULIS-EN-MEDOC;France - Bordeaux - Moulis Ou Moulis-En-Medoc;France - Bordeaux - Moulis Ou Moulis-En-Medoc;France - Bordeaux - Moulis ou Moulis-En-Médoc;;;;;;;;;NEW;CURRENT;1;;;;;;;;;;;;;
urn:gs1:gdd:cl:OriginOfWineCode:FR_BORDEAUX_PAUILLAC;OriginOfWineCode;FR_BORDEAUX_PAUILLAC;France - Bordeaux - Pauillac;France - Bordeaux - Pauillac;France - Bordeaux - Pauillac;;;;;;;;;NEW;CURRENT;1;;;;;;;;;;;;;
urn:gs1:gdd:cl:OriginOfWineCode:FR_BORDEAUX_PECHARMANT;OriginOfWineCode;FR_BORDEAUX_PECHARMANT;France - Bordeaux - Pecharmant;France - Bordeaux - Pecharmant;France - Bordeaux - Pécharmant;;;;;;;;;NEW;CURRENT;1;;;;;;;;;;;;;
urn:gs1:gdd:cl:OriginOfWineCode:FR_BORDEAUX_PESSAC-LEOGNAN;OriginOfWineCode;FR_BORDEAUX_PESSAC-LEOGNAN;France - Bordeaux - Pessac-Leognan;France - Bordeaux - Pessac-Leognan;France - Bordeaux - Pessac-Léognan;;;;;;;;;NEW;CURRENT;1;;;;;;;;;;;;;
urn:gs1:gdd:cl:OriginOfWineCode:FR_BORDEAUX_POMEROL;OriginOfWineCode;FR_BORDEAUX_POMEROL;France - Bordeaux - Pomerol;France - Bordeaux - Pomerol;France - Bordeaux - Pomerol;;;;;;;;;NEW;CURRENT;1;;;;;;;;;;;;;
urn:gs1:gdd:cl:OriginOfWineCode:FR_BORDEAUX_PREMIERES COTES DE BORDEAUX;OriginOfWineCode;FR_BORDEAUX_PREMIERES COTES DE BORDEAUX;France - Bordeaux - Premieres Cotes De Bordeaux;France - Bordeaux - Premieres Cotes De Bordeaux;France - Bordeaux - Premières Côtes De Bordeaux;;;;;;;;;NEW;CURRENT;1;;;;;;;;;;;;;
urn:gs1:gdd:cl:OriginOfWineCode:FR_BORDEAUX_PUISSEGUIN-SAINT-EMILION;OriginOfWineCode;FR_BORDEAUX_PUISSEGUIN-SAINT-EMILION;France - Bordeaux - Puisseguin-Saint-Emilion;France - Bordeaux - Puisseguin-Saint-Emilion;France - Bordeaux - Puisseguin-Saint-Émilion;;;;;;;;;NEW;CURRENT;1;;;;;;;;;;;;;
urn:gs1:gdd:cl:OriginOfWineCode:FR_BORDEAUX_SAINTE-CROIX-DU-MONT;OriginOfWineCode;FR_BORDEAUX_SAINTE-CROIX-DU-MONT;France - Bordeaux - Sainte-Croix-Du-Mont;France - Bordeaux - Sainte-Croix-Du-Mont;France - Bordeaux - Sainte-Croix-Du-Mont;;;;;;;;;NEW;CURRENT;1;;;;;;;;;;;;;
urn:gs1:gdd:cl:OriginOfWineCode:FR_BORDEAUX_SAINTE-FOY-BORDEAUX;OriginOfWineCode;FR_BORDEAUX_SAINTE-FOY-BORDEAUX;France - Bordeaux - Sainte-Foy-Bordeaux;France - Bordeaux - Sainte-Foy-Bordeaux;France - Bordeaux - Sainte-Foy-Bordeaux;;;;;;;;;NEW;CURRENT;1;;;;;;;;;;;;;
urn:gs1:gdd:cl:OriginOfWineCode:FR_BORDEAUX_SAINT-EMILION;OriginOfWineCode;FR_BORDEAUX_SAINT-EMILION;France - Bordeaux - Saint-Emilion;France - Bordeaux - Saint-Emilion;France - Bordeaux - Saint-Émilion;;;;;;;;;NEW;CURRENT;1;;;;;;;;;;;;;
urn:gs1:gdd:cl:OriginOfWineCode:FR_BORDEAUX_SAINT-EMILION GRAND CRU;OriginOfWineCode;FR_BORDEAUX_SAINT-EMILION GRAND CRU;France - Bordeaux - Saint-Emilion Grand Cru;France - Bordeaux - Saint-Emilion Grand Cru;France - Bordeaux - Saint-Émilion Grand Cru;;;;;;;;;NEW;CURRENT;1;;;;;;;;;;;;;
urn:gs1:gdd:cl:OriginOfWineCode:FR_BORDEAUX_SAINT-ESTEPHE;OriginOfWineCode;FR_BORDEAUX_SAINT-ESTEPHE;France - Bordeaux - Saint-Estephe;France - Bordeaux - Saint-Estephe;France - Bordeaux - Saint-Estèphe;;;;;;;;;NEW;CURRENT;1;;;;;;;;;;;;;
urn:gs1:gdd:cl:OriginOfWineCode:FR_BORDEAUX_SAINT-GEORGES-SAINT-EMILION;OriginOfWineCode;FR_BORDEAUX_SAINT-GEORGES-SAINT-EMILION;France - Bordeaux - Saint-Georges-Saint-Emilion;France - Bordeaux - Saint-Georges-Saint-Emilion;France - Bordeaux - Saint-Georges-Saint-Émilion;;;;;;;;;NEW;CURRENT;1;;;;;;;;;;;;;
urn:gs1:gdd:cl:OriginOfWineCode:FR_BORDEAUX_SAINT-JULIEN;OriginOfWineCode;FR_BORDEAUX_SAINT-JULIEN;France - Bordeaux - Saint-Julien;France - Bordeaux - Saint-Julien;France - Bordeaux - Saint Julien;;;;;;;;;NEW;CURRENT;1;;;;;;;;;;;;;
urn:gs1:gdd:cl:OriginOfWineCode:FR_BORDEAUX_SAUTERNES;OriginOfWineCode;FR_BORDEAUX_SAUTERNES;France - Bordeaux - Sauternes;France - Bordeaux - Sauternes;France - Bordeaux - Sauternes;;;;;;;;;NEW;CURRENT;1;;;;;;;;;;;;;
urn:gs1:gdd:cl:OriginOfWineCode:FR_BURGUNDY_ALOXE-CORTON;OriginOfWineCode;FR_BURGUNDY_ALOXE-CORTON;France - Burgundy - Aloxe-Corton;France - Burgundy - Aloxe-Corton;France - Bourgogne - Aloxe-Corton;;;;;;;;;NEW;CURRENT;1;;;;;;;;;;;;;
urn:gs1:gdd:cl:OriginOfWineCode:FR_BURGUNDY_AUXEY-DURESSES;OriginOfWineCode;FR_BURGUNDY_AUXEY-DURESSES;France - Burgundy - Auxey-Duresses;France - Burgundy - Auxey-Duresses;France - Bourgogne - Auxey-Duresses;;;;;;;;;NEW;CURRENT;1;;;;;;;;;;;;;
urn:gs1:gdd:cl:OriginOfWineCode:FR_BURGUNDY_BATARD-MONTRACHET;OriginOfWineCode;FR_BURGUNDY_BATARD-MONTRACHET;France - Burgundy - Batard-Montrachet;France - Burgundy - Batard-Montrachet;France - Bourgogne - Bâtard-Montrachet;;;;;;;;;NEW;CURRENT;1;;;;;;;;;;;;;
urn:gs1:gdd:cl:OriginOfWineCode:FR_BURGUNDY_BEAUJOLAIS;OriginOfWineCode;FR_BURGUNDY_BEAUJOLAIS;France - Burgundy - Beaujolais;France - Burgundy - Beaujolais;France - Bourgogne - Beaujolais;;;;;;;;;NEW;CURRENT;1;;;;;;;;;;;;;
urn:gs1:gdd:cl:OriginOfWineCode:FR_BURGUNDY_BEAUNE;OriginOfWineCode;FR_BURGUNDY_BEAUNE;France - Burgundy - Beaune;France - Burgundy - Beaune;France - Bourgogne - Beaune;;;;;;;;;NEW;CURRENT;1;;;;;;;;;;;;;
urn:gs1:gdd:cl:OriginOfWineCode:FR_BURGUNDY_BIENVENUES-BATARD-MONTRACHET;OriginOfWineCode;FR_BURGUNDY_BIENVENUES-BATARD-MONTRACHET;France - Burgundy - Bienvenues-Batard-Montrachet;France - Burgundy - Bienvenues-Batard-Montrachet;France - Bourgogne - Bienvenues-Batard-Montrachet;;;;;;;;;NEW;CURRENT;1;;;;;;;;;;;;;
urn:gs1:gdd:cl:OriginOfWineCode:FR_BURGUNDY_BLAGNY;OriginOfWineCode;FR_BURGUNDY_BLAGNY;France - Burgundy - Blagny;France - Burgundy - Blagny;France - Bourgogne - Blagny;;;;;;;;;NEW;CURRENT;1;;;;;;;;;;;;;
urn:gs1:gdd:cl:OriginOfWineCode:FR_BURGUNDY_BONNES-MARES;OriginOfWineCode;FR_BURGUNDY_BONNES-MARES;France - Burgundy - Bonnes-Mares;France - Burgundy - Bonnes-Mares;France - Bourgogne - Bonnes-Mares;;;;;;;;;NEW;CURRENT;1;;;;;;;;;;;;;
urn:gs1:gdd:cl:OriginOfWineCode:FR_BURGUNDY_BOURGOGNE;OriginOfWineCode;FR_BURGUNDY_BOURGOGNE;France - Burgundy - Bourgogne;France - Burgundy - Bourgogne;France - Bourgogne - Bourgogne;;;;;;;;;NEW;CURRENT;1;;;;;;;;;;;;;
urn:gs1:gdd:cl:OriginOfWineCode:FR_BURGUNDY_BOURGOGNE ALIGOTE;OriginOfWineCode;FR_BURGUNDY_BOURGOGNE ALIGOTE;France - Burgundy - Bourgogne Aligote;France - Burgundy - Bourgogne Aligote;France - Bourgogne - Bourgogne Aligote;;;;;;;;;NEW;CURRENT;1;;;;;;;;;;;;;
urn:gs1:gdd:cl:OriginOfWineCode:FR_BURGUNDY_BOURGOGNE MOUSSEUX;OriginOfWineCode;FR_BURGUNDY_BOURGOGNE MOUSSEUX;France - Burgundy - Bourgogne Mousseux;France - Burgundy - Bourgogne Mousseux;France - Bourgogne - Bourgogne Mousseux;;;;;;;;;NEW;CURRENT;1;;;;;;;;;;;;;
urn:gs1:gdd:cl:OriginOfWineCode:FR_BURGUNDY_BOURGOGNE PASSE-TOUT-GRAINS;OriginOfWineCode;FR_BURGUNDY_BOURGOGNE PASSE-TOUT-GRAINS;France - Burgundy - Bourgogne Passe-Tout-Grains;France - Burgundy - Bourgogne Passe-Tout-Grains;France - Bourgogne - Bourgogne Passe-Tout-Grains;;;;;;;;;NEW;CURRENT;1;;;;;;;;;;;;;
urn:gs1:gdd:cl:OriginOfWineCode:FR_BURGUNDY_BOUZERON;OriginOfWineCode;FR_BURGUNDY_BOUZERON;France - Burgundy - Bouzeron;France - Burgundy - Bouzeron;France - Bourgogne - Bouzeron;;;;;;;;;NEW;CURRENT;1;;;;;;;;;;;;;
urn:gs1:gdd:cl:OriginOfWineCode:FR_BURGUNDY_BURGUNDY;OriginOfWineCode;FR_BURGUNDY_BURGUNDY;France - Burgundy - Burgundy;France - Burgundy - Burgundy;France - Bourgogne - Bourgogne;;;;;;;;;NEW;CURRENT;1;;;;;;;;;;;;;
urn:gs1:gdd:cl:OriginOfWineCode:FR_BURGUNDY_CHABLIS;OriginOfWineCode;FR_BURGUNDY_CHABLIS;France - Burgundy - Chablis;France - Burgundy - Chablis;France - Bourgogne - Chablis;;;;;;;;;NEW;CURRENT;1;;;;;;;;;;;;;
urn:gs1:gdd:cl:OriginOfWineCode:FR_BURGUNDY_CHABLIS GRAND CRU;OriginOfWineCode;FR_BURGUNDY_CHABLIS GRAND CRU;France - Burgundy - Chablis Grand Cru;France - Burgundy - Chablis Grand Cru;France - Bourgogne - Chablis Grand Cru;;;;;;;;;NEW;CURRENT;1;;;;;;;;;;;;;
urn:gs1:gdd:cl:OriginOfWineCode:FR_BURGUNDY_CHAMBERTIN;OriginOfWineCode;FR_BURGUNDY_CHAMBERTIN;France - Burgundy - Chambertin;France - Burgundy - Chambertin;France - Bourgogne - Chambertin;;;;;;;;;NEW;CURRENT;1;;;;;;;;;;;;;
urn:gs1:gdd:cl:OriginOfWineCode:FR_BURGUNDY_CHAMBERTIN-CLOS DE BEZE;OriginOfWineCode;FR_BURGUNDY_CHAMBERTIN-CLOS DE BEZE;France - Burgundy - Chambertin-Clos De Beze;France - Burgundy - Chambertin-Clos De Beze;France - Bourgogne - Chambertin-Clos De Bèze;;;;;;;;;NEW;CURRENT;1;;;;;;;;;;;;;
urn:gs1:gdd:cl:OriginOfWineCode:FR_BURGUNDY_CHAMBOLLE-MUSIGNY;OriginOfWineCode;FR_BURGUNDY_CHAMBOLLE-MUSIGNY;France - Burgundy - Chambolle-Musigny;France - Burgundy - Chambolle-Musigny;France - Bourgogne - Chambolle-Musigny;;;;;;;;;NEW;CURRENT;1;;;;;;;;;;;;;
urn:gs1:gdd:cl:OriginOfWineCode:FR_BURGUNDY_CHAPELLE-CHAMBERTIN;OriginOfWineCode;FR_BURGUNDY_CHAPELLE-CHAMBERTIN;France - Burgundy - Chapelle-Chambertin;France - Burgundy - Chapelle-Chambertin;France - Bourgogne - Chapelle-Chambertin;;;;;;;;;NEW;CURRENT;1;;;;;;;;;;;;;
urn:gs1:gdd:cl:OriginOfWineCode:FR_BURGUNDY_CHARLEMAGNE;OriginOfWineCode;FR_BURGUNDY_CHARLEMAGNE;France - Burgundy - Charlemagne;France - Burgundy - Charlemagne;France - Bourgogne - Charlemagne;;;;;;;;;NEW;CURRENT;1;;;;;;;;;;;;;
urn:gs1:gdd:cl:OriginOfWineCode:FR_BURGUNDY_CHARMES-CHAMBERTIN;OriginOfWineCode;FR_BURGUNDY_CHARMES-CHAMBERTIN;France - Burgundy - Charmes-Chambertin;France - Burgundy - Charmes-Chambertin;France - Bourgogne - Charmes-Chambertin;;;;;;;;;NEW;CURRENT;1;;;;;;;;;;;;;
urn:gs1:gdd:cl:OriginOfWineCode:FR_BURGUNDY_CHASSAGNE-MONTRACHET;OriginOfWineCode;FR_BURGUNDY_CHASSAGNE-MONTRACHET;France - Burgundy - Chassagne-Montrachet;France - Burgundy - Chassagne-Montrachet;France - Bourgogne - Chassagne-Montrachet;;;;;;;;;NEW;CURRENT;1;;;;;;;;;;;;;
urn:gs1:gdd:cl:OriginOfWineCode:FR_BURGUNDY_CHEVALIER-MONTRACHET;OriginOfWineCode;FR_BURGUNDY_CHEVALIER-MONTRACHET;France - Burgundy - Chevalier-Montrachet;France - Burgundy - Chevalier-Montrachet;France - Bourgogne - Chevalier-Montrachet;;;;;;;;;NEW;CURRENT;1;;;;;;;;;;;;;
urn:gs1:gdd:cl:OriginOfWineCode:FR_BURGUNDY_CHOREY-LES-BEAUNE;OriginOfWineCode;FR_BURGUNDY_CHOREY-LES-BEAUNE;France - Burgundy - Chorey-Les-Beaune;France - Burgundy - Chorey-Les-Beaune;France - Bourgogne - Chorey-Lès-Beaune;;;;;;;;;NEW;CURRENT;1;;;;;;;;;;;;;
urn:gs1:gdd:cl:OriginOfWineCode:FR_BURGUNDY_CLOS DE TART;OriginOfWineCode;FR_BURGUNDY_CLOS DE TART;France - Burgundy - Clos De Tart;France - Burgundy - Clos De Tart;France - Bourgogne - Clos De Tart;;;;;;;;;NEW;CURRENT;1;;;;;;;;;;;;;
urn:gs1:gdd:cl:OriginOfWineCode:FR_BURGUNDY_CLOS DE VOUGEOT OU CLOS VOUGEOT;OriginOfWineCode;FR_BURGUNDY_CLOS DE VOUGEOT OU CLOS VOUGEOT;France - Burgundy - Clos De Vougeot Ou Clos Vougeot;France - Burgundy - Clos De Vougeot Ou Clos Vougeot;France - Bourgogne - Clos De Vougeot Ou Clos Vougeot;;;;;;;;;NEW;CURRENT;1;;;;;;;;;;;;;
urn:gs1:gdd:cl:OriginOfWineCode:FR_BURGUNDY_CLOS DES LAMBRAYS;OriginOfWineCode;FR_BURGUNDY_CLOS DES LAMBRAYS;France - Burgundy - Clos Des Lambrays;France - Burgundy - Clos Des Lambrays;France - Bourgogne - Clos Des Lambrays;;;;;;;;;NEW;CURRENT;1;;;;;;;;;;;;;
urn:gs1:gdd:cl:OriginOfWineCode:FR_BURGUNDY_CLOS SAINT-DENIS;OriginOfWineCode;FR_BURGUNDY_CLOS SAINT-DENIS;France - Burgundy - Clos Saint-Denis;France - Burgundy - Clos Saint-Denis;France - Bourgogne - Clos Saint-Denis;;;;;;;;;NEW;CURRENT;1;;;;;;;;;;;;;
urn:gs1:gdd:cl:OriginOfWineCode:FR_BURGUNDY_CORTON;OriginOfWineCode;FR_BURGUNDY_CORTON;France - Burgundy - Corton;France - Burgundy - Corton;France - Bourgogne - Corton;;;;;;;;;NEW;CURRENT;1;;;;;;;;;;;;;
urn:gs1:gdd:cl:OriginOfWineCode:FR_BURGUNDY_CORTON-CHARLEMAGNE;OriginOfWineCode;FR_BURGUNDY_CORTON-CHARLEMAGNE;France - Burgundy - Corton-Charlemagne;France - Burgundy - Corton-Charlemagne;France - Bourgogne - Corton-Charlemagne;;;;;;;;;NEW;CURRENT;1;;;;;;;;;;;;;
urn:gs1:gdd:cl:OriginOfWineCode:FR_BURGUNDY_CÔTE CHALONNAISE;OriginOfWineCode;FR_BURGUNDY_CÔTE CHALONNAISE;France - Burgundy - Côte Chalonnaise;France - Burgundy - Côte Chalonnaise;France - Bourgogne - Côte Chalonnaise;;;;;;;;;NEW;CURRENT;1;;;;;;;;;;;;;
urn:gs1:gdd:cl:OriginOfWineCode:FR_BURGUNDY_COTE DE BEAUNE;OriginOfWineCode;FR_BURGUNDY_COTE DE BEAUNE;France - Burgundy - Cote De Beaune;France - Burgundy - Cote De Beaune;France - Bourgogne - Côte De Beaune;;;;;;;;;NEW;CURRENT;1;;;;;;;;;;;;;
urn:gs1:gdd:cl:OriginOfWineCode:FR_BURGUNDY_COTE DE BEAUNE-VILLAGES;OriginOfWineCode;FR_BURGUNDY_COTE DE BEAUNE-VILLAGES;France - Burgundy - Cote De Beaune-Villages;France - Burgundy - Cote De Beaune-Villages;France - Bourgogne - Côte De Beaune-Villages;;;;;;;;;NEW;CURRENT;1;;;;;;;;;;;;;
urn:gs1:gdd:cl:OriginOfWineCode:FR_BURGUNDY_COTE DE NUITS-VILLAGES;OriginOfWineCode;FR_BURGUNDY_COTE DE NUITS-VILLAGES;France - Burgundy - Cote De Nuits-Villages;France - Burgundy - Cote De Nuits-Villages;France - Bourgogne - Côte De Nuits-Villages;;;;;;;;;NEW;CURRENT;1;;;;;;;;;;;;;
urn:gs1:gdd:cl:OriginOfWineCode:FR_BURGUNDY_CÔTE D'OR;OriginOfWineCode;FR_BURGUNDY_CÔTE D'OR;France - Burgundy - Côte D'Or;France - Burgundy - Côte D'Or;France - Bourgogne - Côte d'Or;;;;;;;;;NEW;CURRENT;1;;;;;;;;;;;;;
urn:gs1:gdd:cl:OriginOfWineCode:FR_BURGUNDY_COTEAUX BOURGUIGNONS OU BOURGOGNE ORDINAIRE OU GRAND ORDINAIRE;OriginOfWineCode;FR_BURGUNDY_COTEAUX BOURGUIGNONS OU BOURGOGNE ORDINAIRE OU GRAND ORDINAIRE;France - Burgundy - Coteaux Bourguignons Ou Bourgogne Grand Ordinaire Ou Bourgogne Ordinaire;France - Burgundy - Coteaux Bourguignons Ou Bourgogne Grand Ordinaire Ou Bourgogne Ordinaire;France - Bourgogne - Coteaux Bourguignons Ou Bourgogne Grand Ordinaire Ou Bourgogne Ordinaire;;;;;;;;;NEW;CURRENT;1;;;;;;;;;;;;;
urn:gs1:gdd:cl:OriginOfWineCode:FR_BURGUNDY_COTEAUX DE L'AUXOIS;OriginOfWineCode;FR_BURGUNDY_COTEAUX DE L'AUXOIS;France - Burgundy - Coteaux De L'Auxois;France - Burgundy - Coteaux De L'Auxois;France - Bourgogne - Coteaux De L'Auxois;;;;;;;;;NEW;CURRENT;1;;;;;;;;;;;;;
urn:gs1:gdd:cl:OriginOfWineCode:FR_BURGUNDY_CREMANT DE BOURGOGNE;OriginOfWineCode;FR_BURGUNDY_CREMANT DE BOURGOGNE;France - Burgundy - Cremant De Bourgogne;France - Burgundy - Cremant De Bourgogne;France - Bourgogne - Crémant De Bourgogne;;;;;;;;;NEW;CURRENT;1;;;;;;;;;;;;;
urn:gs1:gdd:cl:OriginOfWineCode:FR_BURGUNDY_CRIOTS-BATARD-MONTRACHET;OriginOfWineCode;FR_BURGUNDY_CRIOTS-BATARD-MONTRACHET;France - Burgundy - Criots-Batard-Montrachet;France - Burgundy - Criots-Batard-Montrachet;France - Bourgogne - Criots-Batard-Montrachet;;;;;;;;;NEW;CURRENT;1;;;;;;;;;;;;;
urn:gs1:gdd:cl:OriginOfWineCode:FR_BURGUNDY_ECHEZEAUX;OriginOfWineCode;FR_BURGUNDY_ECHEZEAUX;France - Burgundy - Echezeaux;France - Burgundy - Echezeaux;France - Bourgogne - Echezeaux;;;;;;;;;NEW;CURRENT;1;;;;;;;;;;;;;
urn:gs1:gdd:cl:OriginOfWineCode:FR_BURGUNDY_FIXIN;OriginOfWineCode;FR_BURGUNDY_FIXIN;France - Burgundy - Fixin;France - Burgundy - Fixin;France - Bourgogne - Fixin;;;;;;;;;NEW;CURRENT;1;;;;;;;;;;;;;
urn:gs1:gdd:cl:OriginOfWineCode:FR_BURGUNDY_GEVREY-CHAMBERTIN;OriginOfWineCode;FR_BURGUNDY_GEVREY-CHAMBERTIN;France - Burgundy - Gevrey-Chambertin;France - Burgundy - Gevrey-Chambertin;France - Bourgogne - Gevrey-Chambertin;;;;;;;;;NEW;CURRENT;1;;;;;;;;;;;;;
urn:gs1:gdd:cl:OriginOfWineCode:FR_BURGUNDY_GIVRY;OriginOfWineCode;FR_BURGUNDY_GIVRY;France - Burgundy - Givry;France - Burgundy - Givry;France - Bourgogne - Givry;;;;;;;;;NEW;CURRENT;1;;;;;;;;;;;;;
urn:gs1:gdd:cl:OriginOfWineCode:FR_BURGUNDY_GRANDS-ECHEZEAUX;OriginOfWineCode;FR_BURGUNDY_GRANDS-ECHEZEAUX;France - Burgundy - Grands-Echezeaux;France - Burgundy - Grands-Echezeaux;France - Bourgogne - Grands-Echézeaux;;;;;;;;;NEW;CURRENT;1;;;;;;;;;;;;;
urn:gs1:gdd:cl:OriginOfWineCode:FR_BURGUNDY_GRIOTTE-CHAMBERTIN;OriginOfWineCode;FR_BURGUNDY_GRIOTTE-CHAMBERTIN;France - Burgundy - Griotte-Chambertin;France - Burgundy - Griotte-Chambertin;France - Bourgogne - Griotte-Chambertin;;;;;;;;;NEW;CURRENT;1;;;;;;;;;;;;;
urn:gs1:gdd:cl:OriginOfWineCode:FR_BURGUNDY_IRANCY;OriginOfWineCode;FR_BURGUNDY_IRANCY;France - Burgundy - Irancy;France - Burgundy - Irancy;France - Bourgogne - Irancy;;;;;;;;;NEW;CURRENT;1;;;;;;;;;;;;;
urn:gs1:gdd:cl:OriginOfWineCode:FR_BURGUNDY_LA GRANDE RUE;OriginOfWineCode;FR_BURGUNDY_LA GRANDE RUE;France - Burgundy - La Grande Rue;France - Burgundy - La Grande Rue;France - Bourgogne - La Grande Rue;;;;;;;;;NEW;CURRENT;1;;;;;;;;;;;;;
urn:gs1:gdd:cl:OriginOfWineCode:FR_BURGUNDY_LA ROMANEE;OriginOfWineCode;FR_BURGUNDY_LA ROMANEE;France - Burgundy - La Romanee;France - Burgundy - La Romanee;France - Bourgogne - La Romanée;;;;;;;;;NEW;CURRENT;1;;;;;;;;;;;;;
urn:gs1:gdd:cl:OriginOfWineCode:FR_BURGUNDY_LA TACHE;OriginOfWineCode;FR_BURGUNDY_LA TACHE;France - Burgundy - La Tache;France - Burgundy - La Tache;France - Bourgogne - La Tache;;;;;;;;;NEW;CURRENT;1;;;;;;;;;;;;;
urn:gs1:gdd:cl:OriginOfWineCode:FR_BURGUNDY_LADOIX;OriginOfWineCode;FR_BURGUNDY_LADOIX;France - Burgundy - Ladoix;France - Burgundy - Ladoix;France - Bourgogne - Ladoix;;;;;;;;;NEW;CURRENT;1;;;;;;;;;;;;;
urn:gs1:gdd:cl:OriginOfWineCode:FR_BURGUNDY_LATRICIERES-CHAMBERTIN;OriginOfWineCode;FR_BURGUNDY_LATRICIERES-CHAMBERTIN;France - Burgundy - Latricieres-Chambertin;France - Burgundy - Latricieres-Chambertin;France - Bourgogne - Latricières-Chambertin;;;;;;;;;NEW;CURRENT;1;;;;;;;;;;;;;
urn:gs1:gdd:cl:OriginOfWineCode:FR_BURGUNDY_MACON;OriginOfWineCode;FR_BURGUNDY_MACON;France - Burgundy - Macon;France - Burgundy - Macon;France - Bourgogne - Mâcon;;;;;;;;;NEW;CURRENT;1;;;;;;;;;;;;;
urn:gs1:gdd:cl:OriginOfWineCode:FR_BURGUNDY_MARANGES;OriginOfWineCode;FR_BURGUNDY_MARANGES;France - Burgundy - Maranges;France - Burgundy - Maranges;France - Bourgogne - Maranges;;;;;;;;;NEW;CURRENT;1;;;;;;;;;;;;;
urn:gs1:gdd:cl:OriginOfWineCode:FR_BURGUNDY_MARSANNAY;OriginOfWineCode;FR_BURGUNDY_MARSANNAY;France - Burgundy - Marsannay;France - Burgundy - Marsannay;France - Bourgogne - Marsannay;;;;;;;;;NEW;CURRENT;1;;;;;;;;;;;;;
urn:gs1:gdd:cl:OriginOfWineCode:FR_BURGUNDY_MAZIS-CHAMBERTIN;OriginOfWineCode;FR_BURGUNDY_MAZIS-CHAMBERTIN;France - Burgundy - Mazis-Chambertin;France - Burgundy - Mazis-Chambertin;France - Bourgogne - Mazis-Chambertin;;;;;;;;;NEW;CURRENT;1;;;;;;;;;;;;;
urn:gs1:gdd:cl:OriginOfWineCode:FR_BURGUNDY_MAZOYERES-CHAMBERTIN;OriginOfWineCode;FR_BURGUNDY_MAZOYERES-CHAMBERTIN;France - Burgundy - Mazoyeres-Chambertin;France - Burgundy - Mazoyeres-Chambertin;France - Bourgogne - Mazoyeres-Chambertin;;;;;;;;;NEW;CURRENT;1;;;;;;;;;;;;;
urn:gs1:gdd:cl:OriginOfWineCode:FR_BURGUNDY_MERCUREY;OriginOfWineCode;FR_BURGUNDY_MERCUREY;France - Burgundy - Mercurey;France - Burgundy - Mercurey;France - Bourgogne - Mercurey;;;;;;;;;NEW;CURRENT;1;;;;;;;;;;;;;
urn:gs1:gdd:cl:OriginOfWineCode:FR_BURGUNDY_MEURSAULT;OriginOfWineCode;FR_BURGUNDY_MEURSAULT;France - Burgundy - Meursault;France - Burgundy - Meursault;France - Bourgogne - Meursault;;;;;;;;;NEW;CURRENT;1;;;;;;;;;;;;;
urn:gs1:gdd:cl:OriginOfWineCode:FR_BURGUNDY_MONTAGNY;OriginOfWineCode;FR_BURGUNDY_MONTAGNY;France - Burgundy - Montagny;France - Burgundy - Montagny;France - Bourgogne - Montagny;;;;;;;;;NEW;CURRENT;1;;;;;;;;;;;;;
urn:gs1:gdd:cl:OriginOfWineCode:FR_BURGUNDY_MONTHELIE;OriginOfWineCode;FR_BURGUNDY_MONTHELIE;France - Burgundy - Monthelie;France - Burgundy - Monthelie;France - Bourgogne - Monthélie;;;;;;;;;NEW;CURRENT;1;;;;;;;;;;;;;
urn:gs1:gdd:cl:OriginOfWineCode:FR_BURGUNDY_MONTRACHET;OriginOfWineCode;FR_BURGUNDY_MONTRACHET;France - Burgundy - Montrachet;France - Burgundy - Montrachet;France - Bourgogne - Montrachet;;;;;;;;;NEW;CURRENT;1;;;;;;;;;;;;;
urn:gs1:gdd:cl:OriginOfWineCode:FR_BURGUNDY_MOREY-SAINT-DENIS;OriginOfWineCode;FR_BURGUNDY_MOREY-SAINT-DENIS;France - Burgundy - Morey-Saint-Denis;France - Burgundy - Morey-Saint-Denis;France - Bourgogne - Morey-Saint-Denis;;;;;;;;;NEW;CURRENT;1;;;;;;;;;;;;;
urn:gs1:gdd:cl:OriginOfWineCode:FR_BURGUNDY_MUSIGNY;OriginOfWineCode;FR_BURGUNDY_MUSIGNY;France - Burgundy - Musigny;France - Burgundy - Musigny;France - Bourgogne - Musigny;;;;;;;;;NEW;CURRENT;1;;;;;;;;;;;;;
urn:gs1:gdd:cl:OriginOfWineCode:FR_BURGUNDY_NUITS-SAINT-GEORGES;OriginOfWineCode;FR_BURGUNDY_NUITS-SAINT-GEORGES;France - Burgundy - Nuits-Saint-Georges;France - Burgundy - Nuits-Saint-Georges;France - Bourgogne - Nuits-Saint-Georges;;;;;;;;;NEW;CURRENT;1;;;;;;;;;;;;;
urn:gs1:gdd:cl:OriginOfWineCode:FR_BURGUNDY_PERNAND-VERGELESSES;OriginOfWineCode;FR_BURGUNDY_PERNAND-VERGELESSES;France - Burgundy - Pernand-Vergelesses;France - Burgundy - Pernand-Vergelesses;France - Bourgogne - Pernand-Vergelesses;;;;;;;;;NEW;CURRENT;1;;;;;;;;;;;;;
urn:gs1:gdd:cl:OriginOfWineCode:FR_BURGUNDY_PETIT CHABLIS;OriginOfWineCode;FR_BURGUNDY_PETIT CHABLIS;France - Burgundy - Petit Chablis;France - Burgundy - Petit Chablis;France - Bourgogne - Petit Chablis;;;;;;;;;NEW;CURRENT;1;;;;;;;;;;;;;
urn:gs1:gdd:cl:OriginOfWineCode:FR_BURGUNDY_POMMARD;OriginOfWineCode;FR_BURGUNDY_POMMARD;France - Burgundy - Pommard;France - Burgundy - Pommard;France - Bourgogne - Pommard;;;;;;;;;NEW;CURRENT;1;;;;;;;;;;;;;
urn:gs1:gdd:cl:OriginOfWineCode:FR_BURGUNDY_POUILLY-FUISSE;OriginOfWineCode;FR_BURGUNDY_POUILLY-FUISSE;France - Burgundy - Pouilly-Fuisse;France - Burgundy - Pouilly-Fuisse;France - Bourgogne - Pouilly-Fuisse;;;;;;;;;NEW;CURRENT;1;;;;;;;;;;;;;
urn:gs1:gdd:cl:OriginOfWineCode:FR_BURGUNDY_POUILLY-FUME OU BLANC FUME DE POUILLY;OriginOfWineCode;FR_BURGUNDY_POUILLY-FUME OU BLANC FUME DE POUILLY;France - Burgundy - Pouilly-Fume Ou Blanc Fume De Pouilly;France - Burgundy - Pouilly-Fume Ou Blanc Fume De Pouilly;France - Bourgogne - Pouilly-Fume Ou Blanc Fume De Pouilly;;;;;;;;;NEW;CURRENT;1;;;;;;;;;;;;;
urn:gs1:gdd:cl:OriginOfWineCode:FR_BURGUNDY_POUILLY-LOCHE;OriginOfWineCode;FR_BURGUNDY_POUILLY-LOCHE;France - Burgundy - Pouilly-Loche;France - Burgundy - Pouilly-Loche;France - Bourgogne - Pouilly-Loche;;;;;;;;;NEW;CURRENT;1;;;;;;;;;;;;;
urn:gs1:gdd:cl:OriginOfWineCode:FR_BURGUNDY_POUILLY-VINZELLES;OriginOfWineCode;FR_BURGUNDY_POUILLY-VINZELLES;France - Burgundy - Pouilly-Vinzelles;France - Burgundy - Pouilly-Vinzelles;France - Bourgogne - Pouilly-Vinzelles;;;;;;;;;NEW;CURRENT;1;;;;;;;;;;;;;
urn:gs1:gdd:cl:OriginOfWineCode:FR_BURGUNDY_PULIGNY-MONTRACHET;OriginOfWineCode;FR_BURGUNDY_PULIGNY-MONTRACHET;France - Burgundy - Puligny-Montrachet;France - Burgundy - Puligny-Montrachet;France - Bourgogne - Puligny-Montrachet;;;;;;;;;NEW;CURRENT;1;;;;;;;;;;;;;
urn:gs1:gdd:cl:OriginOfWineCode:FR_BURGUNDY_RICHEBOURG;OriginOfWineCode;FR_BURGUNDY_RICHEBOURG;France - Burgundy - Richebourg;France - Burgundy - Richebourg;France - Bourgogne - Richebourg;;;;;;;;;NEW;CURRENT;1;;;;;;;;;;;;;
urn:gs1:gdd:cl:OriginOfWineCode:FR_BURGUNDY_ROMANEE-CONTI;OriginOfWineCode;FR_BURGUNDY_ROMANEE-CONTI;France - Burgundy - Romanee-Conti;France - Burgundy - Romanee-Conti;France - Bourgogne - Romanée-Conti;;;;;;;;;NEW;CURRENT;1;;;;;;;;;;;;;
urn:gs1:gdd:cl:OriginOfWineCode:FR_BURGUNDY_ROMANEE-SAINT-VIVANT;OriginOfWineCode;FR_BURGUNDY_ROMANEE-SAINT-VIVANT;France - Burgundy - Romanee-Saint-Vivant;France - Burgundy - Romanee-Saint-Vivant;France - Bourgogne - Romanée-Saint-Vivant;;;;;;;;;NEW;CURRENT;1;;;;;;;;;;;;;
urn:gs1:gdd:cl:OriginOfWineCode:FR_BURGUNDY_RUCHOTTES-CHAMBERTIN;OriginOfWineCode;FR_BURGUNDY_RUCHOTTES-CHAMBERTIN;France - Burgundy - Ruchottes-Chambertin;France - Burgundy - Ruchottes-Chambertin;France - Bourgogne - Ruchottes-Chambertin;;;;;;;;;NEW;CURRENT;1;;;;;;;;;;;;;
urn:gs1:gdd:cl:OriginOfWineCode:FR_BURGUNDY_RULLY;OriginOfWineCode;FR_BURGUNDY_RULLY;France - Burgundy - Rully;France - Burgundy - Rully;France - Bourgogne - Rully;;;;;;;;;NEW;CURRENT;1;;;;;;;;;;;;;
urn:gs1:gdd:cl:OriginOfWineCode:FR_BURGUNDY_SAINT-AUBIN;OriginOfWineCode;FR_BURGUNDY_SAINT-AUBIN;France - Burgundy - Saint-Aubin;France - Burgundy - Saint-Aubin;France - Bourgogne - Saint-Aubin;;;;;;;;;NEW;CURRENT;1;;;;;;;;;;;;;
urn:gs1:gdd:cl:OriginOfWineCode:FR_BURGUNDY_SAINT-BRIS;OriginOfWineCode;FR_BURGUNDY_SAINT-BRIS;France - Burgundy - Saint-Bris;France - Burgundy - Saint-Bris;France - Bourgogne - Saint-Bris;;;;;;;;;NEW;CURRENT;1;;;;;;;;;;;;;
urn:gs1:gdd:cl:OriginOfWineCode:FR_BURGUNDY_SAINTE-MARIE-LA-BLANCHE;OriginOfWineCode;FR_BURGUNDY_SAINTE-MARIE-LA-BLANCHE;France - Burgundy - Sainte-Marie-La-Blanche;France - Burgundy - Sainte-Marie-La-Blanche;France - Bourgogne - Sainte-Marie-La-Blanche;;;;;;;;;NEW;CURRENT;1;;;;;;;;;;;;;
urn:gs1:gdd:cl:OriginOfWineCode:FR_BURGUNDY_SAINT-ROMAIN;OriginOfWineCode;FR_BURGUNDY_SAINT-ROMAIN;France - Burgundy - Saint-Romain;France - Burgundy - Saint-Romain;France - Bourgogne - Saint-Romain;;;;;;;;;NEW;CURRENT;1;;;;;;;;;;;;;
urn:gs1:gdd:cl:OriginOfWineCode:FR_BURGUNDY_SAINT-VERAN;OriginOfWineCode;FR_BURGUNDY_SAINT-VERAN;France - Burgundy - Saint-Veran;France - Burgundy - Saint-Veran;France - Bourgogne - Saint-Véran;;;;;;;;;NEW;CURRENT;1;;;;;;;;;;;;;
urn:gs1:gdd:cl:OriginOfWineCode:FR_BURGUNDY_SANTENAY;OriginOfWineCode;FR_BURGUNDY_SANTENAY;France - Burgundy - Santenay;France - Burgundy - Santenay;France - Bourgogne - Santenay;;;;;;;;;NEW;CURRENT;1;;;;;;;;;;;;;
urn:gs1:gdd:cl:OriginOfWineCode:FR_BURGUNDY_SAONE-ET-LOIRE;OriginOfWineCode;FR_BURGUNDY_SAONE-ET-LOIRE;France - Burgundy - Saone-Et-Loire;France - Burgundy - Saone-Et-Loire;France - Bourgogne - Saône-Et-Loire;;;;;;;;;NEW;CURRENT;1;;;;;;;;;;;;;
urn:gs1:gdd:cl:OriginOfWineCode:FR_BURGUNDY_SAVIGNY-LES-BEAUNE;OriginOfWineCode;FR_BURGUNDY_SAVIGNY-LES-BEAUNE;France - Burgundy - Savigny-Les-Beaune;France - Burgundy - Savigny-Les-Beaune;France - Bourgogne - Savigny-Lès-Beaune;;;;;;;;;NEW;CURRENT;1;;;;;;;;;;;;;
urn:gs1:gdd:cl:OriginOfWineCode:FR_BURGUNDY_VIRE-CLESSE;OriginOfWineCode;FR_BURGUNDY_VIRE-CLESSE;France - Burgundy - Vire-Clesse;France - Burgundy - Vire-Clesse;France - Bourgogne - Vire-Clesse;;;;;;;;;NEW;CURRENT;1;;;;;;;;;;;;;
urn:gs1:gdd:cl:OriginOfWineCode:FR_BURGUNDY_VOLNAY;OriginOfWineCode;FR_BURGUNDY_VOLNAY;France - Burgundy - Volnay;France - Burgundy - Volnay;France - Bourgogne - Volnay;;;;;;;;;NEW;CURRENT;1;;;;;;;;;;;;;
urn:gs1:gdd:cl:OriginOfWineCode:FR_BURGUNDY_VOSNE-ROMANEE;OriginOfWineCode;FR_BURGUNDY_VOSNE-ROMANEE;France - Burgundy - Vosne-Romanee;France - Burgundy - Vosne-Romanee;France - Bourgogne - Vosne-Romanée;;;;;;;;;NEW;CURRENT;1;;;;;;;;;;;;;
urn:gs1:gdd:cl:OriginOfWineCode:FR_BURGUNDY_VOUGEOT;OriginOfWineCode;FR_BURGUNDY_VOUGEOT;France - Burgundy - Vougeot;France - Burgundy - Vougeot;France - Bourgogne - Vougeot;;;;;;;;;NEW;CURRENT;1;;;;;;;;;;;;;
urn:gs1:gdd:cl:OriginOfWineCode:FR_BURGUNDY_YONNE;OriginOfWineCode;FR_BURGUNDY_YONNE;France - Burgundy - Yonne;France - Burgundy - Yonne;France - Bourgogne - Yonne;;;;;;;;;NEW;CURRENT;1;;;;;;;;;;;;;
urn:gs1:gdd:cl:OriginOfWineCode:FR_CHAMPAGNE_CHAMPAGNE;OriginOfWineCode;FR_CHAMPAGNE_CHAMPAGNE;France - Champagne - Champagne;France - Champagne - Champagne;France - Champagne - Champagne;;;;;;;;;NEW;CURRENT;1;;;;;;;;;;;;;
urn:gs1:gdd:cl:OriginOfWineCode:FR_CHAMPAGNE_CHIGNY_LES_ROSES;OriginOfWineCode;FR_CHAMPAGNE_CHIGNY_LES_ROSES;France - Champagne - Chigny- Les- Roses;France - Champagne - Chigny- Les- Roses;France - Champagne - Chigny- Les- Roses;;;;;;;;;NEW;CURRENT;1;;;;;;;;;;;;;
urn:gs1:gdd:cl:OriginOfWineCode:FR_CHAMPAGNE_COTEAUX CHAMPENOIS;OriginOfWineCode;FR_CHAMPAGNE_COTEAUX CHAMPENOIS;France - Champagne - Coteaux Champenois;France - Champagne - Coteaux Champenois;France - Champagne - Coteaux Champenois;;;;;;;;;NEW;CURRENT;1;;;;;;;;;;;;;
urn:gs1:gdd:cl:OriginOfWineCode:FR_CHAMPAGNE_COTEAUX DE COIFFY;OriginOfWineCode;FR_CHAMPAGNE_COTEAUX DE COIFFY;France - Champagne - Coteaux De Coiffy;France - Champagne - Coteaux De Coiffy;France - Champagne - Coteaux De Coiffy;;;;;;;;;NEW;CURRENT;1;;;;;;;;;;;;;
urn:gs1:gdd:cl:OriginOfWineCode:FR_CHAMPAGNE_HAUTE-MARNE;OriginOfWineCode;FR_CHAMPAGNE_HAUTE-MARNE;France - Champagne - Haute-Marne;France - Champagne - Haute-Marne;France - Champagne - Haute Marne;;;;;;;;;NEW;CURRENT;1;;;;;;;;;;;;;
urn:gs1:gdd:cl:OriginOfWineCode:FR_CHAMPAGNE_ROSE DES RICEYS;OriginOfWineCode;FR_CHAMPAGNE_ROSE DES RICEYS;France - Champagne - Rose Des Riceys;France - Champagne - Rose Des Riceys;France - Champagne - Rose Des Riceys;;;;;;;;;NEW;CURRENT;1;;;;;;;;;;;;;
urn:gs1:gdd:cl:OriginOfWineCode:FR_CHARENTES_CHARENTAIS;OriginOfWineCode;FR_CHARENTES_CHARENTAIS;France - Charentes - Charentais;France - Charentes - Charentais;France - Charentes - Charentais;;;;;;;;;NEW;CURRENT;1;;;;;;;;;;;;;
urn:gs1:gdd:cl:OriginOfWineCode:FR_CHARENTES_CHARENTAIS CHARENTE;OriginOfWineCode;FR_CHARENTES_CHARENTAIS CHARENTE;France - Charentes - Charentais Charente;France - Charentes - Charentais Charente;France - Charentes - Charentais Charente;;;;;;;;;NEW;CURRENT;1;;;;;;;;;;;;;
urn:gs1:gdd:cl:OriginOfWineCode:FR_CHARENTES_CHARENTAIS CHARENTE-MARITIME;OriginOfWineCode;FR_CHARENTES_CHARENTAIS CHARENTE-MARITIME;France - Charentes - Charentais Charente-Maritime;France - Charentes - Charentais Charente-Maritime;France - Charentes - Charentais Charente-Maritime;;;;;;;;;NEW;CURRENT;1;;;;;;;;;;;;;
urn:gs1:gdd:cl:OriginOfWineCode:FR_CHARENTES_CHARENTAIS ILE D’OLERON;OriginOfWineCode;FR_CHARENTES_CHARENTAIS ILE D’OLERON;France - Charentes - Charentais Ile D’Oleron;France - Charentes - Charentais Ile D’Oleron;France - Charentes - Charentais Île D'Oléron;;;;;;;;;NEW;CURRENT;1;;;;;;;;;;;;;
urn:gs1:gdd:cl:OriginOfWineCode:FR_CHARENTES_CHARENTAIS ILE DE RE;OriginOfWineCode;FR_CHARENTES_CHARENTAIS ILE DE RE;France - Charentes - Charentais Ile De Re;France - Charentes - Charentais Ile De Re;France - Charentes - Charentais Île De Ré;;;;;;;;;NEW;CURRENT;1;;;;;;;;;;;;;
urn:gs1:gdd:cl:OriginOfWineCode:FR_CHARENTES_CHARENTAIS SAINT-SORNIN;OriginOfWineCode;FR_CHARENTES_CHARENTAIS SAINT-SORNIN;France - Charentes - Charentais Saint-Sornin;France - Charentes - Charentais Saint-Sornin;France - Charentes - Charentais Saint-Sornin;;;;;;;;;NEW;CURRENT;1;;;;;;;;;;;;;
urn:gs1:gdd:cl:OriginOfWineCode:FR_CHARENTES_PINEAU DES CHARENTES OU PINEAU CHARENTAIS;OriginOfWineCode;FR_CHARENTES_PINEAU DES CHARENTES OU PINEAU CHARENTAIS;France - Charentes - Pineau Des Charentes Ou Pineau Charentais;France - Charentes - Pineau Des Charentes Ou Pineau Charentais;France - Charentes - Pineau Des Charentes Ou Pineau Charentais;;;;;;;;;NEW;CURRENT;1;;;;;;;;;;;;;
urn:gs1:gdd:cl:OriginOfWineCode:FR_COGNAC;OriginOfWineCode;FR_COGNAC;France - Cognac;France - Cognac;France - Cognac;;;;;;;;;NEW;CURRENT;1;;;;;;;;;;;;;
urn:gs1:gdd:cl:OriginOfWineCode:FR_COGNAC_BOIS À TERROIRS;OriginOfWineCode;FR_COGNAC_BOIS À TERROIRS;France - Cognac - Bois À Terroirs;France - Cognac - Bois À Terroirs;France - Cognac - Bois À Terroirs;;;;;;;;;NEW;CURRENT;1;;;;;;;;;;;;;
urn:gs1:gdd:cl:OriginOfWineCode:FR_COGNAC_BOIS ORDINAIRES;OriginOfWineCode;FR_COGNAC_BOIS ORDINAIRES;France - Cognac - Bois Ordinaires;France - Cognac - Bois Ordinaires;France - Cognac - Bois Ordinaires;;;;;;;;;NEW;CURRENT;1;;;;;;;;;;;;;
urn:gs1:gdd:cl:OriginOfWineCode:FR_COGNAC_BONS BOIS;OriginOfWineCode;FR_COGNAC_BONS BOIS;France - Cognac - Bons Bois;France - Cognac - Bons Bois;France - Cognac - Bons Bois;;;;;;;;;NEW;CURRENT;1;;;;;;;;;;;;;
urn:gs1:gdd:cl:OriginOfWineCode:FR_COGNAC_BORDERIES;OriginOfWineCode;FR_COGNAC_BORDERIES;France - Cognac - Borderies;France - Cognac - Borderies;France - Cognac - Borderies;;;;;;;;;NEW;CURRENT;1;;;;;;;;;;;;;
urn:gs1:gdd:cl:OriginOfWineCode:FR_COGNAC_FINS BOIS;OriginOfWineCode;FR_COGNAC_FINS BOIS;France - Cognac - Fins Bois;France - Cognac - Fins Bois;France - Cognac - Fins Bois;;;;;;;;;NEW;CURRENT;1;;;;;;;;;;;;;
urn:gs1:gdd:cl:OriginOfWineCode:FR_COGNAC_GRANDE CHAMPAGNE;OriginOfWineCode;FR_COGNAC_GRANDE CHAMPAGNE;France - Cognac - Grande Champagne;France - Cognac - Grande Champagne;France - Cognac - Grande Champagne;;;;;;;;;NEW;CURRENT;1;;;;;;;;;;;;;
urn:gs1:gdd:cl:OriginOfWineCode:FR_COGNAC_PETITE CHAMPAGNE;OriginOfWineCode;FR_COGNAC_PETITE CHAMPAGNE;France - Cognac - Petite Champagne;France - Cognac - Petite Champagne;France - Cognac - Petite Champagne;;;;;;;;;NEW;CURRENT;1;;;;;;;;;;;;;
urn:gs1:gdd:cl:OriginOfWineCode:FR_CORSICA;OriginOfWineCode;FR_CORSICA;France - Corsica;France - Corsica;France - Corse;;;;;;;;;NEW;CURRENT;1;;;;;;;;;;;;;
urn:gs1:gdd:cl:OriginOfWineCode:FR_CORSICA_AJACCIO;OriginOfWineCode;FR_CORSICA_AJACCIO;France - Corsica - Ajaccio;France - Corsica - Ajaccio;France - Corse - Ajaccio;;;;;;;;;NEW;CURRENT;1;;;;;;;;;;;;;
urn:gs1:gdd:cl:OriginOfWineCode:FR_CORSICA_ILE DE BEAUTE;OriginOfWineCode;FR_CORSICA_ILE DE BEAUTE;France - Corsica - Ile De Beaute;France - Corsica - Ile De Beaute;France - Corse - Île De Beauté;;;;;;;;;NEW;CURRENT;1;;;;;;;;;;;;;
urn:gs1:gdd:cl:OriginOfWineCode:FR_CORSICA_MUSCAT DU CAP CORSE;OriginOfWineCode;FR_CORSICA_MUSCAT DU CAP CORSE;France - Corsica - Muscat Du Cap Corse;France - Corsica - Muscat Du Cap Corse;France - Corse - Mascate Du Cap Corse;;;;;;;;;NEW;CURRENT;1;;;;;;;;;;;;;
urn:gs1:gdd:cl:OriginOfWineCode:FR_CORSICA_PATRIMONIO;OriginOfWineCode;FR_CORSICA_PATRIMONIO;France - Corsica - Patrimonio;France - Corsica - Patrimonio;France - Corse - Patrimonio;;;;;;;;;NEW;CURRENT;1;;;;;;;;;;;;;
urn:gs1:gdd:cl:OriginOfWineCode:FR_CORSICA_VIN DE CORSE OU CORSE;OriginOfWineCode;FR_CORSICA_VIN DE CORSE OU CORSE;France - Corsica - Vin De Corse Ou Corse;France - Corsica - Vin De Corse Ou Corse;France - Corse - Vin De Corse Ou Corse;;;;;;;;;NEW;CURRENT;1;;;;;;;;;;;;;
urn:gs1:gdd:cl:OriginOfWineCode:FR_GASCONY_ARMAGNAC_TÉNARÈZE;OriginOfWineCode;FR_GASCONY_ARMAGNAC_TÉNARÈZE;France - Gascony - Armagnac - Ténarèze;France - Gascony - Armagnac - Ténarèze;France - Gascogne - Armagnac - Ténarèze;;;;;;;;;NEW;CURRENT;1;;;;;;;;;;;;;
urn:gs1:gdd:cl:OriginOfWineCode:FR_GASCONY_BAS_ARMAGNAC;OriginOfWineCode;FR_GASCONY_BAS_ARMAGNAC;France - Gascony - Bas - Armagnac;France - Gascony - Bas - Armagnac;France - Gascogne - Bas - Armagnac;;;;;;;;;NEW;CURRENT;1;;;;;;;;;;;;;
urn:gs1:gdd:cl:OriginOfWineCode:FR_GASCONY_BLANCHE D'ARMAGNAC;OriginOfWineCode;FR_GASCONY_BLANCHE D'ARMAGNAC;France - Gascony - Blanche D'Armagnac;France - Gascony - Blanche D'Armagnac;France - Gascogne - Blanche D'Armagnac;;;;;;;;;NEW;CURRENT;1;;;;;;;;;;;;;
urn:gs1:gdd:cl:OriginOfWineCode:FR_GASCONY_HAUT_ARMAGNAC;OriginOfWineCode;FR_GASCONY_HAUT_ARMAGNAC;France - Gascony - Haut - Armagnac;France - Gascony - Haut - Armagnac;France - Gascogne - Haut - Armagnac;;;;;;;;;NEW;CURRENT;1;;;;;;;;;;;;;
urn:gs1:gdd:cl:OriginOfWineCode:FR_JURA_ARBOIS;OriginOfWineCode;FR_JURA_ARBOIS;France - Jura - Arbois;France - Jura - Arbois;France - Jura - Arbois;;;;;;;;;NEW;CURRENT;1;;;;;;;;;;;;;
urn:gs1:gdd:cl:OriginOfWineCode:FR_JURA_CHATEAU-CHALON;OriginOfWineCode;FR_JURA_CHATEAU-CHALON;France - Jura - Chateau-Chalon;France - Jura - Chateau-Chalon;France - Jura - Château-Chalon;;;;;;;;;NEW;CURRENT;1;;;;;;;;;;;;;
urn:gs1:gdd:cl:OriginOfWineCode:FR_JURA_COTES DU JURA;OriginOfWineCode;FR_JURA_COTES DU JURA;France - Jura - Cotes Du Jura;France - Jura - Cotes Du Jura;France - Jura - Côtes du Jura;;;;;;;;;NEW;CURRENT;1;;;;;;;;;;;;;
urn:gs1:gdd:cl:OriginOfWineCode:FR_JURA_CREMANT DU JURA;OriginOfWineCode;FR_JURA_CREMANT DU JURA;France - Jura - Cremant Du Jura;France - Jura - Cremant Du Jura;France - Jura - Crémant Du Jura;;;;;;;;;NEW;CURRENT;1;;;;;;;;;;;;;
urn:gs1:gdd:cl:OriginOfWineCode:FR_JURA_FRANCHE-COMTE;OriginOfWineCode;FR_JURA_FRANCHE-COMTE;France - Jura - Franche-Comte;France - Jura - Franche-Comte;France - Jura - Franche-Comté;;;;;;;;;NEW;CURRENT;1;;;;;;;;;;;;;
urn:gs1:gdd:cl:OriginOfWineCode:FR_JURA_FRANCHE-COMTE BUFFARD;OriginOfWineCode;FR_JURA_FRANCHE-COMTE BUFFARD;France - Jura - Franche-Comte Buffard;France - Jura - Franche-Comte Buffard;France - Jura - Franche-Comté Buffard;;;;;;;;;NEW;CURRENT;1;;;;;;;;;;;;;
urn:gs1:gdd:cl:OriginOfWineCode:FR_JURA_FRANCHE-COMTE COTEAUX DE CHAMPLITTE;OriginOfWineCode;FR_JURA_FRANCHE-COMTE COTEAUX DE CHAMPLITTE;France - Jura - Franche-Comte Coteaux De Champlitte;France - Jura - Franche-Comte Coteaux De Champlitte;France - Jura - Franche-Comté Coteaux De Champlitte;;;;;;;;;NEW;CURRENT;1;;;;;;;;;;;;;
urn:gs1:gdd:cl:OriginOfWineCode:FR_JURA_FRANCHE-COMTE DOUBS;OriginOfWineCode;FR_JURA_FRANCHE-COMTE DOUBS;France - Jura - Franche-Comte Doubs;France - Jura - Franche-Comte Doubs;France - Jura - Franche-Comté Doubs;;;;;;;;;NEW;CURRENT;1;;;;;;;;;;;;;
urn:gs1:gdd:cl:OriginOfWineCode:FR_JURA_FRANCHE-COMTE GY;OriginOfWineCode;FR_JURA_FRANCHE-COMTE GY;France - Jura - Franche-Comte Gy;France - Jura - Franche-Comte Gy;France - Jura - Franche-Comté Gy;;;;;;;;;NEW;CURRENT;1;;;;;;;;;;;;;
urn:gs1:gdd:cl:OriginOfWineCode:FR_JURA_FRANCHE-COMTE HAUTE-SAONE;OriginOfWineCode;FR_JURA_FRANCHE-COMTE HAUTE-SAONE;France - Jura - Franche-Comte Haute-Saone;France - Jura - Franche-Comte Haute-Saone;France - Jura - Franche-Comté Haute-Saône;;;;;;;;;NEW;CURRENT;1;;;;;;;;;;;;;
urn:gs1:gdd:cl:OriginOfWineCode:FR_JURA_FRANCHE-COMTE HUGIER;OriginOfWineCode;FR_JURA_FRANCHE-COMTE HUGIER;France - Jura - Franche-Comte Hugier;France - Jura - Franche-Comte Hugier;France - Jura - Franche-Comté Hugier;;;;;;;;;NEW;CURRENT;1;;;;;;;;;;;;;
urn:gs1:gdd:cl:OriginOfWineCode:FR_JURA_FRANCHE-COMTE MOTEY-BESUCHE;OriginOfWineCode;FR_JURA_FRANCHE-COMTE MOTEY-BESUCHE;France - Jura - Franche-Comte Motey-Besuche;France - Jura - Franche-Comte Motey-Besuche;France - Jura - Franche-Comté Motey-Besuche;;;;;;;;;NEW;CURRENT;1;;;;;;;;;;;;;
urn:gs1:gdd:cl:OriginOfWineCode:FR_JURA_FRANCHE-COMTE OFFLANGES;OriginOfWineCode;FR_JURA_FRANCHE-COMTE OFFLANGES;France - Jura - Franche-Comte Offlanges;France - Jura - Franche-Comte Offlanges;France - Jura - Franche-Comté Offlanges;;;;;;;;;NEW;CURRENT;1;;;;;;;;;;;;;
urn:gs1:gdd:cl:OriginOfWineCode:FR_JURA_FRANCHE-COMTE VUILLAFANS;OriginOfWineCode;FR_JURA_FRANCHE-COMTE VUILLAFANS;France - Jura -Franche-Comte Vuillafans;France - Jura -Franche-Comte Vuillafans;France - Jura -Franche-Comté Vuillafans;;;;;;;;;NEW;CURRENT;1;;;;;;;;;;;;;
urn:gs1:gdd:cl:OriginOfWineCode:FR_JURA_L'ETOILE;OriginOfWineCode;FR_JURA_L'ETOILE;France - Jura - L'Etoile;France - Jura - L'Etoile;France - Jura - L'Étoile;;;;;;;;;NEW;CURRENT;1;;;;;;;;;;;;;
urn:gs1:gdd:cl:OriginOfWineCode:FR_JURA_MACVIN DU JURA;OriginOfWineCode;FR_JURA_MACVIN DU JURA;France - Jura - Macvin Du Jura;France - Jura - Macvin Du Jura;France - Jura - Macvin Du Jura;;;;;;;;;NEW;CURRENT;1;;;;;;;;;;;;;
urn:gs1:gdd:cl:OriginOfWineCode:FR_LANGUEDOC_AUDE;OriginOfWineCode;FR_LANGUEDOC_AUDE;France - Languedoc - Aude;France - Languedoc - Aude;France - Languedoc - Aude;;;;;;;;;NEW;CURRENT;1;;;;;;;;;;;;;
urn:gs1:gdd:cl:OriginOfWineCode:FR_LANGUEDOC_AUDE COTEAUX DE LA CABRERISSE;OriginOfWineCode;FR_LANGUEDOC_AUDE COTEAUX DE LA CABRERISSE;France - Languedoc - Aude Coteaux De La Cabrerisse;France - Languedoc - Aude Coteaux De La Cabrerisse;France - Languedoc - Aude Coteaux De La Cabrerisse;;;;;;;;;NEW;CURRENT;1;;;;;;;;;;;;;
urn:gs1:gdd:cl:OriginOfWineCode:FR_LANGUEDOC_AUDE COTEAUX DE MIRAMONT;OriginOfWineCode;FR_LANGUEDOC_AUDE COTEAUX DE MIRAMONT;France - Languedoc - Aude Coteaux De Miramont;France - Languedoc - Aude Coteaux De Miramont;France - Languedoc - Aude Coteaux De Miramont;;;;;;;;;NEW;CURRENT;1;;;;;;;;;;;;;
urn:gs1:gdd:cl:OriginOfWineCode:FR_LANGUEDOC_AUDE COTES DE LASTOURS;OriginOfWineCode;FR_LANGUEDOC_AUDE COTES DE LASTOURS;France - Languedoc - Aude Cotes De Lastours;France - Languedoc - Aude Cotes De Lastours;France - Languedoc - Aude Côtes De Lastours;;;;;;;;;NEW;CURRENT;1;;;;;;;;;;;;;
urn:gs1:gdd:cl:OriginOfWineCode:FR_LANGUEDOC_AUDE COTES DE PROUILHE;OriginOfWineCode;FR_LANGUEDOC_AUDE COTES DE PROUILHE;France - Languedoc - Aude Cotes De Prouilhe;France - Languedoc - Aude Cotes De Prouilhe;France - Languedoc - Aude Côtes De Prouilhe;;;;;;;;;NEW;CURRENT;1;;;;;;;;;;;;;
urn:gs1:gdd:cl:OriginOfWineCode:FR_LANGUEDOC_AUDE HAUTERIVE;OriginOfWineCode;FR_LANGUEDOC_AUDE HAUTERIVE;France - Languedoc - Aude Hauterive;France - Languedoc - Aude Hauterive;France - Languedoc - Aude Hauterive;;;;;;;;;NEW;CURRENT;1;;;;;;;;;;;;;
urn:gs1:gdd:cl:OriginOfWineCode:FR_LANGUEDOC_AUDE LA COTE REVEE;OriginOfWineCode;FR_LANGUEDOC_AUDE LA COTE REVEE;France - Languedoc - Aude La Cote Revee;France - Languedoc - Aude La Cote Revee;France - Languedoc - Aude La Cote Revee;;;;;;;;;NEW;CURRENT;1;;;;;;;;;;;;;
urn:gs1:gdd:cl:OriginOfWineCode:FR_LANGUEDOC_AUDE PAYS DE CUCUGNAN;OriginOfWineCode;FR_LANGUEDOC_AUDE PAYS DE CUCUGNAN;France - Languedoc - Aude Pays De Cucugnan;France - Languedoc - Aude Pays De Cucugnan;France - Languedoc - Aude Pays De Cucugnan;;;;;;;;;NEW;CURRENT;1;;;;;;;;;;;;;
urn:gs1:gdd:cl:OriginOfWineCode:FR_LANGUEDOC_AUDE VAL DE CESSE;OriginOfWineCode;FR_LANGUEDOC_AUDE VAL DE CESSE;France - Languedoc - Aude Val De Cesse;France - Languedoc - Aude Val De Cesse;France - Languedoc - Aude Val De Cesse;;;;;;;;;NEW;CURRENT;1;;;;;;;;;;;;;
urn:gs1:gdd:cl:OriginOfWineCode:FR_LANGUEDOC_AUDE VAL DE DAGNE;OriginOfWineCode;FR_LANGUEDOC_AUDE VAL DE DAGNE;France - Languedoc - Aude Val De Dagne;France - Languedoc - Aude Val De Dagne;France - Languedoc - Aude Val De Dagne;;;;;;;;;NEW;CURRENT;1;;;;;;;;;;;;;
urn:gs1:gdd:cl:OriginOfWineCode:FR_LANGUEDOC_CABARDES;OriginOfWineCode;FR_LANGUEDOC_CABARDES;France - Languedoc - Cabardes;France - Languedoc - Cabardes;France - Languedoc - Cabardès;;;;;;;;;NEW;CURRENT;1;;;;;;;;;;;;;
urn:gs1:gdd:cl:OriginOfWineCode:FR_LANGUEDOC_CEVENNES;OriginOfWineCode;FR_LANGUEDOC_CEVENNES;France - Languedoc - Cevennes;France - Languedoc - Cevennes;France - Languedoc - Cévennes;;;;;;;;;NEW;CURRENT;1;;;;;;;;;;;;;
urn:gs1:gdd:cl:OriginOfWineCode:FR_LANGUEDOC_CITE DE CARCASSONNE;OriginOfWineCode;FR_LANGUEDOC_CITE DE CARCASSONNE;France - Languedoc - Cite De Carcassonne;France - Languedoc - Cite De Carcassonne;France - Languedoc - Cité De Carcassonne;;;;;;;;;NEW;CURRENT;1;;;;;;;;;;;;;
urn:gs1:gdd:cl:OriginOfWineCode:FR_LANGUEDOC_CLAIRETTE DU LANGUEDOC;OriginOfWineCode;FR_LANGUEDOC_CLAIRETTE DU LANGUEDOC;France - Languedoc - Clairette Du Languedoc;France - Languedoc - Clairette Du Languedoc;France - Languedoc - Clairette Du Languedoc;;;;;;;;;NEW;CURRENT;1;;;;;;;;;;;;;
urn:gs1:gdd:cl:OriginOfWineCode:FR_LANGUEDOC_CORBIERES;OriginOfWineCode;FR_LANGUEDOC_CORBIERES;France - Languedoc - Corbieres;France - Languedoc - Corbieres;France - Languedoc - Corbières;;;;;;;;;NEW;CURRENT;1;;;;;;;;;;;;;
urn:gs1:gdd:cl:OriginOfWineCode:FR_LANGUEDOC_CORBIERES-BOUTENAC;OriginOfWineCode;FR_LANGUEDOC_CORBIERES-BOUTENAC;France - Languedoc - Corbieres-Boutenac;France - Languedoc - Corbieres-Boutenac;France - Languedoc - Corbières-Boutenac;;;;;;;;;NEW;CURRENT;1;;;;;;;;;;;;;
urn:gs1:gdd:cl:OriginOfWineCode:FR_LANGUEDOC_COTEAUX DE NARBONNE;OriginOfWineCode;FR_LANGUEDOC_COTEAUX DE NARBONNE;France - Languedoc - Coteaux De Narbonne;France - Languedoc - Coteaux De Narbonne;France - Languedoc - Coteaux De Narbonne;;;;;;;;;NEW;CURRENT;1;;;;;;;;;;;;;
urn:gs1:gdd:cl:OriginOfWineCode:FR_LANGUEDOC_COTEAUX DE PEYRIAC;OriginOfWineCode;FR_LANGUEDOC_COTEAUX DE PEYRIAC;France - Languedoc - Coteaux De Peyriac;France - Languedoc - Coteaux De Peyriac;France - Languedoc - Coteaux De Peyriac;;;;;;;;;NEW;CURRENT;1;;;;;;;;;;;;;
urn:gs1:gdd:cl:OriginOfWineCode:FR_LANGUEDOC_COTEAUX DE PEYRIAC HAUT DE BADENS;OriginOfWineCode;FR_LANGUEDOC_COTEAUX DE PEYRIAC HAUT DE BADENS;France - Languedoc - Coteaux De Peyriac Haut De Badens;France - Languedoc - Coteaux De Peyriac Haut De Badens;France - Languedoc - Coteaux De Peyriac Haut De Badens;;;;;;;;;NEW;CURRENT;1;;;;;;;;;;;;;
urn:gs1:gdd:cl:OriginOfWineCode:FR_LANGUEDOC_COTEAUX D'ENSERUNE;OriginOfWineCode;FR_LANGUEDOC_COTEAUX D'ENSERUNE;France - Languedoc - Coteaux D'Enserune;France - Languedoc - Coteaux D'Enserune;France - Languedoc - Coteaux D'Ensérune;;;;;;;;;NEW;CURRENT;1;;;;;;;;;;;;;
urn:gs1:gdd:cl:OriginOfWineCode:FR_LANGUEDOC_COTEAUX DU LIBRON;OriginOfWineCode;FR_LANGUEDOC_COTEAUX DU LIBRON;France - Languedoc - Coteaux Du Libron;France - Languedoc - Coteaux Du Libron;France - Languedoc - Coteaux Du Libron;;;;;;;;;NEW;CURRENT;1;;;;;;;;;;;;;
urn:gs1:gdd:cl:OriginOfWineCode:FR_LANGUEDOC_COTEAUX DU LIBRON LES COTEAUX DE BEZIERS;OriginOfWineCode;FR_LANGUEDOC_COTEAUX DU LIBRON LES COTEAUX DE BEZIERS;France - Languedoc - Coteaux Du Libron Les Coteaux De Beziers;France - Languedoc - Coteaux Du Libron Les Coteaux De Beziers;France - Languedoc - Coteaux Du Libron Les Coteaux De Béziers;;;;;;;;;NEW;CURRENT;1;;;;;;;;;;;;;
urn:gs1:gdd:cl:OriginOfWineCode:FR_LANGUEDOC_COTEAUX DU PONT DU GARD;OriginOfWineCode;FR_LANGUEDOC_COTEAUX DU PONT DU GARD;France - Languedoc - Coteaux Du Pont Du Gard;France - Languedoc - Coteaux Du Pont Du Gard;France - Languedoc - Coteaux Du Pont Du Gard;;;;;;;;;NEW;CURRENT;1;;;;;;;;;;;;;
urn:gs1:gdd:cl:OriginOfWineCode:FR_LANGUEDOC_COTES DE THAU;OriginOfWineCode;FR_LANGUEDOC_COTES DE THAU;France - Languedoc - Cotes De Thau;France - Languedoc - Cotes De Thau;France - Languedoc - Côtes De Thau;;;;;;;;;NEW;CURRENT;1;;;;;;;;;;;;;
urn:gs1:gdd:cl:OriginOfWineCode:FR_LANGUEDOC_COTES DE THAU CAP D'AGDE;OriginOfWineCode;FR_LANGUEDOC_COTES DE THAU CAP D'AGDE;France - Languedoc - Cotes De Thau Cap D'Agde;France - Languedoc - Cotes De Thau Cap D'Agde;France - Languedoc - Côtes De Thau Cap D'Agde;;;;;;;;;NEW;CURRENT;1;;;;;;;;;;;;;
urn:gs1:gdd:cl:OriginOfWineCode:FR_LANGUEDOC_COTES DE THONGUE;OriginOfWineCode;FR_LANGUEDOC_COTES DE THONGUE;France - Languedoc - Cotes De Thongue;France - Languedoc - Cotes De Thongue;France - Languedoc - Côtes De Thongue;;;;;;;;;NEW;CURRENT;1;;;;;;;;;;;;;
urn:gs1:gdd:cl:OriginOfWineCode:FR_LANGUEDOC_CREMANT DE LIMOUX;OriginOfWineCode;FR_LANGUEDOC_CREMANT DE LIMOUX;France - Languedoc - Cremant De Limoux;France - Languedoc - Cremant De Limoux;France - Languedoc - Crémant De Limoux;;;;;;;;;NEW;CURRENT;1;;;;;;;;;;;;;
urn:gs1:gdd:cl:OriginOfWineCode:FR_LANGUEDOC_FAUGERES;OriginOfWineCode;FR_LANGUEDOC_FAUGERES;France - Languedoc - Faugeres;France - Languedoc - Faugeres;France - Languedoc - Faugères;;;;;;;;;NEW;CURRENT;1;;;;;;;;;;;;;
urn:gs1:gdd:cl:OriginOfWineCode:FR_LANGUEDOC_FITOU;OriginOfWineCode;FR_LANGUEDOC_FITOU;France - Languedoc - Fitou;France - Languedoc - Fitou;France - Languedoc - Fitou;;;;;;;;;NEW;CURRENT;1;;;;;;;;;;;;;
urn:gs1:gdd:cl:OriginOfWineCode:FR_LANGUEDOC_GARD;OriginOfWineCode;FR_LANGUEDOC_GARD;France - Languedoc - Gard;France - Languedoc - Gard;France - Languedoc - Gard;;;;;;;;;NEW;CURRENT;1;;;;;;;;;;;;;
urn:gs1:gdd:cl:OriginOfWineCode:FR_LANGUEDOC_HAUTE VALLEE DE L'ORB;OriginOfWineCode;FR_LANGUEDOC_HAUTE VALLEE DE L'ORB;France - Languedoc - Haute Vallee De L'Orb;France - Languedoc - Haute Vallee De L'Orb;France - Languedoc - Haute Vallée De L'Orb;;;;;;;;;NEW;CURRENT;1;;;;;;;;;;;;;
urn:gs1:gdd:cl:OriginOfWineCode:FR_LANGUEDOC_LA CLAPE;OriginOfWineCode;FR_LANGUEDOC_LA CLAPE;France - Languedoc - La Clape;France - Languedoc - La Clape;France - Languedoc - La Clape;;;;;;;;;NEW;CURRENT;1;;;;;;;;;;;;;
urn:gs1:gdd:cl:OriginOfWineCode:FR_LANGUEDOC_LANGUEDOC;OriginOfWineCode;FR_LANGUEDOC_LANGUEDOC;France - Languedoc - Languedoc;France - Languedoc - Languedoc;France - Languedoc - Languedoc;;;;;;;;;NEW;CURRENT;1;;;;;;;;;;;;;
urn:gs1:gdd:cl:OriginOfWineCode:FR_LANGUEDOC_LE PAYS CATHARE;OriginOfWineCode;FR_LANGUEDOC_LE PAYS CATHARE;France - Languedoc - Le Pays Cathare;France - Languedoc - Le Pays Cathare;France - Languedoc - Le Pays Cathare;;;;;;;;;NEW;CURRENT;1;;;;;;;;;;;;;
urn:gs1:gdd:cl:OriginOfWineCode:FR_LANGUEDOC_LIMOUX;OriginOfWineCode;FR_LANGUEDOC_LIMOUX;France - Languedoc - Limoux;France - Languedoc - Limoux;France - Languedoc - Limoux;;;;;;;;;NEW;CURRENT;1;;;;;;;;;;;;;
urn:gs1:gdd:cl:OriginOfWineCode:FR_LANGUEDOC_MALEPERE;OriginOfWineCode;FR_LANGUEDOC_MALEPERE;France - Languedoc - Malepere;France - Languedoc - Malepere;France - Languedoc - Malepère;;;;;;;;;NEW;CURRENT;1;;;;;;;;;;;;;
urn:gs1:gdd:cl:OriginOfWineCode:FR_LANGUEDOC_MINERVOIS;OriginOfWineCode;FR_LANGUEDOC_MINERVOIS;France - Languedoc - Minervois;France - Languedoc - Minervois;France - Languedoc - Minervois;;;;;;;;;NEW;CURRENT;1;;;;;;;;;;;;;
urn:gs1:gdd:cl:OriginOfWineCode:FR_LANGUEDOC_MINERVOIS-LA LIVINIERE;OriginOfWineCode;FR_LANGUEDOC_MINERVOIS-LA LIVINIERE;France - Languedoc - Minervois-La Liviniere;France - Languedoc - Minervois-La Liviniere;France - Languedoc - Minervois-La Livinière;;;;;;;;;NEW;CURRENT;1;;;;;;;;;;;;;
urn:gs1:gdd:cl:OriginOfWineCode:FR_LANGUEDOC_MUSCAT DE FRONTIGNAN OR FRONTIGNAN OR VIN DE FRONTIGNAN;OriginOfWineCode;FR_LANGUEDOC_MUSCAT DE FRONTIGNAN OR FRONTIGNAN OR VIN DE FRONTIGNAN;France - Languedoc - Muscat De Frontignan Or Frontignan Or Vin De Frontignan;France - Languedoc - Muscat De Frontignan Or Frontignan Or Vin De Frontignan;France - Languedoc - Muscat De Frontignan Ou Frontignan Ou Vin De Frontignan;;;;;;;;;NEW;CURRENT;1;;;;;;;;;;;;;
urn:gs1:gdd:cl:OriginOfWineCode:FR_LANGUEDOC_MUSCAT DE LUNEL;OriginOfWineCode;FR_LANGUEDOC_MUSCAT DE LUNEL;France - Languedoc - Muscat De Lunel;France - Languedoc - Muscat De Lunel;France - Languedoc - Mascate De Lunel;;;;;;;;;NEW;CURRENT;1;;;;;;;;;;;;;
urn:gs1:gdd:cl:OriginOfWineCode:FR_LANGUEDOC_MUSCAT DE MIREVAL;OriginOfWineCode;FR_LANGUEDOC_MUSCAT DE MIREVAL;France - Languedoc - Muscat De Mireval;France - Languedoc - Muscat De Mireval;France - Languedoc - Mascate De Mireval;;;;;;;;;NEW;CURRENT;1;;;;;;;;;;;;;
urn:gs1:gdd:cl:OriginOfWineCode:FR_LANGUEDOC_MUSCAT DE SAINT-JEAN-DE-MINERVOIS;OriginOfWineCode;FR_LANGUEDOC_MUSCAT DE SAINT-JEAN-DE-MINERVOIS;France - Languedoc - Muscat De Saint-Jean-De-Minervois;France - Languedoc - Muscat De Saint-Jean-De-Minervois;France - Languedoc - Mascate De Saint-Jean-De-Minervois;;;;;;;;;NEW;CURRENT;1;;;;;;;;;;;;;
urn:gs1:gdd:cl:OriginOfWineCode:FR_LANGUEDOC_PAYS D'HERAULT;OriginOfWineCode;FR_LANGUEDOC_PAYS D'HERAULT;France - Languedoc - Pays D'Herault;France - Languedoc - Pays D'Herault;France - Languedoc - Pays D'Hérault;;;;;;;;;NEW;CURRENT;1;;;;;;;;;;;;;
urn:gs1:gdd:cl:OriginOfWineCode:FR_LANGUEDOC_PAYS D'HERAULT BENOVIE;OriginOfWineCode;FR_LANGUEDOC_PAYS D'HERAULT BENOVIE;France - Languedoc - Pays D'Herault Benovie;France - Languedoc - Pays D'Herault Benovie;France - Languedoc - Pays D'Hérault Benovie;;;;;;;;;NEW;CURRENT;1;;;;;;;;;;;;;
urn:gs1:gdd:cl:OriginOfWineCode:FR_LANGUEDOC_PAYS D'HERAULT BERANGE;OriginOfWineCode;FR_LANGUEDOC_PAYS D'HERAULT BERANGE;France - Languedoc - Pays D'Herault Berange;France - Languedoc - Pays D'Herault Berange;France - Languedoc - Pays D'Hérault Bérange;;;;;;;;;NEW;CURRENT;1;;;;;;;;;;;;;
urn:gs1:gdd:cl:OriginOfWineCode:FR_LANGUEDOC_PAYS D'HERAULT CASSAN;OriginOfWineCode;FR_LANGUEDOC_PAYS D'HERAULT CASSAN;France - Languedoc - Pays D'Herault Cassan;France - Languedoc - Pays D'Herault Cassan;France - Languedoc - Pays D'Hérault Cassan;;;;;;;;;NEW;CURRENT;1;;;;;;;;;;;;;
urn:gs1:gdd:cl:OriginOfWineCode:FR_LANGUEDOC_PAYS D'HERAULT CESSENON;OriginOfWineCode;FR_LANGUEDOC_PAYS D'HERAULT CESSENON;France - Languedoc - Pays D'Herault Cessenon;France - Languedoc - Pays D'Herault Cessenon;France - Languedoc - Pays D'Hérault Cessenon;;;;;;;;;NEW;CURRENT;1;;;;;;;;;;;;;
urn:gs1:gdd:cl:OriginOfWineCode:FR_LANGUEDOC_PAYS D'HERAULT COLLINES DE LA MOURE;OriginOfWineCode;FR_LANGUEDOC_PAYS D'HERAULT COLLINES DE LA MOURE;France - Languedoc - Pays D'Herault Collines De La Moure;France - Languedoc - Pays D'Herault Collines De La Moure;France - Languedoc - Pays D'Hérault Collines De La Moure;;;;;;;;;NEW;CURRENT;1;;;;;;;;;;;;;
urn:gs1:gdd:cl:OriginOfWineCode:FR_LANGUEDOC_PAYS D'HERAULT COTEAUX DE BESSILLES;OriginOfWineCode;FR_LANGUEDOC_PAYS D'HERAULT COTEAUX DE BESSILLES;France - Languedoc - Pays D'Herault Coteaux De Bessilles;France - Languedoc - Pays D'Herault Coteaux De Bessilles;France - Languedoc - Pays D'Hérault Coteaux De Bessilles;;;;;;;;;NEW;CURRENT;1;;;;;;;;;;;;;
urn:gs1:gdd:cl:OriginOfWineCode:FR_LANGUEDOC_PAYS D'HERAULT COTEAUX DE FONTCAUDE;OriginOfWineCode;FR_LANGUEDOC_PAYS D'HERAULT COTEAUX DE FONTCAUDE;France - Languedoc - Pays D'Herault Coteaux De Fontcaude;France - Languedoc - Pays D'Herault Coteaux De Fontcaude;France - Languedoc - Pays D'Hérault Coteaux De Fontcaude;;;;;;;;;NEW;CURRENT;1;;;;;;;;;;;;;
urn:gs1:gdd:cl:OriginOfWineCode:FR_LANGUEDOC_PAYS D'HERAULT COTEAUX DE LAURENS;OriginOfWineCode;FR_LANGUEDOC_PAYS D'HERAULT COTEAUX DE LAURENS;France - Languedoc - Pays D'Herault Coteaux De Laurens;France - Languedoc - Pays D'Herault Coteaux De Laurens;France - Languedoc - Pays D'Hérault Coteaux De Laurens;;;;;;;;;NEW;CURRENT;1;;;;;;;;;;;;;
urn:gs1:gdd:cl:OriginOfWineCode:FR_LANGUEDOC_PAYS D'HERAULT COTEAUX DE MURVIEL;OriginOfWineCode;FR_LANGUEDOC_PAYS D'HERAULT COTEAUX DE MURVIEL;France - Languedoc - Pays D'Herault Coteaux De Murviel;France - Languedoc - Pays D'Herault Coteaux De Murviel;France - Languedoc - Pays D'Hérault Coteaux De Murviel;;;;;;;;;NEW;CURRENT;1;;;;;;;;;;;;;
urn:gs1:gdd:cl:OriginOfWineCode:FR_LANGUEDOC_PAYS D'HERAULT COTEAUX DU SALAGOU;OriginOfWineCode;FR_LANGUEDOC_PAYS D'HERAULT COTEAUX DU SALAGOU;France - Languedoc - Pays D'Herault Coteaux Du Salagou;France - Languedoc - Pays D'Herault Coteaux Du Salagou;France - Languedoc - Pays D'Hérault Coteaux Du Salagou;;;;;;;;;NEW;CURRENT;1;;;;;;;;;;;;;
urn:gs1:gdd:cl:OriginOfWineCode:FR_LANGUEDOC_PAYS D'HERAULT COTES DU BRIAN;OriginOfWineCode;FR_LANGUEDOC_PAYS D'HERAULT COTES DU BRIAN;France - Languedoc - Pays D'Herault Cotes Du Brian;France - Languedoc - Pays D'Herault Cotes Du Brian;France - Languedoc - Pays D'Hérault Côtes Du Brian;;;;;;;;;NEW;CURRENT;1;;;;;;;;;;;;;
urn:gs1:gdd:cl:OriginOfWineCode:FR_LANGUEDOC_PAYS D'HERAULT COTES DU CERESSOU;OriginOfWineCode;FR_LANGUEDOC_PAYS D'HERAULT COTES DU CERESSOU;France - Languedoc - Pays D'Herault Cotes Du Ceressou;France - Languedoc - Pays D'Herault Cotes Du Ceressou;France - Languedoc - Pays D'Herault Côtes Du Ceressou;;;;;;;;;NEW;CURRENT;1;;;;;;;;;;;;;
urn:gs1:gdd:cl:OriginOfWineCode:FR_LANGUEDOC_PAYS D'HERAULT MONT BAUDILE;OriginOfWineCode;FR_LANGUEDOC_PAYS D'HERAULT MONT BAUDILE;France - Languedoc - Pays D'Herault Mont Baudile;France - Languedoc - Pays D'Herault Mont Baudile;France - Languedoc - Pays D'Hérault Mont Baudile;;;;;;;;;NEW;CURRENT;1;;;;;;;;;;;;;
urn:gs1:gdd:cl:OriginOfWineCode:FR_LANGUEDOC_PAYS D'HERAULT MONTS DE LA GRAGE;OriginOfWineCode;FR_LANGUEDOC_PAYS D'HERAULT MONTS DE LA GRAGE;France - Languedoc - Pays D'Herault Monts De La Grage;France - Languedoc - Pays D'Herault Monts De La Grage;France - Languedoc - Pays D'Hérault Monts De La Grage;;;;;;;;;NEW;CURRENT;1;;;;;;;;;;;;;
urn:gs1:gdd:cl:OriginOfWineCode:FR_LANGUEDOC_PAYS D'HERAULT PAYS DE BESSAN;OriginOfWineCode;FR_LANGUEDOC_PAYS D'HERAULT PAYS DE BESSAN;France - Languedoc - Pays D'Herault Pays De Bessan;France - Languedoc - Pays D'Herault Pays De Bessan;France - Languedoc - Pays D'Hérault Pays De Bessan;;;;;;;;;NEW;CURRENT;1;;;;;;;;;;;;;
urn:gs1:gdd:cl:OriginOfWineCode:FR_LANGUEDOC_PAYS D'HERAULT PAYS DE CAUX;OriginOfWineCode;FR_LANGUEDOC_PAYS D'HERAULT PAYS DE CAUX;France - Languedoc - Pays D'Herault Pays De Caux;France - Languedoc - Pays D'Herault Pays De Caux;France - Languedoc - Pays D'Hérault Pays De Caux;;;;;;;;;NEW;CURRENT;1;;;;;;;;;;;;;
urn:gs1:gdd:cl:OriginOfWineCode:FR_LANGUEDOC_PAYS D'OC;OriginOfWineCode;FR_LANGUEDOC_PAYS D'OC;France - Languedoc - Pays D'Oc;France - Languedoc - Pays D'Oc;France - Languedoc - Pays d'Oc;;;;;;;;;NEW;CURRENT;1;;;;;;;;;;;;;
urn:gs1:gdd:cl:OriginOfWineCode:FR_LANGUEDOC_SABLE DE CAMARGUE;OriginOfWineCode;FR_LANGUEDOC_SABLE DE CAMARGUE;France - Languedoc - Sable De Camargue;France - Languedoc - Sable De Camargue;France - Languedoc - Sable De Camargue;;;;;;;;;NEW;CURRENT;1;;;;;;;;;;;;;
urn:gs1:gdd:cl:OriginOfWineCode:FR_LANGUEDOC_SAINT-CHINIAN;OriginOfWineCode;FR_LANGUEDOC_SAINT-CHINIAN;France - Languedoc - Saint-Chinian;France - Languedoc - Saint-Chinian;France - Languedoc - Saint Chinian;;;;;;;;;NEW;CURRENT;1;;;;;;;;;;;;;
urn:gs1:gdd:cl:OriginOfWineCode:FR_LANGUEDOC_SAINT-GUILHEM-LE-DESERT;OriginOfWineCode;FR_LANGUEDOC_SAINT-GUILHEM-LE-DESERT;France - Languedoc - Saint-Guilhem-Le-Desert;France - Languedoc - Saint-Guilhem-Le-Desert;France - Languedoc - Saint-Guilhem-Le-Désert;;;;;;;;;NEW;CURRENT;1;;;;;;;;;;;;;
urn:gs1:gdd:cl:OriginOfWineCode:FR_LANGUEDOC_SAINT-GUILHEM-LE-DESERT CITE D'ANIANE;OriginOfWineCode;FR_LANGUEDOC_SAINT-GUILHEM-LE-DESERT CITE D'ANIANE;France - Languedoc - Saint-Guilhem-Le-Desert Cite D'Aniane;France - Languedoc - Saint-Guilhem-Le-Desert Cite D'Aniane;France - Languedoc - Saint-Guilhem-Le-Désert Cité D'Aniane;;;;;;;;;NEW;CURRENT;1;;;;;;;;;;;;;
urn:gs1:gdd:cl:OriginOfWineCode:FR_LANGUEDOC_SAINT-GUILHEM-LE-DESERT VAL DE MONTFERRAND;OriginOfWineCode;FR_LANGUEDOC_SAINT-GUILHEM-LE-DESERT VAL DE MONTFERRAND;France - Languedoc - Saint-Guilhem-Le-Desert Val De Montferrand;France - Languedoc - Saint-Guilhem-Le-Desert Val De Montferrand;France - Languedoc - Saint-Guilhem-Le-Désert Val De Montferrand;;;;;;;;;NEW;CURRENT;1;;;;;;;;;;;;;
urn:gs1:gdd:cl:OriginOfWineCode:FR_LANGUEDOC_TERRASSES DU LARZAC;OriginOfWineCode;FR_LANGUEDOC_TERRASSES DU LARZAC;France - Languedoc - Terrasses Du Larzac;France - Languedoc - Terrasses Du Larzac;France - Languedoc - Terrasses Du Larzac;;;;;;;;;NEW;CURRENT;1;;;;;;;;;;;;;
urn:gs1:gdd:cl:OriginOfWineCode:FR_LANGUEDOC_VALLEE DU PARADIS;OriginOfWineCode;FR_LANGUEDOC_VALLEE DU PARADIS;France - Languedoc - Vallee Du Paradis;France - Languedoc - Vallee Du Paradis;France - Languedoc - Vallée Du Paradis;;;;;;;;;NEW;CURRENT;1;;;;;;;;;;;;;
urn:gs1:gdd:cl:OriginOfWineCode:FR_LANGUEDOC_VALLEE DU TORGAN;OriginOfWineCode;FR_LANGUEDOC_VALLEE DU TORGAN;France - Languedoc - Vallee Du Torgan;France - Languedoc - Vallee Du Torgan;France - Languedoc - Vallée Du Torgan;;;;;;;;;NEW;CURRENT;1;;;;;;;;;;;;;
urn:gs1:gdd:cl:OriginOfWineCode:FR_LANGUEDOC_VICOMTE D'AUMELAS;OriginOfWineCode;FR_LANGUEDOC_VICOMTE D'AUMELAS;France - Languedoc - Vicomte D'Aumelas;France - Languedoc - Vicomte D'Aumelas;France - Languedoc - Vicomte D'Aumelas;;;;;;;;;NEW;CURRENT;1;;;;;;;;;;;;;
urn:gs1:gdd:cl:OriginOfWineCode:FR_LANGUEDOC_VICOMTE D'AUMELAS VALLEE DOREE;OriginOfWineCode;FR_LANGUEDOC_VICOMTE D'AUMELAS VALLEE DOREE;France - Languedoc - Vicomte D'Aumelas Vallee Doree;France - Languedoc - Vicomte D'Aumelas Vallee Doree;France - Languedoc - Vicomte D'Aumelas Vallée Dorée;;;;;;;;;NEW;CURRENT;1;;;;;;;;;;;;;
urn:gs1:gdd:cl:OriginOfWineCode:FR_LOIRE VALLEY_ANJOU;OriginOfWineCode;FR_LOIRE VALLEY_ANJOU;France - Loire Valley - Anjou;France - Loire Valley - Anjou;France - Val de Loire - Anjou;;;;;;;;;NEW;CURRENT;1;;;;;;;;;;;;;
urn:gs1:gdd:cl:OriginOfWineCode:FR_LOIRE VALLEY_ANJOU VILLAGES;OriginOfWineCode;FR_LOIRE VALLEY_ANJOU VILLAGES;France - Loire Valley - Anjou Villages;France - Loire Valley - Anjou Villages;France - Val de Loire - Anjou Villages;;;;;;;;;NEW;CURRENT;1;;;;;;;;;;;;;
urn:gs1:gdd:cl:OriginOfWineCode:FR_LOIRE VALLEY_ANJOU VILLAGES BRISSAC;OriginOfWineCode;FR_LOIRE VALLEY_ANJOU VILLAGES BRISSAC;France - Loire Valley - Anjou Villages Brissac;France - Loire Valley - Anjou Villages Brissac;France - Val de Loire - Anjou Villages Brissac;;;;;;;;;NEW;CURRENT;1;;;;;;;;;;;;;
urn:gs1:gdd:cl:OriginOfWineCode:FR_LOIRE VALLEY_ANJOU-COTEAUX DE LA LOIRE;OriginOfWineCode;FR_LOIRE VALLEY_ANJOU-COTEAUX DE LA LOIRE;France - Loire Valley - Anjou-Coteaux De La Loire;France - Loire Valley - Anjou-Coteaux De La Loire;France - Val de Loire - Anjou-Coteaux De La Loire;;;;;;;;;NEW;CURRENT;1;;;;;;;;;;;;;
urn:gs1:gdd:cl:OriginOfWineCode:FR_LOIRE VALLEY_BONNEZEAUX;OriginOfWineCode;FR_LOIRE VALLEY_BONNEZEAUX;France - Loire Valley - Bonnezeaux;France - Loire Valley - Bonnezeaux;France - Val de Loire - Bonnezeaux;;;;;;;;;NEW;CURRENT;1;;;;;;;;;;;;;
urn:gs1:gdd:cl:OriginOfWineCode:FR_LOIRE VALLEY_BOURGUEIL;OriginOfWineCode;FR_LOIRE VALLEY_BOURGUEIL;France - Loire Valley - Bourgueil;France - Loire Valley - Bourgueil;France - Val de Loire - Bourgueil;;;;;;;;;NEW;CURRENT;1;;;;;;;;;;;;;
urn:gs1:gdd:cl:OriginOfWineCode:FR_LOIRE VALLEY_CABERNET D'ANJOU;OriginOfWineCode;FR_LOIRE VALLEY_CABERNET D'ANJOU;France - Loire Valley - Cabernet D'Anjou;France - Loire Valley - Cabernet D'Anjou;France - Val de Loire - Cabernet D'Anjou;;;;;;;;;NEW;CURRENT;1;;;;;;;;;;;;;
urn:gs1:gdd:cl:OriginOfWineCode:FR_LOIRE VALLEY_CABERNET DE SAUMUR;OriginOfWineCode;FR_LOIRE VALLEY_CABERNET DE SAUMUR;France - Loire Valley - Cabernet De Saumur;France - Loire Valley - Cabernet De Saumur;France - Val de Loire - Cabernet De Saumur;;;;;;;;;NEW;CURRENT;1;;;;;;;;;;;;;
urn:gs1:gdd:cl:OriginOfWineCode:FR_LOIRE VALLEY_CALVADOS;OriginOfWineCode;FR_LOIRE VALLEY_CALVADOS;France - Loire Valley - Calvados;France - Loire Valley - Calvados;France - Val de Loire - Calvados;;;;;;;;;NEW;CURRENT;1;;;;;;;;;;;;;
urn:gs1:gdd:cl:OriginOfWineCode:FR_LOIRE VALLEY_CALVADOS GRISY;OriginOfWineCode;FR_LOIRE VALLEY_CALVADOS GRISY;France - Loire Valley - Calvados Grisy;France - Loire Valley - Calvados Grisy;France - Val de Loire - Calvados Grisy;;;;;;;;;NEW;CURRENT;1;;;;;;;;;;;;;
urn:gs1:gdd:cl:OriginOfWineCode:FR_LOIRE VALLEY_CHATEAUMEILLANT;OriginOfWineCode;FR_LOIRE VALLEY_CHATEAUMEILLANT;France - Loire Valley - Chateaumeillant;France - Loire Valley - Chateaumeillant;France - Val de Loire - Châteaumeillant;;;;;;;;;NEW;CURRENT;1;;;;;;;;;;;;;
urn:gs1:gdd:cl:OriginOfWineCode:FR_LOIRE VALLEY_CHAUME;OriginOfWineCode;FR_LOIRE VALLEY_CHAUME;France - Loire Valley - Chaume;France - Loire Valley - Chaume;France - Val de Loire - Chaume;;;;;;;;;NEW;CURRENT;1;;;;;;;;;;;;;
urn:gs1:gdd:cl:OriginOfWineCode:FR_LOIRE VALLEY_CHEVERNY;OriginOfWineCode;FR_LOIRE VALLEY_CHEVERNY;France - Loire Valley - Cheverny;France - Loire Valley - Cheverny;France - Val de Loire - Cheverny;;;;;;;;;NEW;CURRENT;1;;;;;;;;;;;;;
urn:gs1:gdd:cl:OriginOfWineCode:FR_LOIRE VALLEY_CHINON;OriginOfWineCode;FR_LOIRE VALLEY_CHINON;France - Loire Valley - Chinon;France - Loire Valley - Chinon;France - Val de Loire - Chinon;;;;;;;;;NEW;CURRENT;1;;;;;;;;;;;;;
urn:gs1:gdd:cl:OriginOfWineCode:FR_LOIRE VALLEY_COTE ROANNAISE;OriginOfWineCode;FR_LOIRE VALLEY_COTE ROANNAISE;France - Loire Valley - Cote Roannaise;France - Loire Valley - Cote Roannaise;France - Vallée de la Loire - Côte Roannaise;;;;;;;;;NEW;CURRENT;1;;;;;;;;;;;;;
urn:gs1:gdd:cl:OriginOfWineCode:FR_LOIRE VALLEY_COTEAUX D'ANCENIS;OriginOfWineCode;FR_LOIRE VALLEY_COTEAUX D'ANCENIS;France - Loire Valley - Coteaux D'Ancenis;France - Loire Valley - Coteaux D'Ancenis;France - Vallée de la Loire - Coteaux d'Ancenis;;;;;;;;;NEW;CURRENT;1;;;;;;;;;;;;;
urn:gs1:gdd:cl:OriginOfWineCode:FR_LOIRE VALLEY_COTEAUX DE L'AUBANCE;OriginOfWineCode;FR_LOIRE VALLEY_COTEAUX DE L'AUBANCE;France - Loire Valley - Coteaux De L'Aubance;France - Loire Valley - Coteaux De L'Aubance;France - Vallée de la Loire - Coteaux de l'Aubance;;;;;;;;;NEW;CURRENT;1;;;;;;;;;;;;;
urn:gs1:gdd:cl:OriginOfWineCode:FR_LOIRE VALLEY_COTEAUX DE SAUMUR;OriginOfWineCode;FR_LOIRE VALLEY_COTEAUX DE SAUMUR;France - Loire Valley - Coteaux De Saumur;France - Loire Valley - Coteaux De Saumur;France - Vallée de la Loire - Coteaux de Saumur;;;;;;;;;NEW;CURRENT;1;;;;;;;;;;;;;
urn:gs1:gdd:cl:OriginOfWineCode:FR_LOIRE VALLEY_COTEAUX DE TANNAY;OriginOfWineCode;FR_LOIRE VALLEY_COTEAUX DE TANNAY;France - Loire Valley - Coteaux De Tannay;France - Loire Valley - Coteaux De Tannay;France - Vallée de la Loire - Coteaux de Tannay;;;;;;;;;NEW;CURRENT;1;;;;;;;;;;;;;
urn:gs1:gdd:cl:OriginOfWineCode:FR_LOIRE VALLEY_COTEAUX DU CHER ET DE L'ARNON;OriginOfWineCode;FR_LOIRE VALLEY_COTEAUX DU CHER ET DE L'ARNON;France - Loire Valley - Coteaux Du Cher Et De L'Arnon;France - Loire Valley - Coteaux Du Cher Et De L'Arnon;France - Vallée de la Loire - Coteaux Du Cher Et De L'Arnon;;;;;;;;;NEW;CURRENT;1;;;;;;;;;;;;;
urn:gs1:gdd:cl:OriginOfWineCode:FR_LOIRE VALLEY_COTEAUX DU GIENNOIS;OriginOfWineCode;FR_LOIRE VALLEY_COTEAUX DU GIENNOIS;France - Loire Valley - Coteaux Du Giennois;France - Loire Valley - Coteaux Du Giennois;France - Vallée de la Loire - Coteaux Du Giennois;;;;;;;;;NEW;CURRENT;1;;;;;;;;;;;;;
urn:gs1:gdd:cl:OriginOfWineCode:FR_LOIRE VALLEY_COTEAUX DU LAYON;OriginOfWineCode;FR_LOIRE VALLEY_COTEAUX DU LAYON;France - Loire Valley - Coteaux Du Layon;France - Loire Valley - Coteaux Du Layon;France - Vallée de la Loire - Coteaux Du Layon;;;;;;;;;NEW;CURRENT;1;;;;;;;;;;;;;
urn:gs1:gdd:cl:OriginOfWineCode:FR_LOIRE VALLEY_COTEAUX DU LAYON CHAUME;OriginOfWineCode;FR_LOIRE VALLEY_COTEAUX DU LAYON CHAUME;France - Loire Valley - Coteaux Du Layon Chaume;France - Loire Valley - Coteaux Du Layon Chaume;France - Vallée de la Loire - Coteaux Du Layon Chaume;;;;;;;;;NEW;CURRENT;1;;;;;;;;;;;;;
urn:gs1:gdd:cl:OriginOfWineCode:FR_LOIRE VALLEY_COTEAUX DU LOIR;OriginOfWineCode;FR_LOIRE VALLEY_COTEAUX DU LOIR;France - Loire Valley - Coteaux Du Loir;France - Loire Valley - Coteaux Du Loir;France - Vallée de la Loire - Coteaux Du Loir;;;;;;;;;NEW;CURRENT;1;;;;;;;;;;;;;
urn:gs1:gdd:cl:OriginOfWineCode:FR_LOIRE VALLEY_COTEAUX DU VENDOMOIS;OriginOfWineCode;FR_LOIRE VALLEY_COTEAUX DU VENDOMOIS;France - Loire Valley - Coteaux Du Vendomois;France - Loire Valley - Coteaux Du Vendomois;France - Vallée de la Loire - Coteaux Du Vendomois;;;;;;;;;NEW;CURRENT;1;;;;;;;;;;;;;
urn:gs1:gdd:cl:OriginOfWineCode:FR_LOIRE VALLEY_COTES D'AUVERGNE;OriginOfWineCode;FR_LOIRE VALLEY_COTES D'AUVERGNE;France - Loire Valley - Cotes D'Auvergne;France - Loire Valley - Cotes D'Auvergne;France - Val de Loire - Côtes d'Auvergne;;;;;;;;;NEW;CURRENT;1;;;;;;;;;;;;;
urn:gs1:gdd:cl:OriginOfWineCode:FR_LOIRE VALLEY_COTES DE LA CHARITE;OriginOfWineCode;FR_LOIRE VALLEY_COTES DE LA CHARITE;France - Loire Valley - Cotes De La Charite;France - Loire Valley - Cotes De La Charite;France - Vallée de la Loire - Côtes de la Charité;;;;;;;;;NEW;CURRENT;1;;;;;;;;;;;;;
urn:gs1:gdd:cl:OriginOfWineCode:FR_LOIRE VALLEY_COTES DU FOREZ;OriginOfWineCode;FR_LOIRE VALLEY_COTES DU FOREZ;France - Loire Valley - Cotes Du Forez;France - Loire Valley - Cotes Du Forez;France - Vallée de la Loire - Côtes Du Forez;;;;;;;;;NEW;CURRENT;1;;;;;;;;;;;;;
urn:gs1:gdd:cl:OriginOfWineCode:FR_LOIRE VALLEY_COUR-CHEVERNY;OriginOfWineCode;FR_LOIRE VALLEY_COUR-CHEVERNY;France - Loire Valley - Cour-Cheverny;France - Loire Valley - Cour-Cheverny;France - Val de Loire - Cour-Cheverny;;;;;;;;;NEW;CURRENT;1;;;;;;;;;;;;;
urn:gs1:gdd:cl:OriginOfWineCode:FR_LOIRE VALLEY_CREMANT DE LOIRE;OriginOfWineCode;FR_LOIRE VALLEY_CREMANT DE LOIRE;France - Loire Valley - Cremant De Loire;France - Loire Valley - Cremant De Loire;France - Val de Loire - Crémant De Loire;;;;;;;;;NEW;CURRENT;1;;;;;;;;;;;;;
urn:gs1:gdd:cl:OriginOfWineCode:FR_LOIRE VALLEY_FIEFS VENDEENS;OriginOfWineCode;FR_LOIRE VALLEY_FIEFS VENDEENS;France - Loire Valley - Fiefs Vendeens;France - Loire Valley - Fiefs Vendeens;France - Val de Loire - Fiefs Vendéens;;;;;;;;;NEW;CURRENT;1;;;;;;;;;;;;;
urn:gs1:gdd:cl:OriginOfWineCode:FR_LOIRE VALLEY_GROS PLANT DU PAYS NANTAIS;OriginOfWineCode;FR_LOIRE VALLEY_GROS PLANT DU PAYS NANTAIS;France - Loire Valley - Gros Plant Du Pays Nantais;France - Loire Valley - Gros Plant Du Pays Nantais;France - Vallée de la Loire - Gros Plant Du Pays Nantais;;;;;;;;;NEW;CURRENT;1;;;;;;;;;;;;;
urn:gs1:gdd:cl:OriginOfWineCode:FR_LOIRE VALLEY_HAUTE-VIENNE;OriginOfWineCode;FR_LOIRE VALLEY_HAUTE-VIENNE;France - Loire Valley - Haute-Vienne;France - Loire Valley - Haute-Vienne;France - Val de Loire - Haute-Vienne;;;;;;;;;NEW;CURRENT;1;;;;;;;;;;;;;
urn:gs1:gdd:cl:OriginOfWineCode:FR_LOIRE VALLEY_HAUT-POITOU;OriginOfWineCode;FR_LOIRE VALLEY_HAUT-POITOU;France - Loire Valley - Haut-Poitou;France - Loire Valley - Haut-Poitou;France - Val de Loire - Haut-Poitou;;;;;;;;;NEW;CURRENT;1;;;;;;;;;;;;;
urn:gs1:gdd:cl:OriginOfWineCode:FR_LOIRE VALLEY_JASNIERES;OriginOfWineCode;FR_LOIRE VALLEY_JASNIERES;France - Loire Valley - Jasnieres;France - Loire Valley - Jasnieres;France - Val de Loire - Jasnières;;;;;;;;;NEW;CURRENT;1;;;;;;;;;;;;;
urn:gs1:gdd:cl:OriginOfWineCode:FR_LOIRE VALLEY_MENETOU-SALON;OriginOfWineCode;FR_LOIRE VALLEY_MENETOU-SALON;France - Loire Valley - Menetou-Salon;France - Loire Valley - Menetou-Salon;France - Val de Loire - Menetou-Salon;;;;;;;;;NEW;CURRENT;1;;;;;;;;;;;;;
urn:gs1:gdd:cl:OriginOfWineCode:FR_LOIRE VALLEY_MONTLOUIS-SUR-LOIRE;OriginOfWineCode;FR_LOIRE VALLEY_MONTLOUIS-SUR-LOIRE;France - Loire Valley - Montlouis-Sur-Loire;France - Loire Valley - Montlouis-Sur-Loire;France - Val de Loire - Montlouis-Sur-Loire;;;;;;;;;NEW;CURRENT;1;;;;;;;;;;;;;
urn:gs1:gdd:cl:OriginOfWineCode:FR_LOIRE VALLEY_MUSCADET;OriginOfWineCode;FR_LOIRE VALLEY_MUSCADET;France - Loire Valley - Muscadet;France - Loire Valley - Muscadet;France - Val de Loire - Muscadet;;;;;;;;;NEW;CURRENT;1;;;;;;;;;;;;;
urn:gs1:gdd:cl:OriginOfWineCode:FR_LOIRE VALLEY_MUSCADET COTEAUX DE LA LOIRE;OriginOfWineCode;FR_LOIRE VALLEY_MUSCADET COTEAUX DE LA LOIRE;France - Loire Valley - Muscadet Coteaux De La Loire;France - Loire Valley - Muscadet Coteaux De La Loire;France - Vallée de la Loire - Muscadet Coteaux De La Loire;;;;;;;;;NEW;CURRENT;1;;;;;;;;;;;;;
urn:gs1:gdd:cl:OriginOfWineCode:FR_LOIRE VALLEY_MUSCADET COTES DE GRANDLIEU;OriginOfWineCode;FR_LOIRE VALLEY_MUSCADET COTES DE GRANDLIEU;France - Loire Valley - Muscadet Cotes De Grandlieu;France - Loire Valley - Muscadet Cotes De Grandlieu;France - Vallée de la Loire - Muscadet Côtes De Grandlieu;;;;;;;;;NEW;CURRENT;1;;;;;;;;;;;;;
urn:gs1:gdd:cl:OriginOfWineCode:FR_LOIRE VALLEY_MUSCADET SEVRE ET MAINE;OriginOfWineCode;FR_LOIRE VALLEY_MUSCADET SEVRE ET MAINE;France - Loire Valley - Muscadet Sevre Et Maine;France - Loire Valley - Muscadet Sevre Et Maine;France - Vallée de la Loire - Muscadet Sèvre et Maine;;;;;;;;;NEW;CURRENT;1;;;;;;;;;;;;;
urn:gs1:gdd:cl:OriginOfWineCode:FR_LOIRE VALLEY_ORLEANS;OriginOfWineCode;FR_LOIRE VALLEY_ORLEANS;France - Loire Valley - Orleans;France - Loire Valley - Orleans;France - Val de Loire - Orléans;;;;;;;;;NEW;CURRENT;1;;;;;;;;;;;;;
urn:gs1:gdd:cl:OriginOfWineCode:FR_LOIRE VALLEY_ORLEANS-CLERY;OriginOfWineCode;FR_LOIRE VALLEY_ORLEANS-CLERY;France - Loire Valley - Orleans-Clery;France - Loire Valley - Orleans-Clery;France - Val de Loire - Orléans-Clery;;;;;;;;;NEW;CURRENT;1;;;;;;;;;;;;;
urn:gs1:gdd:cl:OriginOfWineCode:FR_LOIRE VALLEY_POUILLY-SUR-LOIRE;OriginOfWineCode;FR_LOIRE VALLEY_POUILLY-SUR-LOIRE;France - Loire Valley - Pouilly-Sur-Loire;France - Loire Valley - Pouilly-Sur-Loire;France - Val de Loire - Pouilly-Sur-Loire;;;;;;;;;NEW;CURRENT;1;;;;;;;;;;;;;
urn:gs1:gdd:cl:OriginOfWineCode:FR_LOIRE VALLEY_PUY-DE-DOME;OriginOfWineCode;FR_LOIRE VALLEY_PUY-DE-DOME;France - Loire Valley - Puy-De-Dome;France - Loire Valley - Puy-De-Dome;France - Val de Loire - Puy-De-Dôme;;;;;;;;;NEW;CURRENT;1;;;;;;;;;;;;;
urn:gs1:gdd:cl:OriginOfWineCode:FR_LOIRE VALLEY_QUARTS DE CHAUME;OriginOfWineCode;FR_LOIRE VALLEY_QUARTS DE CHAUME;France - Loire Valley - Quarts De Chaume;France - Loire Valley - Quarts De Chaume;France - Val de Loire - Quarts De Chaume;;;;;;;;;NEW;CURRENT;1;;;;;;;;;;;;;
urn:gs1:gdd:cl:OriginOfWineCode:FR_LOIRE VALLEY_QUINCY;OriginOfWineCode;FR_LOIRE VALLEY_QUINCY;France - Loire Valley - Quincy;France - Loire Valley - Quincy;France - Val de Loire - Quincy;;;;;;;;;NEW;CURRENT;1;;;;;;;;;;;;;
urn:gs1:gdd:cl:OriginOfWineCode:FR_LOIRE VALLEY_REUILLY;OriginOfWineCode;FR_LOIRE VALLEY_REUILLY;France - Loire Valley - Reuilly;France - Loire Valley - Reuilly;France - Val de Loire - Reuilly;;;;;;;;;NEW;CURRENT;1;;;;;;;;;;;;;
urn:gs1:gdd:cl:OriginOfWineCode:FR_LOIRE VALLEY_ROSE D'ANJOU;OriginOfWineCode;FR_LOIRE VALLEY_ROSE D'ANJOU;France - Loire Valley - Rose D'Anjou;France - Loire Valley - Rose D'Anjou;France - Val de Loire - Rose D'Anjou;;;;;;;;;NEW;CURRENT;1;;;;;;;;;;;;;
urn:gs1:gdd:cl:OriginOfWineCode:FR_LOIRE VALLEY_ROSE DE LOIRE;OriginOfWineCode;FR_LOIRE VALLEY_ROSE DE LOIRE;France - Loire Valley - Rose De Loire;France - Loire Valley - Rose De Loire;France - Val de Loire - Rose De Loire;;;;;;;;;NEW;CURRENT;1;;;;;;;;;;;;;
urn:gs1:gdd:cl:OriginOfWineCode:FR_LOIRE VALLEY_SAINT-NICOLAS-DE-BOURGUEIL;OriginOfWineCode;FR_LOIRE VALLEY_SAINT-NICOLAS-DE-BOURGUEIL;France - Loire Valley - Saint-Nicolas-De-Bourgueil;France - Loire Valley - Saint-Nicolas-De-Bourgueil;France - Val de Loire - Saint-Nicolas-De-Bourgueil;;;;;;;;;NEW;CURRENT;1;;;;;;;;;;;;;
urn:gs1:gdd:cl:OriginOfWineCode:FR_LOIRE VALLEY_SAINT-POURCAIN;OriginOfWineCode;FR_LOIRE VALLEY_SAINT-POURCAIN;France - Loire Valley - Saint-Pourcain;France - Loire Valley - Saint-Pourcain;France - Val de Loire - Saint-Pourçain;;;;;;;;;NEW;CURRENT;1;;;;;;;;;;;;;
urn:gs1:gdd:cl:OriginOfWineCode:FR_LOIRE VALLEY_SANCERRE;OriginOfWineCode;FR_LOIRE VALLEY_SANCERRE;France - Loire Valley - Sancerre;France - Loire Valley - Sancerre;France - Val de Loire - Sancerre;;;;;;;;;NEW;CURRENT;1;;;;;;;;;;;;;
urn:gs1:gdd:cl:OriginOfWineCode:FR_LOIRE VALLEY_SAUMUR;OriginOfWineCode;FR_LOIRE VALLEY_SAUMUR;France - Loire Valley - Saumur;France - Loire Valley - Saumur;France - Val de Loire - Saumur;;;;;;;;;NEW;CURRENT;1;;;;;;;;;;;;;
urn:gs1:gdd:cl:OriginOfWineCode:FR_LOIRE VALLEY_SAUMUR-CHAMPIGNY;OriginOfWineCode;FR_LOIRE VALLEY_SAUMUR-CHAMPIGNY;France - Loire Valley - Saumur-Champigny;France - Loire Valley - Saumur-Champigny;France - Val de Loire - Saumur-Champigny;;;;;;;;;NEW;CURRENT;1;;;;;;;;;;;;;
urn:gs1:gdd:cl:OriginOfWineCode:FR_LOIRE VALLEY_SAVENNIERES;OriginOfWineCode;FR_LOIRE VALLEY_SAVENNIERES;France - Loire Valley - Savennieres;France - Loire Valley - Savennieres;France - Val de Loire - Savennières;;;;;;;;;NEW;CURRENT;1;;;;;;;;;;;;;
urn:gs1:gdd:cl:OriginOfWineCode:FR_LOIRE VALLEY_SAVENNIERES COULEE DE SERRANT;OriginOfWineCode;FR_LOIRE VALLEY_SAVENNIERES COULEE DE SERRANT;France - Loire Valley - Savennieres Coulee De Serrant;France - Loire Valley - Savennieres Coulee De Serrant;France - Vallée de la Loire - Savennières Coulée De Serrant;;;;;;;;;NEW;CURRENT;1;;;;;;;;;;;;;
urn:gs1:gdd:cl:OriginOfWineCode:FR_LOIRE VALLEY_SAVENNIERES ROCHE AUX MOINES;OriginOfWineCode;FR_LOIRE VALLEY_SAVENNIERES ROCHE AUX MOINES;France - Loire Valley - Savennieres Roche Aux Moines;France - Loire Valley - Savennieres Roche Aux Moines;France - Vallée de la Loire - Savennières Roche Aux Moines;;;;;;;;;NEW;CURRENT;1;;;;;;;;;;;;;
urn:gs1:gdd:cl:OriginOfWineCode:FR_LOIRE VALLEY_TOURAINE;OriginOfWineCode;FR_LOIRE VALLEY_TOURAINE;France - Loire Valley - Touraine;France - Loire Valley - Touraine;France - Val de Loire - Touraine;;;;;;;;;NEW;CURRENT;1;;;;;;;;;;;;;
urn:gs1:gdd:cl:OriginOfWineCode:FR_LOIRE VALLEY_TOURAINE NOBLE JOUE;OriginOfWineCode;FR_LOIRE VALLEY_TOURAINE NOBLE JOUE;France - Loire Valley - Touraine Noble Joue;France - Loire Valley - Touraine Noble Joue;France - Val de Loire - Touraine Noble Joue;;;;;;;;;NEW;CURRENT;1;;;;;;;;;;;;;
urn:gs1:gdd:cl:OriginOfWineCode:FR_LOIRE VALLEY_URFE;OriginOfWineCode;FR_LOIRE VALLEY_URFE;France - Loire Valley - Urfe;France - Loire Valley - Urfe;France - Val de Loire - Urfé;;;;;;;;;NEW;CURRENT;1;;;;;;;;;;;;;
urn:gs1:gdd:cl:OriginOfWineCode:FR_LOIRE VALLEY_URFE AMBIERLE ROSE;OriginOfWineCode;FR_LOIRE VALLEY_URFE AMBIERLE ROSE;France - Loire Valley - Urfe Ambierle Rose;France - Loire Valley - Urfe Ambierle Rose;France - Val de Loire - Urfe Ambierle Rose;;;;;;;;;NEW;CURRENT;1;;;;;;;;;;;;;
urn:gs1:gdd:cl:OriginOfWineCode:FR_LOIRE VALLEY_URFE TRELINS;OriginOfWineCode;FR_LOIRE VALLEY_URFE TRELINS;France - Loire Valley - Urfe Trelins;France - Loire Valley - Urfe Trelins;France - Val de Loire - Urfé Trelins;;;;;;;;;NEW;CURRENT;1;;;;;;;;;;;;;
urn:gs1:gdd:cl:OriginOfWineCode:FR_LOIRE VALLEY_VAL DE LOIRE;OriginOfWineCode;FR_LOIRE VALLEY_VAL DE LOIRE;France - Loire Valley - Val De Loire;France - Loire Valley - Val De Loire;France - Val de Loire - Val De Loire;;;;;;;;;NEW;CURRENT;1;;;;;;;;;;;;;
urn:gs1:gdd:cl:OriginOfWineCode:FR_LOIRE VALLEY_VAL DE LOIRE ALLIER;OriginOfWineCode;FR_LOIRE VALLEY_VAL DE LOIRE ALLIER;France - Loire Valley - Val De Loire Allier;France - Loire Valley - Val De Loire Allier;France - Val de Loire - Val De Loire Allier;;;;;;;;;NEW;CURRENT;1;;;;;;;;;;;;;
urn:gs1:gdd:cl:OriginOfWineCode:FR_LOIRE VALLEY_VAL DE LOIRE CHER;OriginOfWineCode;FR_LOIRE VALLEY_VAL DE LOIRE CHER;France - Loire Valley - Val De Loire Cher;France - Loire Valley - Val De Loire Cher;France - Vallée de la Loire - Val De Loire Cher;;;;;;;;;NEW;CURRENT;1;;;;;;;;;;;;;
urn:gs1:gdd:cl:OriginOfWineCode:FR_LOIRE VALLEY_VAL DE LOIRE INDRE;OriginOfWineCode;FR_LOIRE VALLEY_VAL DE LOIRE INDRE;France - Loire Valley - Val De Loire Indre;France - Loire Valley - Val De Loire Indre;France - Vallée de la Loire - Val De Loire Indre;;;;;;;;;NEW;CURRENT;1;;;;;;;;;;;;;
urn:gs1:gdd:cl:OriginOfWineCode:FR_LOIRE VALLEY_VAL DE LOIRE INDRE-ET-LOIRE;OriginOfWineCode;FR_LOIRE VALLEY_VAL DE LOIRE INDRE-ET-LOIRE;France - Loire Valley - Val De Loire Indre-Et-Loire;France - Loire Valley - Val De Loire Indre-Et-Loire;France - Val de Loire - Val De Loire Indre-Et-Loire;;;;;;;;;NEW;CURRENT;1;;;;;;;;;;;;;
urn:gs1:gdd:cl:OriginOfWineCode:FR_LOIRE VALLEY_VAL DE LOIRE LOIRE-ATLANTIQUE;OriginOfWineCode;FR_LOIRE VALLEY_VAL DE LOIRE LOIRE-ATLANTIQUE;France - Loire Valley - Val De Loire Loire-Atlantique;France - Loire Valley - Val De Loire Loire-Atlantique;France - Val de Loire - Val De Loire Loire-Atlantique;;;;;;;;;NEW;CURRENT;1;;;;;;;;;;;;;
urn:gs1:gdd:cl:OriginOfWineCode:FR_LOIRE VALLEY_VAL DE LOIRE LOIRET;OriginOfWineCode;FR_LOIRE VALLEY_VAL DE LOIRE LOIRET;France - Loire Valley - Val De Loire Loiret;France - Loire Valley - Val De Loire Loiret;France - Val de Loire - Val De Loire Loiret;;;;;;;;;NEW;CURRENT;1;;;;;;;;;;;;;
urn:gs1:gdd:cl:OriginOfWineCode:FR_LOIRE VALLEY_VAL DE LOIRE LOIR-ET-CHER;OriginOfWineCode;FR_LOIRE VALLEY_VAL DE LOIRE LOIR-ET-CHER;France - Loire Valley - Val De Loire Loir-Et-Cher;France - Loire Valley - Val De Loire Loir-Et-Cher;France - Val de Loire - Val De Loire Loir-Et-Cher;;;;;;;;;NEW;CURRENT;1;;;;;;;;;;;;;
urn:gs1:gdd:cl:OriginOfWineCode:FR_LOIRE VALLEY_VAL DE LOIRE MAINE-ET-LOIRE;OriginOfWineCode;FR_LOIRE VALLEY_VAL DE LOIRE MAINE-ET-LOIRE;France - Loire Valley - Val De Loire Maine-Et-Loire;France - Loire Valley - Val De Loire Maine-Et-Loire;France - Val de Loire - Val De Loire Maine-Et-Loire;;;;;;;;;NEW;CURRENT;1;;;;;;;;;;;;;
urn:gs1:gdd:cl:OriginOfWineCode:FR_LOIRE VALLEY_VAL DE LOIRE MARCHES DE BRETAGNE;OriginOfWineCode;FR_LOIRE VALLEY_VAL DE LOIRE MARCHES DE BRETAGNE;France - Loire Valley - Val De Loire Marches De Bretagne;France - Loire Valley - Val De Loire Marches De Bretagne;France - Val de Loire - Val De Loire Marches De Bretagne;;;;;;;;;NEW;CURRENT;1;;;;;;;;;;;;;
urn:gs1:gdd:cl:OriginOfWineCode:FR_LOIRE VALLEY_VAL DE LOIRE NIEVRE;OriginOfWineCode;FR_LOIRE VALLEY_VAL DE LOIRE NIEVRE;France - Loire Valley - Val De Loire Nievre;France - Loire Valley - Val De Loire Nievre;France - Vallée de la Loire - Val De Loire Nièvre;;;;;;;;;NEW;CURRENT;1;;;;;;;;;;;;;
urn:gs1:gdd:cl:OriginOfWineCode:FR_LOIRE VALLEY_VAL DE LOIRE PAYS DE RETZ;OriginOfWineCode;FR_LOIRE VALLEY_VAL DE LOIRE PAYS DE RETZ;France - Loire Valley - Val De Loire Pays De Retz;France - Loire Valley - Val De Loire Pays De Retz;France - Val de Loire - Val De Loire Pays De Retz;;;;;;;;;NEW;CURRENT;1;;;;;;;;;;;;;
urn:gs1:gdd:cl:OriginOfWineCode:FR_LOIRE VALLEY_VAL DE LOIRE SARTHE;OriginOfWineCode;FR_LOIRE VALLEY_VAL DE LOIRE SARTHE;France - Loire Valley - Val De Loire Sarthe;France - Loire Valley - Val De Loire Sarthe;France - Vallée de la Loire - Val De Loire Sarthe;;;;;;;;;NEW;CURRENT;1;;;;;;;;;;;;;
urn:gs1:gdd:cl:OriginOfWineCode:FR_LOIRE VALLEY_VAL DE LOIRE VENDEE;OriginOfWineCode;FR_LOIRE VALLEY_VAL DE LOIRE VENDEE;France - Loire Valley - Val De Loire Vendee;France - Loire Valley - Val De Loire Vendee;France - Val de Loire - Val De Loire Vendée;;;;;;;;;NEW;CURRENT;1;;;;;;;;;;;;;
urn:gs1:gdd:cl:OriginOfWineCode:FR_LOIRE VALLEY_VAL DE LOIRE VIENNE;OriginOfWineCode;FR_LOIRE VALLEY_VAL DE LOIRE VIENNE;France - Loire Valley - Val De Loire Vienne;France - Loire Valley - Val De Loire Vienne;France - Val de Loire - Val De Loire Vienne;;;;;;;;;NEW;CURRENT;1;;;;;;;;;;;;;
urn:gs1:gdd:cl:OriginOfWineCode:FR_LOIRE VALLEY_VALENCAY;OriginOfWineCode;FR_LOIRE VALLEY_VALENCAY;France - Loire Valley - Valencay;France - Loire Valley - Valencay;France - Val de Loire - Valençay;;;;;;;;;NEW;CURRENT;1;;;;;;;;;;;;;
urn:gs1:gdd:cl:OriginOfWineCode:FR_LOIRE VALLEY_VOUVRAY;OriginOfWineCode;FR_LOIRE VALLEY_VOUVRAY;France - Loire Valley - Vouvray;France - Loire Valley - Vouvray;France - Val de Loire - Vouvray;;;;;;;;;NEW;CURRENT;1;;;;;;;;;;;;;
urn:gs1:gdd:cl:OriginOfWineCode:FR_LORRAINE_COTES DE MEUSE;OriginOfWineCode;FR_LORRAINE_COTES DE MEUSE;France - Lorraine - Cotes De Meuse;France - Lorraine - Cotes De Meuse;France - Lorraine - Côtes De Meuse;;;;;;;;;NEW;CURRENT;1;;;;;;;;;;;;;
urn:gs1:gdd:cl:OriginOfWineCode:FR_LORRAINE_COTES DE TOUL;OriginOfWineCode;FR_LORRAINE_COTES DE TOUL;France - Lorraine - Cotes De Toul;France - Lorraine - Cotes De Toul;France - Lorraine - Côtes De Toul;;;;;;;;;NEW;CURRENT;1;;;;;;;;;;;;;
urn:gs1:gdd:cl:OriginOfWineCode:FR_LORRAINE_MOSELLE;OriginOfWineCode;FR_LORRAINE_MOSELLE;France - Lorraine - Moselle;France - Lorraine - Moselle;France - Lorraine - Moselle;;;;;;;;;NEW;CURRENT;1;;;;;;;;;;;;;
urn:gs1:gdd:cl:OriginOfWineCode:FR_MIDI;OriginOfWineCode;FR_MIDI;France - Midi;France - Midi;France - Midi;;;;;;;;;NEW;CURRENT;1;;;;;;;;;;;;;
urn:gs1:gdd:cl:OriginOfWineCode:FR_MIDI_COTEAUX DU LANGUEDOC;OriginOfWineCode;FR_MIDI_COTEAUX DU LANGUEDOC;France - Midi - Coteaux Du Languedoc;France - Midi - Coteaux Du Languedoc;France - Midi - Coteaux Du Languedoc;;;;;;;;;NEW;CURRENT;1;;;;;;;;;;;;;
urn:gs1:gdd:cl:OriginOfWineCode:FR_PROVENCE_ALPES-DE-HAUTE-PROVENCE;OriginOfWineCode;FR_PROVENCE_ALPES-DE-HAUTE-PROVENCE;France - Provence - Alpes-De-Haute-Provence;France - Provence - Alpes-De-Haute-Provence;France - Provence - Alpes-De-Haute-Provence;;;;;;;;;NEW;CURRENT;1;;;;;;;;;;;;;
urn:gs1:gdd:cl:OriginOfWineCode:FR_PROVENCE_ALPES-MARITIMES;OriginOfWineCode;FR_PROVENCE_ALPES-MARITIMES;France - Provence - Alpes-Maritimes;France - Provence - Alpes-Maritimes;France - Provence - Alpes-Maritimes;;;;;;;;;NEW;CURRENT;1;;;;;;;;;;;;;
urn:gs1:gdd:cl:OriginOfWineCode:FR_PROVENCE_ALPILLES;OriginOfWineCode;FR_PROVENCE_ALPILLES;France - Provence - Alpilles;France - Provence - Alpilles;France - Provence - Alpilles;;;;;;;;;NEW;CURRENT;1;;;;;;;;;;;;;
urn:gs1:gdd:cl:OriginOfWineCode:FR_PROVENCE_BANDOL;OriginOfWineCode;FR_PROVENCE_BANDOL;France - Provence - Bandol;France - Provence - Bandol;France - Provence - Bandol;;;;;;;;;NEW;CURRENT;1;;;;;;;;;;;;;
urn:gs1:gdd:cl:OriginOfWineCode:FR_PROVENCE_BELLET OU VIN DE BELLET;OriginOfWineCode;FR_PROVENCE_BELLET OU VIN DE BELLET;France - Provence - Bellet Ou Vin De Bellet;France - Provence - Bellet Ou Vin De Bellet;France - Provence - Bellet Ou Vin De Bellet;;;;;;;;;NEW;CURRENT;1;;;;;;;;;;;;;
urn:gs1:gdd:cl:OriginOfWineCode:FR_PROVENCE_BOUCHES-DU-RHONE;OriginOfWineCode;FR_PROVENCE_BOUCHES-DU-RHONE;France - Provence - Bouches-Du-Rhone;France - Provence - Bouches-Du-Rhone;France - Provence - Bouches-Du-Rhône;;;;;;;;;NEW;CURRENT;1;;;;;;;;;;;;;
urn:gs1:gdd:cl:OriginOfWineCode:FR_PROVENCE_BOUCHES-DU-RHONE TERRE DE CAMARGUE;OriginOfWineCode;FR_PROVENCE_BOUCHES-DU-RHONE TERRE DE CAMARGUE;France - Provence - Bouches-Du-Rhone Terre De Camargue;France - Provence - Bouches-Du-Rhone Terre De Camargue;France - Provence - Bouches-Du-Rhône Terre De Camargue;;;;;;;;;NEW;CURRENT;1;;;;;;;;;;;;;
urn:gs1:gdd:cl:OriginOfWineCode:FR_PROVENCE_CASSIS;OriginOfWineCode;FR_PROVENCE_CASSIS;France - Provence - Cassis;France - Provence - Cassis;France - Provence - Cassis;;;;;;;;;NEW;CURRENT;1;;;;;;;;;;;;;
urn:gs1:gdd:cl:OriginOfWineCode:FR_PROVENCE_COTEAUX D'AIX-EN-PROVENCE;OriginOfWineCode;FR_PROVENCE_COTEAUX D'AIX-EN-PROVENCE;France - Provence - Coteaux D'Aix-En-Provence;France - Provence - Coteaux D'Aix-En-Provence;France - Provence - Coteaux D'Aix-En-Provence;;;;;;;;;NEW;CURRENT;1;;;;;;;;;;;;;
urn:gs1:gdd:cl:OriginOfWineCode:FR_PROVENCE_COTEAUX VAROIS EN PROVENCE;OriginOfWineCode;FR_PROVENCE_COTEAUX VAROIS EN PROVENCE;France - Provence - Coteaux Varois En Provence;France - Provence - Coteaux Varois En Provence;France - Provence - Coteaux Varois En Provence;;;;;;;;;NEW;CURRENT;1;;;;;;;;;;;;;
urn:gs1:gdd:cl:OriginOfWineCode:FR_PROVENCE_CÔTES DE BORDEAUX_CASTILLON;OriginOfWineCode;FR_PROVENCE_CÔTES DE BORDEAUX_CASTILLON;France - Provence - Côtes De Bordeaux - Castillon;France - Provence - Côtes De Bordeaux - Castillon;France - Provence - Côtes De Bordeaux - Castillon;;;;;;;;;NEW;CURRENT;1;;;;;;;;;;;;;
urn:gs1:gdd:cl:OriginOfWineCode:FR_PROVENCE_CÔTES DE BORDEAUX_FRANCS;OriginOfWineCode;FR_PROVENCE_CÔTES DE BORDEAUX_FRANCS;France - Provence - Côtes De Bordeaux - Francs;France - Provence - Côtes De Bordeaux - Francs;France - Provence - Côtes De Bordeaux - Francs;;;;;;;;;NEW;CURRENT;1;;;;;;;;;;;;;
urn:gs1:gdd:cl:OriginOfWineCode:FR_PROVENCE_COTES DE PROVENCE;OriginOfWineCode;FR_PROVENCE_COTES DE PROVENCE;France - Provence - Cotes De Provence;France - Provence - Cotes De Provence;France - Provence - Côtes De Provence;;;;;;;;;NEW;CURRENT;1;;;;;;;;;;;;;
urn:gs1:gdd:cl:OriginOfWineCode:FR_PROVENCE_HAUTES-ALPES;OriginOfWineCode;FR_PROVENCE_HAUTES-ALPES;France - Provence - Hautes-Alpes;France - Provence - Hautes-Alpes;France - Provence - Hautes-Alpes;;;;;;;;;NEW;CURRENT;1;;;;;;;;;;;;;
urn:gs1:gdd:cl:OriginOfWineCode:FR_PROVENCE_LES BAUX DE PROVENCE;OriginOfWineCode;FR_PROVENCE_LES BAUX DE PROVENCE;France - Provence - Les Baux De Provence;France - Provence - Les Baux De Provence;France - Provence - Les Baux De Provence;;;;;;;;;NEW;CURRENT;1;;;;;;;;;;;;;
urn:gs1:gdd:cl:OriginOfWineCode:FR_PROVENCE_MAURES;OriginOfWineCode;FR_PROVENCE_MAURES;France - Provence - Maures;France - Provence - Maures;France - Provence - Maures;;;;;;;;;NEW;CURRENT;1;;;;;;;;;;;;;
urn:gs1:gdd:cl:OriginOfWineCode:FR_PROVENCE_MONT CAUME;OriginOfWineCode;FR_PROVENCE_MONT CAUME;France - Provence - Mont Caume;France - Provence - Mont Caume;France - Provence - Mont Caume;;;;;;;;;NEW;CURRENT;1;;;;;;;;;;;;;
urn:gs1:gdd:cl:OriginOfWineCode:FR_PROVENCE_PALETTE;OriginOfWineCode;FR_PROVENCE_PALETTE;France - Provence - Palette;France - Provence - Palette;France - Provence - Palette;;;;;;;;;NEW;CURRENT;1;;;;;;;;;;;;;
urn:gs1:gdd:cl:OriginOfWineCode:FR_PROVENCE_PIERREVERT;OriginOfWineCode;FR_PROVENCE_PIERREVERT;France - Provence - Pierrevert;France - Provence - Pierrevert;France - Provence - Pierrevert;;;;;;;;;NEW;CURRENT;1;;;;;;;;;;;;;
urn:gs1:gdd:cl:OriginOfWineCode:FR_PROVENCE_VAR;OriginOfWineCode;FR_PROVENCE_VAR;France - Provence - Var;France - Provence - Var;France - Provence - Var;;;;;;;;;NEW;CURRENT;1;;;;;;;;;;;;;
urn:gs1:gdd:cl:OriginOfWineCode:FR_PROVENCE_VAR ARGENS;OriginOfWineCode;FR_PROVENCE_VAR ARGENS;France - Provence - Var Argens;France - Provence - Var Argens;France - Provence - Var Argens;;;;;;;;;NEW;CURRENT;1;;;;;;;;;;;;;
urn:gs1:gdd:cl:OriginOfWineCode:FR_PROVENCE_VAR COTEAUX DU VERDON;OriginOfWineCode;FR_PROVENCE_VAR COTEAUX DU VERDON;France - Provence - Var Coteaux Du Verdon;France - Provence - Var Coteaux Du Verdon;France - Provence - Var Coteaux Du Verdon;;;;;;;;;NEW;CURRENT;1;;;;;;;;;;;;;
urn:gs1:gdd:cl:OriginOfWineCode:FR_PROVENCE_VAR SAINTE BAUME;OriginOfWineCode;FR_PROVENCE_VAR SAINTE BAUME;France - Provence - Var Sainte Baume;France - Provence - Var Sainte Baume;France - Provence - Var Sainte Baume;;;;;;;;;NEW;CURRENT;1;;;;;;;;;;;;;
urn:gs1:gdd:cl:OriginOfWineCode:FR_RHONE VALLEY_ARDECHE;OriginOfWineCode;FR_RHONE VALLEY_ARDECHE;France - Rhone Valley - Ardeche;France - Rhone Valley - Ardeche;France - Vallée du Rhône - Ardèche;;;;;;;;;NEW;CURRENT;1;;;;;;;;;;;;;
urn:gs1:gdd:cl:OriginOfWineCode:FR_RHONE VALLEY_ARDECHE COTEAUX DE L'ARDECHE;OriginOfWineCode;FR_RHONE VALLEY_ARDECHE COTEAUX DE L'ARDECHE;France - Rhone Valley - Ardeche Coteaux De L'Ardeche;France - Rhone Valley - Ardeche Coteaux De L'Ardeche;France - Vallée du Rhône - Ardèche Coteaux de l'Ardèche;;;;;;;;;NEW;CURRENT;1;;;;;;;;;;;;;
urn:gs1:gdd:cl:OriginOfWineCode:FR_RHONE VALLEY_BEAUMES DE VENISE;OriginOfWineCode;FR_RHONE VALLEY_BEAUMES DE VENISE;France - Rhone Valley - Beaumes De Venise;France - Rhone Valley - Beaumes De Venise;France - Vallée du Rhône - Beaumes De Venise;;;;;;;;;NEW;CURRENT;1;;;;;;;;;;;;;
urn:gs1:gdd:cl:OriginOfWineCode:FR_RHONE VALLEY_CHATEAU-GRILLET;OriginOfWineCode;FR_RHONE VALLEY_CHATEAU-GRILLET;France - Rhone Valley - Chateau-Grillet;France - Rhone Valley - Chateau-Grillet;France - Vallée du Rhône - Château-Grillet;;;;;;;;;NEW;CURRENT;1;;;;;;;;;;;;;
urn:gs1:gdd:cl:OriginOfWineCode:FR_RHONE VALLEY_CHATEAUNEUF-DU-PAPE;OriginOfWineCode;FR_RHONE VALLEY_CHATEAUNEUF-DU-PAPE;France - Rhone Valley - Chateauneuf-Du-Pape;France - Rhone Valley - Chateauneuf-Du-Pape;France - Vallée du Rhône - Châteauneuf-Du-Pape;;;;;;;;;NEW;CURRENT;1;;;;;;;;;;;;;
urn:gs1:gdd:cl:OriginOfWineCode:FR_RHONE VALLEY_CHATILLON-EN-DIOIS;OriginOfWineCode;FR_RHONE VALLEY_CHATILLON-EN-DIOIS;France - Rhone Valley - Chatillon-En-Diois;France - Rhone Valley - Chatillon-En-Diois;France - Vallée du Rhône - Châtillon-En-Diois;;;;;;;;;NEW;CURRENT;1;;;;;;;;;;;;;
urn:gs1:gdd:cl:OriginOfWineCode:FR_RHONE VALLEY_CAIRANNE;OriginOfWineCode;FR_RHONE VALLEY_CAIRANNE;France - Rhone Valley - Cairanne;France - Rhone Valley - Cairanne;France - Vallée du Rhône - Cairanne;;;;;;;;;NEW;CURRENT;1;;;;;;;;;;;;;
urn:gs1:gdd:cl:OriginOfWineCode:FR_RHONE VALLEY_CLAIRETTE DE BELLEGARDE;OriginOfWineCode;FR_RHONE VALLEY_CLAIRETTE DE BELLEGARDE;France - Rhone Valley - Clairette De Bellegarde;France - Rhone Valley - Clairette De Bellegarde;France - Vallée du Rhône - Clairette De Bellegarde;;;;;;;;;NEW;CURRENT;1;;;;;;;;;;;;;
urn:gs1:gdd:cl:OriginOfWineCode:FR_RHONE VALLEY_CLAIRETTE DE DIE;OriginOfWineCode;FR_RHONE VALLEY_CLAIRETTE DE DIE;France - Rhone Valley - Clairette De Die;France - Rhone Valley - Clairette De Die;France - Vallée du Rhône - Clairette De Die;;;;;;;;;NEW;CURRENT;1;;;;;;;;;;;;;
urn:gs1:gdd:cl:OriginOfWineCode:FR_RHONE VALLEY_CLOS DE LA ROCHE;OriginOfWineCode;FR_RHONE VALLEY_CLOS DE LA ROCHE;France - Rhone Valley - Clos De La Roche;France - Rhone Valley - Clos De La Roche;France - Vallée du Rhône - Clos De La Roche;;;;;;;;;NEW;CURRENT;1;;;;;;;;;;;;;
urn:gs1:gdd:cl:OriginOfWineCode:FR_RHONE VALLEY_COLLINES RHODANIENNES;OriginOfWineCode;FR_RHONE VALLEY_COLLINES RHODANIENNES;France - Rhone Valley - Collines Rhodaniennes;France - Rhone Valley - Collines Rhodaniennes;France - Vallée du Rhône - Collines Rhodaniennes;;;;;;;;;NEW;CURRENT;1;;;;;;;;;;;;;
urn:gs1:gdd:cl:OriginOfWineCode:FR_RHONE VALLEY_COMTES RHODANIENS;OriginOfWineCode;FR_RHONE VALLEY_COMTES RHODANIENS;France - Rhone Valley - Comtes Rhodaniens;France - Rhone Valley - Comtes Rhodaniens;France - Vallée du Rhône - Comtes Rhodaniens;;;;;;;;;NEW;CURRENT;1;;;;;;;;;;;;;
urn:gs1:gdd:cl:OriginOfWineCode:FR_RHONE VALLEY_CONDRIEU;OriginOfWineCode;FR_RHONE VALLEY_CONDRIEU;France - Rhone Valley - Condrieu;France - Rhone Valley - Condrieu;France - Vallée du Rhône - Condrieu;;;;;;;;;NEW;CURRENT;1;;;;;;;;;;;;;
urn:gs1:gdd:cl:OriginOfWineCode:FR_RHONE VALLEY_CORNAS;OriginOfWineCode;FR_RHONE VALLEY_CORNAS;France - Rhone Valley - Cornas;France - Rhone Valley - Cornas;France - Vallée du Rhône - Cornas;;;;;;;;;NEW;CURRENT;1;;;;;;;;;;;;;
urn:gs1:gdd:cl:OriginOfWineCode:FR_RHONE VALLEY_COSTIERES DE NIMES;OriginOfWineCode;FR_RHONE VALLEY_COSTIERES DE NIMES;France - Rhone Valley - Costieres De Nimes;France - Rhone Valley - Costieres De Nimes;France - Vallée du Rhône - Costières de Nîmes;;;;;;;;;NEW;CURRENT;1;;;;;;;;;;;;;
urn:gs1:gdd:cl:OriginOfWineCode:FR_RHONE VALLEY_COTE ROTIE;OriginOfWineCode;FR_RHONE VALLEY_COTE ROTIE;France - Rhone Valley - Cote Rotie;France - Rhone Valley - Cote Rotie;France - Vallée du Rhône - Côte Rôtie;;;;;;;;;NEW;CURRENT;1;;;;;;;;;;;;;
urn:gs1:gdd:cl:OriginOfWineCode:FR_RHONE VALLEY_COTEAUX DE DIE;OriginOfWineCode;FR_RHONE VALLEY_COTEAUX DE DIE;France - Rhone Valley - Coteaux De Die;France - Rhone Valley - Coteaux De Die;France - Vallée du Rhône - Coteaux de Die;;;;;;;;;NEW;CURRENT;1;;;;;;;;;;;;;
urn:gs1:gdd:cl:OriginOfWineCode:FR_RHONE VALLEY_COTEAUX DES BARONNIES;OriginOfWineCode;FR_RHONE VALLEY_COTEAUX DES BARONNIES;France - Rhone Valley - Coteaux Des Baronnies;France - Rhone Valley - Coteaux Des Baronnies;France - Vallée du Rhône - Coteaux Des Baronnies;;;;;;;;;NEW;CURRENT;1;;;;;;;;;;;;;
urn:gs1:gdd:cl:OriginOfWineCode:FR_RHONE VALLEY_COTES DU RHONE;OriginOfWineCode;FR_RHONE VALLEY_COTES DU RHONE;France - Rhone Valley - Cotes Du Rhone;France - Rhone Valley - Cotes Du Rhone;France - Vallée du Rhône - Côtes du Rhône;;;;;;;;;NEW;CURRENT;1;;;;;;;;;;;;;
urn:gs1:gdd:cl:OriginOfWineCode:FR_RHONE VALLEY_COTES DU RHONE VILLAGES;OriginOfWineCode;FR_RHONE VALLEY_COTES DU RHONE VILLAGES;France - Rhone Valley - Cotes Du Rhone Villages;France - Rhone Valley - Cotes Du Rhone Villages;France - Vallée du Rhône - Côtes Du Rhône Villages;;;;;;;;;NEW;CURRENT;1;;;;;;;;;;;;;
urn:gs1:gdd:cl:OriginOfWineCode:FR_RHONE VALLEY_COTES DU VIVARAIS;OriginOfWineCode;FR_RHONE VALLEY_COTES DU VIVARAIS;France - Rhone Valley - Cotes Du Vivarais;France - Rhone Valley - Cotes Du Vivarais;France - Vallée du Rhône - Côtes du Vivarais;;;;;;;;;NEW;CURRENT;1;;;;;;;;;;;;;
urn:gs1:gdd:cl:OriginOfWineCode:FR_RHONE VALLEY_CREMANT DE DIE;OriginOfWineCode;FR_RHONE VALLEY_CREMANT DE DIE;France - Rhone Valley - Cremant De Die;France - Rhone Valley - Cremant De Die;France - Vallée du Rhône - Crémant De Die;;;;;;;;;NEW;CURRENT;1;;;;;;;;;;;;;
urn:gs1:gdd:cl:OriginOfWineCode:FR_RHONE VALLEY_CROZES-HERMITAGE OU CROZES-ERMITAGE;OriginOfWineCode;FR_RHONE VALLEY_CROZES-HERMITAGE OU CROZES-ERMITAGE;France - Rhone Valley - Crozes-Hermitage Ou Crozes-Ermitage;France - Rhone Valley - Crozes-Hermitage Ou Crozes-Ermitage;France - Vallée du Rhône - Crozes-Hermitage ou Crozes-Ermitage;;;;;;;;;NEW;CURRENT;1;;;;;;;;;;;;;
urn:gs1:gdd:cl:OriginOfWineCode:FR_RHONE VALLEY_DROME;OriginOfWineCode;FR_RHONE VALLEY_DROME;France - Rhone Valley - Drome;France - Rhone Valley - Drome;France - Vallée du Rhône - Drôme;;;;;;;;;NEW;CURRENT;1;;;;;;;;;;;;;
urn:gs1:gdd:cl:OriginOfWineCode:FR_RHONE VALLEY_DROME COMTE DE GRIGNAN;OriginOfWineCode;FR_RHONE VALLEY_DROME COMTE DE GRIGNAN;France - Rhone Valley - Drome Comte De Grignan;France - Rhone Valley - Drome Comte De Grignan;France - Vallée du Rhône - Drôme Comte De Grignan;;;;;;;;;NEW;CURRENT;1;;;;;;;;;;;;;
urn:gs1:gdd:cl:OriginOfWineCode:FR_RHONE VALLEY_DROME COTEAUX DE MONTELIMAR;OriginOfWineCode;FR_RHONE VALLEY_DROME COTEAUX DE MONTELIMAR;France - Rhone Valley - Drome Coteaux De Montelimar;France - Rhone Valley - Drome Coteaux De Montelimar;France - Vallée du Rhône - Drôme Coteaux de Montélimar;;;;;;;;;NEW;CURRENT;1;;;;;;;;;;;;;
urn:gs1:gdd:cl:OriginOfWineCode:FR_RHONE VALLEY_GIGONDAS;OriginOfWineCode;FR_RHONE VALLEY_GIGONDAS;France - Rhone Valley - Gigondas;France - Rhone Valley - Gigondas;France - Vallée du Rhône - Gigondas;;;;;;;;;NEW;CURRENT;1;;;;;;;;;;;;;
urn:gs1:gdd:cl:OriginOfWineCode:FR_RHONE VALLEY_GRIGNAN-LES-ADHEMAR;OriginOfWineCode;FR_RHONE VALLEY_GRIGNAN-LES-ADHEMAR;France - Rhone Valley - Grignan-Les-Adhemar;France - Rhone Valley - Grignan-Les-Adhemar;France - Vallée du Rhône - Grignan-Les-Adhémar;;;;;;;;;NEW;CURRENT;1;;;;;;;;;;;;;
urn:gs1:gdd:cl:OriginOfWineCode:FR_RHONE VALLEY_HERMITAGE OU ERMITAGE OU L'HERMITAGE OU L'ERMITAGE;OriginOfWineCode;FR_RHONE VALLEY_HERMITAGE OU ERMITAGE OU L'HERMITAGE OU L'ERMITAGE;France - Rhone Valley - Hermitage Ou Ermitage Ou L'Hermitage Ou L'Ermitage;France - Rhone Valley - Hermitage Ou Ermitage Ou L'Hermitage Ou L'Ermitage;France - Vallée du Rhône - Hermitage Ou Ermitage Ou L'Hermitage Ou L'Ermitage;;;;;;;;;NEW;CURRENT;1;;;;;;;;;;;;;
urn:gs1:gdd:cl:OriginOfWineCode:FR_RHONE VALLEY_LIRAC;OriginOfWineCode;FR_RHONE VALLEY_LIRAC;France - Rhone Valley - Lirac;France - Rhone Valley - Lirac;France - Vallée du Rhône - Lirac;;;;;;;;;NEW;CURRENT;1;;;;;;;;;;;;;
urn:gs1:gdd:cl:OriginOfWineCode:FR_RHONE VALLEY_LUBERON;OriginOfWineCode;FR_RHONE VALLEY_LUBERON;France - Rhone Valley - Luberon;France - Rhone Valley - Luberon;France - Vallée du Rhône - Luberon;;;;;;;;;NEW;CURRENT;1;;;;;;;;;;;;;
urn:gs1:gdd:cl:OriginOfWineCode:FR_RHONE VALLEY_MEDITERRANEE COMTE DE GRIGNAN;OriginOfWineCode;FR_RHONE VALLEY_MEDITERRANEE COMTE DE GRIGNAN;France - Rhone Valley - Mediterranee Comte De Grignan;France - Rhone Valley - Mediterranee Comte De Grignan;France - Vallée du Rhône - Méditerranée Comte De Grignan;;;;;;;;;NEW;CURRENT;1;;;;;;;;;;;;;
urn:gs1:gdd:cl:OriginOfWineCode:FR_RHONE VALLEY_MEDITERRANEE COTEAUX DE MONTELIMAR;OriginOfWineCode;FR_RHONE VALLEY_MEDITERRANEE COTEAUX DE MONTELIMAR;France - Rhone Valley - Mediterranee Coteaux De Montelimar;France - Rhone Valley - Mediterranee Coteaux De Montelimar;France - Vallée du Rhône - Méditerranée Coteaux De Montélimar;;;;;;;;;NEW;CURRENT;1;;;;;;;;;;;;;
urn:gs1:gdd:cl:OriginOfWineCode:FR_RHONE VALLEY_MUSCAT DE BEAUMES-DE-VENISE;OriginOfWineCode;FR_RHONE VALLEY_MUSCAT DE BEAUMES-DE-VENISE;France - Rhone Valley - Muscat De Beaumes-De-Venise;France - Rhone Valley - Muscat De Beaumes-De-Venise;France - Vallée du Rhône - Mascate de Beaumes-De-Venise;;;;;;;;;NEW;CURRENT;1;;;;;;;;;;;;;
urn:gs1:gdd:cl:OriginOfWineCode:FR_RHONE VALLEY_PROVENCE AND CORSICA VINEYARDS_MEDITERRANEE;OriginOfWineCode;FR_RHONE VALLEY_PROVENCE AND CORSICA VINEYARDS_MEDITERRANEE;France - Rhone Valley - Provence And Corsica Vineyards - Mediterranee;France - Rhone Valley - Provence And Corsica Vineyards - Mediterranee;France - Vallée du Rhône - Vignobles de Provence et de Corse - Méditerranée;;;;;;;;;NEW;CURRENT;1;;;;;;;;;;;;;
urn:gs1:gdd:cl:OriginOfWineCode:FR_RHONE VALLEY_RASTEAU;OriginOfWineCode;FR_RHONE VALLEY_RASTEAU;France - Rhone Valley - Rasteau;France - Rhone Valley - Rasteau;France - Vallée du Rhône - Rasteau;;;;;;;;;NEW;CURRENT;1;;;;;;;;;;;;;
urn:gs1:gdd:cl:OriginOfWineCode:FR_RHONE VALLEY_SAINT-JOSEPH;OriginOfWineCode;FR_RHONE VALLEY_SAINT-JOSEPH;France - Rhone Valley - Saint-Joseph;France - Rhone Valley - Saint-Joseph;France - Vallée du Rhône - Saint-Joseph;;;;;;;;;NEW;CURRENT;1;;;;;;;;;;;;;
urn:gs1:gdd:cl:OriginOfWineCode:FR_RHONE VALLEY_SAINT-PERAY;OriginOfWineCode;FR_RHONE VALLEY_SAINT-PERAY;France - Rhone Valley - Saint-Peray;France - Rhone Valley - Saint-Peray;France - Vallée du Rhône - Saint-Péray;;;;;;;;;NEW;CURRENT;1;;;;;;;;;;;;;
urn:gs1:gdd:cl:OriginOfWineCode:FR_RHONE VALLEY_TAVEL;OriginOfWineCode;FR_RHONE VALLEY_TAVEL;France - Rhone Valley - Tavel;France - Rhone Valley - Tavel;France - Vallée du Rhône - Tavel;;;;;;;;;NEW;CURRENT;1;;;;;;;;;;;;;
urn:gs1:gdd:cl:OriginOfWineCode:FR_RHONE VALLEY_VACQUEYRAS;OriginOfWineCode;FR_RHONE VALLEY_VACQUEYRAS;France - Rhone Valley - Vacqueyras;France - Rhone Valley - Vacqueyras;France - Vallée du Rhône - Vacqueyras;;;;;;;;;NEW;CURRENT;1;;;;;;;;;;;;;
urn:gs1:gdd:cl:OriginOfWineCode:FR_RHONE VALLEY_VAUCLUSE;OriginOfWineCode;FR_RHONE VALLEY_VAUCLUSE;France - Rhone Valley - Vaucluse;France - Rhone Valley - Vaucluse;France - Vallée du Rhône - Vaucluse;;;;;;;;;NEW;CURRENT;1;;;;;;;;;;;;;
urn:gs1:gdd:cl:OriginOfWineCode:FR_RHONE VALLEY_VAUCLUSE AIGUES;OriginOfWineCode;FR_RHONE VALLEY_VAUCLUSE AIGUES;France - Rhone Valley - Vaucluse Aigues;France - Rhone Valley - Vaucluse Aigues;France - Vallée du Rhône - Vaucluse Aigues;;;;;;;;;NEW;CURRENT;1;;;;;;;;;;;;;
urn:gs1:gdd:cl:OriginOfWineCode:FR_RHONE VALLEY_VAUCLUSE PRINCIPAUTE D'ORANGE;OriginOfWineCode;FR_RHONE VALLEY_VAUCLUSE PRINCIPAUTE D'ORANGE;France - Rhone Valley - Vaucluse Principaute D'Orange;France - Rhone Valley - Vaucluse Principaute D'Orange;France - Vallée du Rhône - Vaucluse Principaute D'Orange;;;;;;;;;NEW;CURRENT;1;;;;;;;;;;;;;
urn:gs1:gdd:cl:OriginOfWineCode:FR_RHONE VALLEY_VENTOUX;OriginOfWineCode;FR_RHONE VALLEY_VENTOUX;France - Rhone Valley - Ventoux;France - Rhone Valley - Ventoux;France - Vallée du Rhône - Ventoux;;;;;;;;;NEW;CURRENT;1;;;;;;;;;;;;;
urn:gs1:gdd:cl:OriginOfWineCode:FR_RHONE VALLEY_VINSOBRES;OriginOfWineCode;FR_RHONE VALLEY_VINSOBRES;France - Rhone Valley - Vinsobres;France - Rhone Valley - Vinsobres;France - Vallée du Rhône - Vinsobres;;;;;;;;;NEW;CURRENT;1;;;;;;;;;;;;;
urn:gs1:gdd:cl:OriginOfWineCode:FR_ROUSSILLON_BANYULS;OriginOfWineCode;FR_ROUSSILLON_BANYULS;France - Roussillon - Banyuls;France - Roussillon - Banyuls;France - Roussillon - Banyuls;;;;;;;;;NEW;CURRENT;1;;;;;;;;;;;;;
urn:gs1:gdd:cl:OriginOfWineCode:FR_ROUSSILLON_BANYULS GRAND CRU;OriginOfWineCode;FR_ROUSSILLON_BANYULS GRAND CRU;France - Roussillon - Banyuls Grand Cru;France - Roussillon - Banyuls Grand Cru;France - Roussillon - Banyuls Grand Cru;;;;;;;;;NEW;CURRENT;1;;;;;;;;;;;;;
urn:gs1:gdd:cl:OriginOfWineCode:FR_ROUSSILLON_COLLIOURE;OriginOfWineCode;FR_ROUSSILLON_COLLIOURE;France - Roussillon - Collioure;France - Roussillon - Collioure;France - Roussillon - Collioure;;;;;;;;;NEW;CURRENT;1;;;;;;;;;;;;;
urn:gs1:gdd:cl:OriginOfWineCode:FR_ROUSSILLON_COTE VERMEILLE;OriginOfWineCode;FR_ROUSSILLON_COTE VERMEILLE;France - Roussillon - Cote Vermeille;France - Roussillon - Cote Vermeille;France - Roussillon - Côte Vermeille;;;;;;;;;NEW;CURRENT;1;;;;;;;;;;;;;
urn:gs1:gdd:cl:OriginOfWineCode:FR_ROUSSILLON_COTES CATALANES;OriginOfWineCode;FR_ROUSSILLON_COTES CATALANES;France - Roussillon - Cotes Catalanes;France - Roussillon - Cotes Catalanes;France - Roussillon - Côtes Catalanes;;;;;;;;;NEW;CURRENT;1;;;;;;;;;;;;;
urn:gs1:gdd:cl:OriginOfWineCode:FR_ROUSSILLON_COTES CATALANES PYRENEES ORIENTALES;OriginOfWineCode;FR_ROUSSILLON_COTES CATALANES PYRENEES ORIENTALES;France - Roussillon - Cotes Catalanes Pyrenees Orientales;France - Roussillon - Cotes Catalanes Pyrenees Orientales;France - Roussillon - Côtes Catalanes Pyrénées Orientales;;;;;;;;;NEW;CURRENT;1;;;;;;;;;;;;;
urn:gs1:gdd:cl:OriginOfWineCode:FR_ROUSSILLON_COTES DU ROUSSILLON;OriginOfWineCode;FR_ROUSSILLON_COTES DU ROUSSILLON;France - Roussillon - Cotes Du Roussillon;France - Roussillon - Cotes Du Roussillon;France - Roussillon - Côtes Du Roussillon;;;;;;;;;NEW;CURRENT;1;;;;;;;;;;;;;
urn:gs1:gdd:cl:OriginOfWineCode:FR_ROUSSILLON_COTES DU ROUSSILLON VILLAGES;OriginOfWineCode;FR_ROUSSILLON_COTES DU ROUSSILLON VILLAGES;France - Roussillon - Cotes Du Roussillon Villages;France - Roussillon - Cotes Du Roussillon Villages;France - Roussillon - Côtes Du Roussillon Villages;;;;;;;;;NEW;CURRENT;1;;;;;;;;;;;;;
urn:gs1:gdd:cl:OriginOfWineCode:FR_ROUSSILLON_GRAND ROUSSILLON;OriginOfWineCode;FR_ROUSSILLON_GRAND ROUSSILLON;France - Roussillon - Grand Roussillon;France - Roussillon - Grand Roussillon;France - Roussillon - Grand Roussillon;;;;;;;;;NEW;CURRENT;1;;;;;;;;;;;;;
urn:gs1:gdd:cl:OriginOfWineCode:FR_ROUSSILLON_MAURY;OriginOfWineCode;FR_ROUSSILLON_MAURY;France - Roussillon - Maury;France - Roussillon - Maury;France - Roussillon - Maury;;;;;;;;;NEW;CURRENT;1;;;;;;;;;;;;;
urn:gs1:gdd:cl:OriginOfWineCode:FR_ROUSSILLON_MUSCAT DE RIVESALTES;OriginOfWineCode;FR_ROUSSILLON_MUSCAT DE RIVESALTES;France - Roussillon - Muscat De Rivesaltes;France - Roussillon - Muscat De Rivesaltes;France - Roussillon - Muscat De Rivesaltes;;;;;;;;;NEW;CURRENT;1;;;;;;;;;;;;;
urn:gs1:gdd:cl:OriginOfWineCode:FR_ROUSSILLON_RIVESALTES;OriginOfWineCode;FR_ROUSSILLON_RIVESALTES;France - Roussillon - Rivesaltes;France - Roussillon - Rivesaltes;France - Roussillon - Rivesaltes;;;;;;;;;NEW;CURRENT;1;;;;;;;;;;;;;
urn:gs1:gdd:cl:OriginOfWineCode:FR_SAVOIE AND BUGEY VINEYARDS_BUGEY;OriginOfWineCode;FR_SAVOIE AND BUGEY VINEYARDS_BUGEY;France - Savoie And Bugey Vineyards - Bugey;France - Savoie And Bugey Vineyards - Bugey;France - Vignobles De Savoie Et Bugey - Bugey;;;;;;;;;NEW;CURRENT;1;;;;;;;;;;;;;
urn:gs1:gdd:cl:OriginOfWineCode:FR_SAVOIE AND BUGEY VINEYARDS_COTEAUX DE L’AIN REVERMONT;OriginOfWineCode;FR_SAVOIE AND BUGEY VINEYARDS_COTEAUX DE L’AIN REVERMONT;France - Savoie And Bugey Vineyards - Coteaux De L’Ain Revermont;France - Savoie And Bugey Vineyards - Coteaux De L’Ain Revermont;France - Vignobles de Savoie Et Bugey - Coteaux De L'Ain Revermont;;;;;;;;;NEW;CURRENT;1;;;;;;;;;;;;;
urn:gs1:gdd:cl:OriginOfWineCode:FR_SAVOIE AND BUGEY VINEYARDS_COTEAUX DE L’AIN VAL DE SAONE;OriginOfWineCode;FR_SAVOIE AND BUGEY VINEYARDS_COTEAUX DE L’AIN VAL DE SAONE;France - Savoie And Bugey Vineyards - Coteaux De L’Ain Val De Saone;France - Savoie And Bugey Vineyards - Coteaux De L’Ain Val De Saone;France - Vignobles de Savoie Et Bugey - Coteaux De L'Ain Val De Saône;;;;;;;;;NEW;CURRENT;1;;;;;;;;;;;;;
urn:gs1:gdd:cl:OriginOfWineCode:FR_SAVOIE AND BUGEY VINEYARDS_COTEAUX DE L’AIN VALROMEY;OriginOfWineCode;FR_SAVOIE AND BUGEY VINEYARDS_COTEAUX DE L’AIN VALROMEY;France - Savoie And Bugey Vineyards - Coteaux De L’Ain Valromey;France - Savoie And Bugey Vineyards - Coteaux De L’Ain Valromey;France - Vignobles de Savoie Et Bugey - Coteaux De L'Ain Valromey;;;;;;;;;NEW;CURRENT;1;;;;;;;;;;;;;
urn:gs1:gdd:cl:OriginOfWineCode:FR_SAVOIE AND BUGEY VINEYARDS_COTEAUX DE L'AIN;OriginOfWineCode;FR_SAVOIE AND BUGEY VINEYARDS_COTEAUX DE L'AIN;France - Savoie And Bugey Vineyards - Coteaux De L'Ain;France - Savoie And Bugey Vineyards - Coteaux De L'Ain;France - Vignobles de Savoie Et Bugey - Coteaux De L'Ain;;;;;;;;;NEW;CURRENT;1;;;;;;;;;;;;;
urn:gs1:gdd:cl:OriginOfWineCode:FR_SAVOIE AND BUGEY VINEYARDS_ISERE;OriginOfWineCode;FR_SAVOIE AND BUGEY VINEYARDS_ISERE;France - Savoie And Bugey Vineyards - Isere;France - Savoie And Bugey Vineyards - Isere;France - Vignobles de Savoie Et Bugey - Isère;;;;;;;;;NEW;CURRENT;1;;;;;;;;;;;;;
urn:gs1:gdd:cl:OriginOfWineCode:FR_SAVOIE AND BUGEY VINEYARDS_ISERE BALMES DAUPHINOISES;OriginOfWineCode;FR_SAVOIE AND BUGEY VINEYARDS_ISERE BALMES DAUPHINOISES;France - Savoie And Bugey Vineyards - Isere Balmes Dauphinoises;France - Savoie And Bugey Vineyards - Isere Balmes Dauphinoises;France - Vignobles de Savoie Et Bugey - Isère Balmes Dauphinoises;;;;;;;;;NEW;CURRENT;1;;;;;;;;;;;;;
urn:gs1:gdd:cl:OriginOfWineCode:FR_SAVOIE AND BUGEY VINEYARDS_ISERE COTEAUX DU GRESIVAUDAN;OriginOfWineCode;FR_SAVOIE AND BUGEY VINEYARDS_ISERE COTEAUX DU GRESIVAUDAN;France - Savoie And Bugey Vineyards - Isere Coteaux Du Gresivaudan;France - Savoie And Bugey Vineyards - Isere Coteaux Du Gresivaudan;France - Vignobles de Savoie Et Bugey - Isère Coteaux Du Grésivaudan;;;;;;;;;NEW;CURRENT;1;;;;;;;;;;;;;
urn:gs1:gdd:cl:OriginOfWineCode:FR_SAVOIE AND BUGEY VINEYARDS_ROUSSETTE DE SAVOIE;OriginOfWineCode;FR_SAVOIE AND BUGEY VINEYARDS_ROUSSETTE DE SAVOIE;France - Savoie And Bugey Vineyards - Roussette De Savoie;France - Savoie And Bugey Vineyards - Roussette De Savoie;France - Vignobles de Savoie Et Bugey - Roussette De Savoie;;;;;;;;;NEW;CURRENT;1;;;;;;;;;;;;;
urn:gs1:gdd:cl:OriginOfWineCode:FR_SAVOIE AND BUGEY VINEYARDS_ROUSSETTE DU BUGEY;OriginOfWineCode;FR_SAVOIE AND BUGEY VINEYARDS_ROUSSETTE DU BUGEY;France - Savoie And Bugey Vineyards - Roussette Du Bugey;France - Savoie And Bugey Vineyards - Roussette Du Bugey;France - Vignobles de Savoie Et Bugey - Roussette Du Bugey;;;;;;;;;NEW;CURRENT;1;;;;;;;;;;;;;
urn:gs1:gdd:cl:OriginOfWineCode:FR_SAVOIE AND BUGEY VINEYARDS_SEYSSEL;OriginOfWineCode;FR_SAVOIE AND BUGEY VINEYARDS_SEYSSEL;France - Savoie And Bugey Vineyards - Seyssel;France - Savoie And Bugey Vineyards - Seyssel;France - Vignobles de Savoie Et Bugey - Seyssel;;;;;;;;;NEW;CURRENT;1;;;;;;;;;;;;;
urn:gs1:gdd:cl:OriginOfWineCode:FR_SAVOIE AND BUGEY VINEYARDS_VIN DE SAVOIE OU SAVOIE;OriginOfWineCode;FR_SAVOIE AND BUGEY VINEYARDS_VIN DE SAVOIE OU SAVOIE;France - Savoie And Bugey Vineyards - Vin De Savoie Ou Savoie;France - Savoie And Bugey Vineyards - Vin De Savoie Ou Savoie;France - Vignobles de Savoie Et Bugey - Vin De Savoie Ou Savoie;;;;;;;;;NEW;CURRENT;1;;;;;;;;;;;;;
urn:gs1:gdd:cl:OriginOfWineCode:FR_SAVOIE AND BUGEY VINEYARDS_VIN DES ALLOBROGES;OriginOfWineCode;FR_SAVOIE AND BUGEY VINEYARDS_VIN DES ALLOBROGES;France - Savoie And Bugey Vineyards - Vin Des Allobroges;France - Savoie And Bugey Vineyards - Vin Des Allobroges;France - Vignobles de Savoie et Bugey - Vin Des Allobroges;;;;;;;;;NEW;CURRENT;1;;;;;;;;;;;;;
urn:gs1:gdd:cl:OriginOfWineCode:FR_SOUTH OF FRANCE;OriginOfWineCode;FR_SOUTH OF FRANCE;France - South Of France;France - South Of France;France - Sud de la France;;;;;;;;;NEW;CURRENT;1;;;;;;;;;;;;;
urn:gs1:gdd:cl:OriginOfWineCode:FR_SOUTH WEST FRANCE VINEYARDS_AGENAIS;OriginOfWineCode;FR_SOUTH WEST FRANCE VINEYARDS_AGENAIS;France - South West France Vineyards - Agenais;France - South West France Vineyards - Agenais;France - Vignobles du Sud Ouest de la France - Agenais;;;;;;;;;NEW;CURRENT;1;;;;;;;;;;;;;
urn:gs1:gdd:cl:OriginOfWineCode:FR_SOUTH WEST FRANCE VINEYARDS_ARIEGE;OriginOfWineCode;FR_SOUTH WEST FRANCE VINEYARDS_ARIEGE;France - South West France Vineyards - Ariege;France - South West France Vineyards - Ariege;France - Vignobles du Sud-Ouest de la France - Ariège;;;;;;;;;NEW;CURRENT;1;;;;;;;;;;;;;
urn:gs1:gdd:cl:OriginOfWineCode:FR_SOUTH WEST FRANCE VINEYARDS_ARIEGE COTEAUX DE LA LEZE;OriginOfWineCode;FR_SOUTH WEST FRANCE VINEYARDS_ARIEGE COTEAUX DE LA LEZE;France - South West France Vineyards - Ariege Coteaux De La Leze;France - South West France Vineyards - Ariege Coteaux De La Leze;France - Vignobles du Sud Ouest de la France - Ariège Coteaux De La Leze;;;;;;;;;NEW;CURRENT;1;;;;;;;;;;;;;
urn:gs1:gdd:cl:OriginOfWineCode:FR_SOUTH WEST FRANCE VINEYARDS_ARIEGE COTEAUX DU PLANTAUREL;OriginOfWineCode;FR_SOUTH WEST FRANCE VINEYARDS_ARIEGE COTEAUX DU PLANTAUREL;France - South West France Vineyards - Ariege Coteaux Du Plantaurel;France - South West France Vineyards - Ariege Coteaux Du Plantaurel;France - Vignobles du Sud Ouest de la France - Ariège Coteaux Du Plantaurel;;;;;;;;;NEW;CURRENT;1;;;;;;;;;;;;;
urn:gs1:gdd:cl:OriginOfWineCode:FR_SOUTH WEST FRANCE VINEYARDS_ATLANTIQUE;OriginOfWineCode;FR_SOUTH WEST FRANCE VINEYARDS_ATLANTIQUE;France - South West France Vineyards - Atlantique;France - South West France Vineyards - Atlantique;France - Vignobles du Sud Ouest de la France - Atlantique;;;;;;;;;NEW;CURRENT;1;;;;;;;;;;;;;
urn:gs1:gdd:cl:OriginOfWineCode:FR_SOUTH WEST FRANCE VINEYARDS_AVEYRON;OriginOfWineCode;FR_SOUTH WEST FRANCE VINEYARDS_AVEYRON;France - South West France Vineyards - Aveyron;France - South West France Vineyards - Aveyron;France - Vignobles du Sud Ouest de la France - Aveyron;;;;;;;;;NEW;CURRENT;1;;;;;;;;;;;;;
urn:gs1:gdd:cl:OriginOfWineCode:FR_SOUTH WEST FRANCE VINEYARDS_BEARN;OriginOfWineCode;FR_SOUTH WEST FRANCE VINEYARDS_BEARN;France - South West France Vineyards - Bearn;France - South West France Vineyards - Bearn;France - Vignobles du Sud-Ouest de la France - Béarn;;;;;;;;;NEW;CURRENT;1;;;;;;;;;;;;;
urn:gs1:gdd:cl:OriginOfWineCode:FR_SOUTH WEST FRANCE VINEYARDS_BRULHOIS;OriginOfWineCode;FR_SOUTH WEST FRANCE VINEYARDS_BRULHOIS;France - South West France Vineyards - Brulhois;France - South West France Vineyards - Brulhois;France - Vignobles du Sud-Ouest de la France - Brulhois;;;;;;;;;NEW;CURRENT;1;;;;;;;;;;;;;
urn:gs1:gdd:cl:OriginOfWineCode:FR_SOUTH WEST FRANCE VINEYARDS_BUZET;OriginOfWineCode;FR_SOUTH WEST FRANCE VINEYARDS_BUZET;France - South West France Vineyards - Buzet;France - South West France Vineyards - Buzet;France - Vignobles du Sud-Ouest de la France - Buzet;;;;;;;;;NEW;CURRENT;1;;;;;;;;;;;;;
urn:gs1:gdd:cl:OriginOfWineCode:FR_SOUTH WEST FRANCE VINEYARDS_CAHORS;OriginOfWineCode;FR_SOUTH WEST FRANCE VINEYARDS_CAHORS;France - South West France Vineyards - Cahors;France - South West France Vineyards - Cahors;France - Vignobles du Sud-Ouest de la France - Cahors;;;;;;;;;NEW;CURRENT;1;;;;;;;;;;;;;
urn:gs1:gdd:cl:OriginOfWineCode:FR_SOUTH WEST FRANCE VINEYARDS_COMTE TOLOSAN;OriginOfWineCode;FR_SOUTH WEST FRANCE VINEYARDS_COMTE TOLOSAN;France - South West France Vineyards - Comte Tolosan;France - South West France Vineyards - Comte Tolosan;France - Vignobles du Sud-Ouest de la France - Comté de Tolosan;;;;;;;;;NEW;CURRENT;1;;;;;;;;;;;;;
urn:gs1:gdd:cl:OriginOfWineCode:FR_SOUTH WEST FRANCE VINEYARDS_COMTE TOLOSAN BIGORRE;OriginOfWineCode;FR_SOUTH WEST FRANCE VINEYARDS_COMTE TOLOSAN BIGORRE;France - South West France Vineyards - Comte Tolosan Bigorre;France - South West France Vineyards - Comte Tolosan Bigorre;France - Vignobles du Sud Ouest de la France - Comte Tolosan Bigorre;;;;;;;;;NEW;CURRENT;1;;;;;;;;;;;;;
urn:gs1:gdd:cl:OriginOfWineCode:FR_SOUTH WEST FRANCE VINEYARDS_COMTE TOLOSAN CANTAL;OriginOfWineCode;FR_SOUTH WEST FRANCE VINEYARDS_COMTE TOLOSAN CANTAL;France - South West France Vineyards - Comte Tolosan Cantal;France - South West France Vineyards - Comte Tolosan Cantal;France - Vignobles du Sud Ouest de la France - Comte Tolosan Cantal;;;;;;;;;NEW;CURRENT;1;;;;;;;;;;;;;
urn:gs1:gdd:cl:OriginOfWineCode:FR_SOUTH WEST FRANCE VINEYARDS_COMTE TOLOSAN COTEAUX ET TERRASSES DE MONTAUBAN;OriginOfWineCode;FR_SOUTH WEST FRANCE VINEYARDS_COMTE TOLOSAN COTEAUX ET TERRASSES DE MONTAUBAN;France - South West France Vineyards - Comte Tolosan Coteaux Et Terrasses De Montauban;France - South West France Vineyards - Comte Tolosan Coteaux Et Terrasses De Montauban;France - Sud Ouest de la France Vignobles - Comte Tolosan Coteaux Et Terrasses De Montauban;;;;;;;;;NEW;CURRENT;1;;;;;;;;;;;;;
urn:gs1:gdd:cl:OriginOfWineCode:FR_SOUTH WEST FRANCE VINEYARDS_COMTE TOLOSAN HAUTE-GARONNE;OriginOfWineCode;FR_SOUTH WEST FRANCE VINEYARDS_COMTE TOLOSAN HAUTE-GARONNE;France - South West France Vineyards - Comte Tolosan Haute-Garonne;France - South West France Vineyards - Comte Tolosan Haute-Garonne;France - Vignoble du Sud Ouest de la France - Comte Tolosan Haute-Garonne;;;;;;;;;NEW;CURRENT;1;;;;;;;;;;;;;
urn:gs1:gdd:cl:OriginOfWineCode:FR_SOUTH WEST FRANCE VINEYARDS_COMTE TOLOSAN PYRENEES ATLANTIQUES;OriginOfWineCode;FR_SOUTH WEST FRANCE VINEYARDS_COMTE TOLOSAN PYRENEES ATLANTIQUES;France - South West France Vineyards - Comte Tolosan Pyrenees Atlantiques;France - South West France Vineyards - Comte Tolosan Pyrenees Atlantiques;France - Sud Ouest France Vignobles - Comte Tolosan Pyrénées Atlantiques;;;;;;;;;NEW;CURRENT;1;;;;;;;;;;;;;
urn:gs1:gdd:cl:OriginOfWineCode:FR_SOUTH WEST FRANCE VINEYARDS_COMTE TOLOSAN TARN ET GARONNE;OriginOfWineCode;FR_SOUTH WEST FRANCE VINEYARDS_COMTE TOLOSAN TARN ET GARONNE;France - South West France Vineyards - Comte Tolosan Tarn Et Garonne;France - South West France Vineyards - Comte Tolosan Tarn Et Garonne;France - Vignobles du Sud Ouest de la France - Comte Tolosan Tarn Et Garonne;;;;;;;;;NEW;CURRENT;1;;;;;;;;;;;;;
urn:gs1:gdd:cl:OriginOfWineCode:FR_SOUTH WEST FRANCE VINEYARDS_COTEAUX DE GLANES;OriginOfWineCode;FR_SOUTH WEST FRANCE VINEYARDS_COTEAUX DE GLANES;France - South West France Vineyards - Coteaux De Glanes;France - South West France Vineyards - Coteaux De Glanes;France - Vignobles du Sud Ouest de la France - Coteaux De Glanes;;;;;;;;;NEW;CURRENT;1;;;;;;;;;;;;;
urn:gs1:gdd:cl:OriginOfWineCode:FR_SOUTH WEST FRANCE VINEYARDS_COTEAUX DE L'AIN PAYS DE GEX;OriginOfWineCode;FR_SOUTH WEST FRANCE VINEYARDS_COTEAUX DE L'AIN PAYS DE GEX;France - South West France Vineyards - Coteaux De L'Ain Pays De Gex;France - South West France Vineyards - Coteaux De L'Ain Pays De Gex;France - Vignobles du Sud Ouest de la France - Coteaux De L'Ain Pays De Gex;;;;;;;;;NEW;CURRENT;1;;;;;;;;;;;;;
urn:gs1:gdd:cl:OriginOfWineCode:FR_SOUTH WEST FRANCE VINEYARDS_COTEAUX DU QUERCY;OriginOfWineCode;FR_SOUTH WEST FRANCE VINEYARDS_COTEAUX DU QUERCY;France - South West France Vineyards - Coteaux Du Quercy;France - South West France Vineyards - Coteaux Du Quercy;France - Vignobles du Sud Ouest de la France - Coteaux Du Quercy;;;;;;;;;NEW;CURRENT;1;;;;;;;;;;;;;
urn:gs1:gdd:cl:OriginOfWineCode:FR_SOUTH WEST FRANCE VINEYARDS_COTES DE DURAS;OriginOfWineCode;FR_SOUTH WEST FRANCE VINEYARDS_COTES DE DURAS;France - South West France Vineyards - Cotes De Duras;France - South West France Vineyards - Cotes De Duras;France - Vignobles du Sud Ouest de la France - Côtes de Duras;;;;;;;;;NEW;CURRENT;1;;;;;;;;;;;;;
urn:gs1:gdd:cl:OriginOfWineCode:FR_SOUTH WEST FRANCE VINEYARDS_COTES DE GASCOGNE;OriginOfWineCode;FR_SOUTH WEST FRANCE VINEYARDS_COTES DE GASCOGNE;France - South West France Vineyards - Cotes De Gascogne;France - South West France Vineyards - Cotes De Gascogne;France - Vignobles du Sud Ouest de la France - Côtes de Gascogne;;;;;;;;;NEW;CURRENT;1;;;;;;;;;;;;;
urn:gs1:gdd:cl:OriginOfWineCode:FR_SOUTH WEST FRANCE VINEYARDS_COTES DE GASCOGNE CONDOMOIS;OriginOfWineCode;FR_SOUTH WEST FRANCE VINEYARDS_COTES DE GASCOGNE CONDOMOIS;France - South West France Vineyards - Cotes De Gascogne Condomois;France - South West France Vineyards - Cotes De Gascogne Condomois;France - Sud Ouest de la France Vignobles - Côtes De Gascogne Condomois;;;;;;;;;NEW;CURRENT;1;;;;;;;;;;;;;
urn:gs1:gdd:cl:OriginOfWineCode:FR_SOUTH WEST FRANCE VINEYARDS_COTES DE MILLAU;OriginOfWineCode;FR_SOUTH WEST FRANCE VINEYARDS_COTES DE MILLAU;France - South West France Vineyards - Cotes De Millau;France - South West France Vineyards - Cotes De Millau;France - Vignobles du Sud Ouest de la France - Côtes De Millau;;;;;;;;;NEW;CURRENT;1;;;;;;;;;;;;;
urn:gs1:gdd:cl:OriginOfWineCode:FR_SOUTH WEST FRANCE VINEYARDS_COTES DE MONTRAVEL;OriginOfWineCode;FR_SOUTH WEST FRANCE VINEYARDS_COTES DE MONTRAVEL;France - South West France Vineyards - Cotes De Montravel;France - South West France Vineyards - Cotes De Montravel;France - Vignobles du Sud Ouest de la France - Côtes De Montravel;;;;;;;;;NEW;CURRENT;1;;;;;;;;;;;;;
urn:gs1:gdd:cl:OriginOfWineCode:FR_SOUTH WEST FRANCE VINEYARDS_COTES DU LOT;OriginOfWineCode;FR_SOUTH WEST FRANCE VINEYARDS_COTES DU LOT;France - South West France Vineyards - Cotes Du Lot;France - South West France Vineyards - Cotes Du Lot;France - Vignobles du Sud Ouest de la France - Côtes Du Lot;;;;;;;;;NEW;CURRENT;1;;;;;;;;;;;;;
urn:gs1:gdd:cl:OriginOfWineCode:FR_SOUTH WEST FRANCE VINEYARDS_COTES DU LOT ROCAMADOUR;OriginOfWineCode;FR_SOUTH WEST FRANCE VINEYARDS_COTES DU LOT ROCAMADOUR;France - South West France Vineyards - Cotes Du Lot Rocamadour;France - South West France Vineyards - Cotes Du Lot Rocamadour;France - Vignobles du Sud Ouest de la France - Côtes Du Lot Rocamadour;;;;;;;;;NEW;CURRENT;1;;;;;;;;;;;;;
urn:gs1:gdd:cl:OriginOfWineCode:FR_SOUTH WEST FRANCE VINEYARDS_COTES DU MARMANDAIS;OriginOfWineCode;FR_SOUTH WEST FRANCE VINEYARDS_COTES DU MARMANDAIS;France - South West France Vineyards - Cotes Du Marmandais;France - South West France Vineyards - Cotes Du Marmandais;France - Vignobles du Sud Ouest de la France - Côtes Du Marmandais;;;;;;;;;NEW;CURRENT;1;;;;;;;;;;;;;
urn:gs1:gdd:cl:OriginOfWineCode:FR_SOUTH WEST FRANCE VINEYARDS_COTES DU TARN;OriginOfWineCode;FR_SOUTH WEST FRANCE VINEYARDS_COTES DU TARN;France - South West France Vineyards - Cotes Du Tarn;France - South West France Vineyards - Cotes Du Tarn;France - Vignobles du Sud Ouest de la France - Côtes Du Tarn;;;;;;;;;NEW;CURRENT;1;;;;;;;;;;;;;
urn:gs1:gdd:cl:OriginOfWineCode:FR_SOUTH WEST FRANCE VINEYARDS_COTES DU TARN CABANES;OriginOfWineCode;FR_SOUTH WEST FRANCE VINEYARDS_COTES DU TARN CABANES;France - South West France Vineyards - Cotes Du Tarn Cabanes;France - South West France Vineyards - Cotes Du Tarn Cabanes;France - Vignobles du Sud Ouest de la France - Côtes Du Tarn Cabanes;;;;;;;;;NEW;CURRENT;1;;;;;;;;;;;;;
urn:gs1:gdd:cl:OriginOfWineCode:FR_SOUTH WEST FRANCE VINEYARDS_COTES DU TARN CUNAC;OriginOfWineCode;FR_SOUTH WEST FRANCE VINEYARDS_COTES DU TARN CUNAC;France - South West France Vineyards - Cotes Du Tarn Cunac;France - South West France Vineyards - Cotes Du Tarn Cunac;France - Vignobles du Sud-Ouest de la France - Côtes du Tarn Cunac;;;;;;;;;NEW;CURRENT;1;;;;;;;;;;;;;
urn:gs1:gdd:cl:OriginOfWineCode:FR_SOUTH WEST FRANCE VINEYARDS_ENTRAYGUES_LE FEL;OriginOfWineCode;FR_SOUTH WEST FRANCE VINEYARDS_ENTRAYGUES_LE FEL;France - South West France Vineyards - Entraygues - Le Fel;France - South West France Vineyards - Entraygues - Le Fel;France - Vignobles du Sud-Ouest de la France - Entraygues - Le Fel;;;;;;;;;NEW;CURRENT;1;;;;;;;;;;;;;
urn:gs1:gdd:cl:OriginOfWineCode:FR_SOUTH WEST FRANCE VINEYARDS_ESTAING;OriginOfWineCode;FR_SOUTH WEST FRANCE VINEYARDS_ESTAING;France - South West France Vineyards - Estaing;France - South West France Vineyards - Estaing;France - Vignobles du Sud-Ouest de la France - Estaing;;;;;;;;;NEW;CURRENT;1;;;;;;;;;;;;;
urn:gs1:gdd:cl:OriginOfWineCode:FR_SOUTH WEST FRANCE VINEYARDS_FLOC DE GASCOGNE;OriginOfWineCode;FR_SOUTH WEST FRANCE VINEYARDS_FLOC DE GASCOGNE;France - South West France Vineyards - Floc De Gascogne;France - South West France Vineyards - Floc De Gascogne;France - Vignobles du Sud Ouest de la France - Floc De Gascogne;;;;;;;;;NEW;CURRENT;1;;;;;;;;;;;;;
urn:gs1:gdd:cl:OriginOfWineCode:FR_SOUTH WEST FRANCE VINEYARDS_FRONTON;OriginOfWineCode;FR_SOUTH WEST FRANCE VINEYARDS_FRONTON;France - South West France Vineyards - Fronton;France - South West France Vineyards - Fronton;France - Vignobles du Sud-Ouest de la France - Fronton;;;;;;;;;NEW;CURRENT;1;;;;;;;;;;;;;
urn:gs1:gdd:cl:OriginOfWineCode:FR_SOUTH WEST FRANCE VINEYARDS_GAILLAC;OriginOfWineCode;FR_SOUTH WEST FRANCE VINEYARDS_GAILLAC;France - South West France Vineyards - Gaillac;France - South West France Vineyards - Gaillac;France - Vignoble du Sud Ouest de la France - Gaillac;;;;;;;;;NEW;CURRENT;1;;;;;;;;;;;;;
urn:gs1:gdd:cl:OriginOfWineCode:FR_SOUTH WEST FRANCE VINEYARDS_GERS;OriginOfWineCode;FR_SOUTH WEST FRANCE VINEYARDS_GERS;France - South West France Vineyards - Gers;France - South West France Vineyards - Gers;France - Vignobles du Sud-Ouest de la France - Gers;;;;;;;;;NEW;CURRENT;1;;;;;;;;;;;;;
urn:gs1:gdd:cl:OriginOfWineCode:FR_SOUTH WEST FRANCE VINEYARDS_HAUTE VALLEE DE L'AUDE;OriginOfWineCode;FR_SOUTH WEST FRANCE VINEYARDS_HAUTE VALLEE DE L'AUDE;France - South West France Vineyards - Haute Vallee De L'Aude;France - South West France Vineyards - Haute Vallee De L'Aude;France - Vignobles du Sud Ouest de la France - Haute Vallée De L'Aude;;;;;;;;;NEW;CURRENT;1;;;;;;;;;;;;;
urn:gs1:gdd:cl:OriginOfWineCode:FR_SOUTH WEST FRANCE VINEYARDS_HAUT-MONTRAVEL;OriginOfWineCode;FR_SOUTH WEST FRANCE VINEYARDS_HAUT-MONTRAVEL;France - South West France Vineyards - Haut-Montravel;France - South West France Vineyards - Haut-Montravel;France - Vignoble du Sud Ouest de la France - Haut-Montravel;;;;;;;;;NEW;CURRENT;1;;;;;;;;;;;;;
urn:gs1:gdd:cl:OriginOfWineCode:FR_SOUTH WEST FRANCE VINEYARDS_IROULEGUY;OriginOfWineCode;FR_SOUTH WEST FRANCE VINEYARDS_IROULEGUY;France - South West France Vineyards - Irouleguy;France - South West France Vineyards - Irouleguy;France - Vignobles du Sud-Ouest de la France - Irouleguy;;;;;;;;;NEW;CURRENT;1;;;;;;;;;;;;;
urn:gs1:gdd:cl:OriginOfWineCode:FR_SOUTH WEST FRANCE VINEYARDS_JURANCON;OriginOfWineCode;FR_SOUTH WEST FRANCE VINEYARDS_JURANCON;France - South West France Vineyards - Jurancon;France - South West France Vineyards - Jurancon;France - Vignobles du Sud-Ouest de la France - Jurançon;;;;;;;;;NEW;CURRENT;1;;;;;;;;;;;;;
urn:gs1:gdd:cl:OriginOfWineCode:FR_SOUTH WEST FRANCE VINEYARDS_LANDES;OriginOfWineCode;FR_SOUTH WEST FRANCE VINEYARDS_LANDES;France - South West France Vineyards - Landes;France - South West France Vineyards - Landes;France - Vignobles du Sud-Ouest de la France - Landes;;;;;;;;;NEW;CURRENT;1;;;;;;;;;;;;;
urn:gs1:gdd:cl:OriginOfWineCode:FR_SOUTH WEST FRANCE VINEYARDS_LANDES COTEAUX DE CHALOSSE;OriginOfWineCode;FR_SOUTH WEST FRANCE VINEYARDS_LANDES COTEAUX DE CHALOSSE;France - South West France Vineyards - Landes Coteaux De Chalosse;France - South West France Vineyards - Landes Coteaux De Chalosse;France - Vignobles du Sud Ouest de la France - Landes Coteaux De Chalosse;;;;;;;;;NEW;CURRENT;1;;;;;;;;;;;;;
urn:gs1:gdd:cl:OriginOfWineCode:FR_SOUTH WEST FRANCE VINEYARDS_LANDES COTES DE L'ADOUR;OriginOfWineCode;FR_SOUTH WEST FRANCE VINEYARDS_LANDES COTES DE L'ADOUR;France - South West France Vineyards - Landes Cotes De L'Adour;France - South West France Vineyards - Landes Cotes De L'Adour;France - Sud Ouest France Vignobles - Landes Cotes De L'Adour;;;;;;;;;NEW;CURRENT;1;;;;;;;;;;;;;
urn:gs1:gdd:cl:OriginOfWineCode:FR_SOUTH WEST FRANCE VINEYARDS_LANDES SABLES DE L'OCEAN;OriginOfWineCode;FR_SOUTH WEST FRANCE VINEYARDS_LANDES SABLES DE L'OCEAN;France - South West France Vineyards - Landes Sables De L'Ocean;France - South West France Vineyards - Landes Sables De L'Ocean;France - Vignobles du Sud Ouest de la France - Landes Sables De L'Océan;;;;;;;;;NEW;CURRENT;1;;;;;;;;;;;;;
urn:gs1:gdd:cl:OriginOfWineCode:FR_SOUTH WEST FRANCE VINEYARDS_LANDES SABLES FAUVES;OriginOfWineCode;FR_SOUTH WEST FRANCE VINEYARDS_LANDES SABLES FAUVES;France - South West France Vineyards - Landes Sables Fauves;France - South West France Vineyards - Landes Sables Fauves;France - Vignoble du Sud Ouest de la France - Landes Sables Fauves;;;;;;;;;NEW;CURRENT;1;;;;;;;;;;;;;
urn:gs1:gdd:cl:OriginOfWineCode:FR_SOUTH WEST FRANCE VINEYARDS_LAVILLEDIEU;OriginOfWineCode;FR_SOUTH WEST FRANCE VINEYARDS_LAVILLEDIEU;France - South West France Vineyards - Lavilledieu;France - South West France Vineyards - Lavilledieu;France - Vignobles du Sud-Ouest de la France - Lavilledieu;;;;;;;;;NEW;CURRENT;1;;;;;;;;;;;;;
urn:gs1:gdd:cl:OriginOfWineCode:FR_SOUTH WEST FRANCE VINEYARDS_MADIRAN;OriginOfWineCode;FR_SOUTH WEST FRANCE VINEYARDS_MADIRAN;France - South West France Vineyards - Madiran;France - South West France Vineyards - Madiran;France - Vignoble du Sud Ouest de la France - Madiran;;;;;;;;;NEW;CURRENT;1;;;;;;;;;;;;;
urn:gs1:gdd:cl:OriginOfWineCode:FR_SOUTH WEST FRANCE VINEYARDS_MONTRAVEL;OriginOfWineCode;FR_SOUTH WEST FRANCE VINEYARDS_MONTRAVEL;France - South West France Vineyards - Montravel;France - South West France Vineyards - Montravel;France - Vignobles du Sud-Ouest de la France - Montravel;;;;;;;;;NEW;CURRENT;1;;;;;;;;;;;;;
urn:gs1:gdd:cl:OriginOfWineCode:FR_SOUTH WEST FRANCE VINEYARDS_PACHERENC DU VIC-BILH;OriginOfWineCode;FR_SOUTH WEST FRANCE VINEYARDS_PACHERENC DU VIC-BILH;France - South West France Vineyards - Pacherenc Du Vic-Bilh;France - South West France Vineyards - Pacherenc Du Vic-Bilh;France - Vignoble du Sud Ouest de la France - Pacherenc Du Vic-Bilh;;;;;;;;;NEW;CURRENT;1;;;;;;;;;;;;;
urn:gs1:gdd:cl:OriginOfWineCode:FR_SOUTH WEST FRANCE VINEYARDS_PERIGORD;OriginOfWineCode;FR_SOUTH WEST FRANCE VINEYARDS_PERIGORD;France - South West France Vineyards - Perigord;France - South West France Vineyards - Perigord;France - Vignobles du Sud-Ouest de la France - Périgord;;;;;;;;;NEW;CURRENT;1;;;;;;;;;;;;;
urn:gs1:gdd:cl:OriginOfWineCode:FR_SOUTH WEST FRANCE VINEYARDS_PERIGORD DORDOGNE;OriginOfWineCode;FR_SOUTH WEST FRANCE VINEYARDS_PERIGORD DORDOGNE;France - South West France Vineyards - Perigord Dordogne;France - South West France Vineyards - Perigord Dordogne;France - Vignobles du Sud Ouest de la France - Périgord Dordogne;;;;;;;;;NEW;CURRENT;1;;;;;;;;;;;;;
urn:gs1:gdd:cl:OriginOfWineCode:FR_SOUTH WEST FRANCE VINEYARDS_PÉRIGORD VIN DE DOMME;OriginOfWineCode;FR_SOUTH WEST FRANCE VINEYARDS_PÉRIGORD VIN DE DOMME;France - South West France Vineyards - Périgord Vin De Domme;France - South West France Vineyards - Périgord Vin De Domme;France - Vignobles du Sud Ouest de la France - Périgord Vin De Domme;;;;;;;;;NEW;CURRENT;1;;;;;;;;;;;;;
urn:gs1:gdd:cl:OriginOfWineCode:FR_SOUTH WEST FRANCE VINEYARDS_ROSETTE;OriginOfWineCode;FR_SOUTH WEST FRANCE VINEYARDS_ROSETTE;France - South West France Vineyards - Rosette;France - South West France Vineyards - Rosette;France - Vignobles du Sud-Ouest de la France - Rosette;;;;;;;;;NEW;CURRENT;1;;;;;;;;;;;;;
urn:gs1:gdd:cl:OriginOfWineCode:FR_SOUTH WEST FRANCE VINEYARDS_SAINT-MONT;OriginOfWineCode;FR_SOUTH WEST FRANCE VINEYARDS_SAINT-MONT;France - South West France Vineyards - Saint-Mont;France - South West France Vineyards - Saint-Mont;France - Vignobles du Sud-Ouest de la France - Saint-Mont;;;;;;;;;NEW;CURRENT;1;;;;;;;;;;;;;
urn:gs1:gdd:cl:OriginOfWineCode:FR_SOUTH WEST FRANCE VINEYARDS_SAINT-SARDOS;OriginOfWineCode;FR_SOUTH WEST FRANCE VINEYARDS_SAINT-SARDOS;France - South West France Vineyards - Saint-Sardos;France - South West France Vineyards - Saint-Sardos;France - Vignobles du Sud-Ouest de la France - Saint-Sardos;;;;;;;;;NEW;CURRENT;1;;;;;;;;;;;;;
urn:gs1:gdd:cl:OriginOfWineCode:FR_SOUTH WEST FRANCE VINEYARDS_SAUSSIGNAC;OriginOfWineCode;FR_SOUTH WEST FRANCE VINEYARDS_SAUSSIGNAC;France - South West France Vineyards - Saussignac;France - South West France Vineyards - Saussignac;France - Vignobles du Sud-Ouest de la France - Saussignac;;;;;;;;;NEW;CURRENT;1;;;;;;;;;;;;;
urn:gs1:gdd:cl:OriginOfWineCode:FR_SOUTH WEST FRANCE VINEYARDS_THEZAC-PERRICARD;OriginOfWineCode;FR_SOUTH WEST FRANCE VINEYARDS_THEZAC-PERRICARD;France - South West France Vineyards - Thezac-Perricard;France - South West France Vineyards - Thezac-Perricard;France - Vignobles du Sud-Ouest de la France - Thézac-Perricard;;;;;;;;;NEW;CURRENT;1;;;;;;;;;;;;;
urn:gs1:gdd:cl:OriginOfWineCode:FR_SOUTH WEST FRANCE VINEYARDS_TURSAN;OriginOfWineCode;FR_SOUTH WEST FRANCE VINEYARDS_TURSAN;France - South West France Vineyards - Tursan;France - South West France Vineyards - Tursan;France - Vignobles du Sud-Ouest de la France - Tursan;;;;;;;;;NEW;CURRENT;1;;;;;;;;;;;;;
urn:gs1:gdd:cl:OriginOfWineCode:FR_SOUTH WEST FRANCE VINEYARDS_VINS DE LA CORREZE;OriginOfWineCode;FR_SOUTH WEST FRANCE VINEYARDS_VINS DE LA CORREZE;France - South West France Vineyards - Vins De La Correze;France - South West France Vineyards - Vins De La Correze;France - Vignobles du Sud Ouest de la France - Vins De La Corrèze;;;;;;;;;NEW;CURRENT;1;;;;;;;;;;;;;
urn:gs1:gdd:cl:OriginOfWineCode:FR_UNCLASSIFIED;OriginOfWineCode;FR_UNCLASSIFIED;France - Unclassified;France - Unclassified;France - Non classé;;;;;;;;;NEW;CURRENT;1;;;;;;;;;;;;;
urn:gs1:gdd:cl:OriginOfWineCode:GB_UNCLASSIFIED;OriginOfWineCode;GB_UNCLASSIFIED;United Kingdom - Unclassified;United Kingdom - Unclassified;Royaume-Uni - Non classé;;;;;;;;;NEW;CURRENT;1;;;;;;;;;;;;;
urn:gs1:gdd:cl:OriginOfWineCode:GB-ENG_UNCLASSIFIED;OriginOfWineCode;GB-ENG_UNCLASSIFIED;England - Unclassified;England - Unclassified;Angleterre - Non classé;;;;;;;;;NEW;CURRENT;1;;;;;;;;;;;;;
urn:gs1:gdd:cl:OriginOfWineCode:GB-SCT_CAMPBELTOWN;OriginOfWineCode;GB-SCT_CAMPBELTOWN;Scotland - Campbeltown;Scotland - Campbeltown;Écosse - Campbeltown;;;;;;;;;NEW;CURRENT;1;;;;;;;;;;;;;
urn:gs1:gdd:cl:OriginOfWineCode:GB-SCT_HIGHLAND;OriginOfWineCode;GB-SCT_HIGHLAND;Scotland - Highland;Scotland - Highland;Écosse - Highland;;;;;;;;;NEW;CURRENT;1;;;;;;;;;;;;;
urn:gs1:gdd:cl:OriginOfWineCode:GB-SCT_ISLAND_ARRAN;OriginOfWineCode;GB-SCT_ISLAND_ARRAN;Scotland - Island - Arran;Scotland - Island - Arran;Écosse - Île - Arran;;;;;;;;;NEW;CURRENT;1;;;;;;;;;;;;;
urn:gs1:gdd:cl:OriginOfWineCode:GB-SCT_ISLAND_JURA;OriginOfWineCode;GB-SCT_ISLAND_JURA;Scotland - Island - Jura;Scotland - Island - Jura;Écosse - Île - Jura;;;;;;;;;NEW;CURRENT;1;;;;;;;;;;;;;
urn:gs1:gdd:cl:OriginOfWineCode:GB-SCT_ISLAND_MULL;OriginOfWineCode;GB-SCT_ISLAND_MULL;Scotland - Island - Mull;Scotland - Island - Mull;Écosse - Île - Mull;;;;;;;;;NEW;CURRENT;1;;;;;;;;;;;;;
urn:gs1:gdd:cl:OriginOfWineCode:GB-SCT_ISLAND_ORKNEY;OriginOfWineCode;GB-SCT_ISLAND_ORKNEY;Scotland - Island - Orkney;Scotland - Island - Orkney;Écosse - Île - Orcades;;;;;;;;;NEW;CURRENT;1;;;;;;;;;;;;;
urn:gs1:gdd:cl:OriginOfWineCode:GB-SCT_ISLAND_SKYE;OriginOfWineCode;GB-SCT_ISLAND_SKYE;Scotland - Island - Skye;Scotland - Island - Skye;Écosse - Île - Skye;;;;;;;;;NEW;CURRENT;1;;;;;;;;;;;;;
urn:gs1:gdd:cl:OriginOfWineCode:GB-SCT_ISLAY;OriginOfWineCode;GB-SCT_ISLAY;Scotland - Islay;Scotland - Islay;Écosse - Islay;;;;;;;;;NEW;CURRENT;1;;;;;;;;;;;;;
urn:gs1:gdd:cl:OriginOfWineCode:GB-SCT_LOWLAND;OriginOfWineCode;GB-SCT_LOWLAND;Scotland - Lowland;Scotland - Lowland;Écosse - Lowland;;;;;;;;;NEW;CURRENT;1;;;;;;;;;;;;;
urn:gs1:gdd:cl:OriginOfWineCode:GB-SCT_SPEYSIDE;OriginOfWineCode;GB-SCT_SPEYSIDE;Scotland - Speyside;Scotland - Speyside;Écosse - Speyside;;;;;;;;;NEW;CURRENT;1;;;;;;;;;;;;;
urn:gs1:gdd:cl:OriginOfWineCode:GB-SCT_UNCLASSIFIED;OriginOfWineCode;GB-SCT_UNCLASSIFIED;Scotland - Unclassified;Scotland - Unclassified;Écosse - Non classé;;;;;;;;;NEW;CURRENT;1;;;;;;;;;;;;;
urn:gs1:gdd:cl:OriginOfWineCode:GB-WLS_UNCLASSIFIED;OriginOfWineCode;GB-WLS_UNCLASSIFIED;Wales - Unclassified;Wales - Unclassified;Pays de Galles - Non classé;;;;;;;;;NEW;CURRENT;1;;;;;;;;;;;;;
urn:gs1:gdd:cl:OriginOfWineCode:GE_KAKHETI;OriginOfWineCode;GE_KAKHETI;Georgia - Kakheti;Georgia - Kakheti;Géorgie - Kakhétie;;;;;;;;;NEW;CURRENT;1;;;;;;;;;;;;;
urn:gs1:gdd:cl:OriginOfWineCode:GE_RACHA_LECHKHUMI AND KVEMO SVANETI;OriginOfWineCode;GE_RACHA_LECHKHUMI AND KVEMO SVANETI;Georgia - Racha- Lechkhumi And Kvemo Svaneti;Georgia - Racha- Lechkhumi And Kvemo Svaneti;Géorgie - Racha- Lechkhumi et Kvemo Svaneti;;;;;;;;;NEW;CURRENT;1;;;;;;;;;;;;;
urn:gs1:gdd:cl:OriginOfWineCode:GR_ACHAIA;OriginOfWineCode;GR_ACHAIA;Greece - Achaia;Greece - Achaia;Grèce - Achaïe;;;;;;;;;NEW;CURRENT;1;;;;;;;;;;;;;
urn:gs1:gdd:cl:OriginOfWineCode:GR_AEGEAN ISLANDS_CRETE;OriginOfWineCode;GR_AEGEAN ISLANDS_CRETE;Greece - Aegean Islands - Crete;Greece - Aegean Islands - Crete;Grèce - Îles de la mer Égée - Crète;;;;;;;;;NEW;CURRENT;1;;;;;;;;;;;;;
urn:gs1:gdd:cl:OriginOfWineCode:GR_AEGEAN ISLANDS_LIMNOS;OriginOfWineCode;GR_AEGEAN ISLANDS_LIMNOS;Greece - Aegean Islands - Limnos;Greece - Aegean Islands - Limnos;Grèce - Îles de la mer Égée - Lemnos;;;;;;;;;NEW;CURRENT;1;;;;;;;;;;;;;
urn:gs1:gdd:cl:OriginOfWineCode:GR_AEGEAN ISLANDS_SAMOS;OriginOfWineCode;GR_AEGEAN ISLANDS_SAMOS;Greece - Aegean Islands - Samos;Greece - Aegean Islands - Samos;Grèce - Îles de la mer Égée - Samos;;;;;;;;;NEW;CURRENT;1;;;;;;;;;;;;;
urn:gs1:gdd:cl:OriginOfWineCode:GR_AEGEAN ISLANDS_SANTORINI;OriginOfWineCode;GR_AEGEAN ISLANDS_SANTORINI;Greece - Aegean Islands - Santorini;Greece - Aegean Islands - Santorini;Grèce - Îles de la mer Égée - Santorin;;;;;;;;;NEW;CURRENT;1;;;;;;;;;;;;;
urn:gs1:gdd:cl:OriginOfWineCode:GR_AGIORITIKO;OriginOfWineCode;GR_AGIORITIKO;Greece - Agioritiko;Greece - Agioritiko;Grèce - Agioritiko;;;;;;;;;NEW;CURRENT;1;;;;;;;;;;;;;
urn:gs1:gdd:cl:OriginOfWineCode:GR_CENTRAL GR_EVIA;OriginOfWineCode;GR_CENTRAL GR_EVIA;Greece - Central Greece - Evia;Greece - Central Greece - Evia;Grèce - Grèce centrale - Eubée;;;;;;;;;NEW;CURRENT;1;;;;;;;;;;;;;
urn:gs1:gdd:cl:OriginOfWineCode:GR_CENTRAL GR_THESSALY;OriginOfWineCode;GR_CENTRAL GR_THESSALY;Greece - Central Greece - Thessaly;Greece - Central Greece - Thessaly;Grèce - Grèce centrale - Thessalie;;;;;;;;;NEW;CURRENT;1;;;;;;;;;;;;;
urn:gs1:gdd:cl:OriginOfWineCode:GR_CENTRAL GREECE;OriginOfWineCode;GR_CENTRAL GREECE;Greece - Central Greece;Greece - Central Greece;Grèce - Grèce centrale;;;;;;;;;NEW;CURRENT;1;;;;;;;;;;;;;
urn:gs1:gdd:cl:OriginOfWineCode:GR_CEPHALONIA;OriginOfWineCode;GR_CEPHALONIA;Greece - Cephalonia;Greece - Cephalonia;Grèce - Céphalonie;;;;;;;;;NEW;CURRENT;1;;;;;;;;;;;;;
urn:gs1:gdd:cl:OriginOfWineCode:GR_DRAMA;OriginOfWineCode;GR_DRAMA;Greece - Drama;Greece - Drama;Grèce - Drame;;;;;;;;;NEW;CURRENT;1;;;;;;;;;;;;;
urn:gs1:gdd:cl:OriginOfWineCode:GR_FLORINA;OriginOfWineCode;GR_FLORINA;Greece - Florina;Greece - Florina;Grèce - Florina;;;;;;;;;NEW;CURRENT;1;;;;;;;;;;;;;
urn:gs1:gdd:cl:OriginOfWineCode:GR_METSOVO;OriginOfWineCode;GR_METSOVO;Greece - Metsovo;Greece - Metsovo;Grèce - Metsovo;;;;;;;;;NEW;CURRENT;1;;;;;;;;;;;;;
urn:gs1:gdd:cl:OriginOfWineCode:GR_NAOUSSA;OriginOfWineCode;GR_NAOUSSA;Greece - Naoussa;Greece - Naoussa;Grèce - Naoussa;;;;;;;;;NEW;CURRENT;1;;;;;;;;;;;;;
urn:gs1:gdd:cl:OriginOfWineCode:GR_PELOPONNESE;OriginOfWineCode;GR_PELOPONNESE;Greece - Peloponnese;Greece - Peloponnese;Grèce - Péloponnèse;;;;;;;;;NEW;CURRENT;1;;;;;;;;;;;;;
urn:gs1:gdd:cl:OriginOfWineCode:GR_PELOPONNESE_NEMEA;OriginOfWineCode;GR_PELOPONNESE_NEMEA;Greece - Peloponnese - Nemea;Greece - Peloponnese - Nemea;Grèce - Péloponnèse - Némée;;;;;;;;;NEW;CURRENT;1;;;;;;;;;;;;;
urn:gs1:gdd:cl:OriginOfWineCode:GR_SAMOS;OriginOfWineCode;GR_SAMOS;Greece - Samos;Greece - Samos;Grèce - Samos;;;;;;;;;NEW;CURRENT;1;;;;;;;;;;;;;
urn:gs1:gdd:cl:OriginOfWineCode:GR_UNCLASSIFIED;OriginOfWineCode;GR_UNCLASSIFIED;Greece - Unclassified;Greece - Unclassified;Grèce - Non classé;;;;;;;;;NEW;CURRENT;1;;;;;;;;;;;;;
urn:gs1:gdd:cl:OriginOfWineCode:HR_CONTINENTAL CROATIA;OriginOfWineCode;HR_CONTINENTAL CROATIA;Croatia - Continental Croatia;Croatia - Continental Croatia;Croatie - Croatie continentale;;;;;;;;;NEW;CURRENT;1;;;;;;;;;;;;;
urn:gs1:gdd:cl:OriginOfWineCode:HR_UNCLASSIFIED;OriginOfWineCode;HR_UNCLASSIFIED;Croatia - Unclassified;Croatia - Unclassified;Croatie - Non classé;;;;;;;;;NEW;CURRENT;1;;;;;;;;;;;;;
urn:gs1:gdd:cl:OriginOfWineCode:HU_ASZAR-NESZMELY;OriginOfWineCode;HU_ASZAR-NESZMELY;Hungary - Aszar-Neszmely;Hungary - Aszar-Neszmely;Hongrie - Aszar-Neszmely;;;;;;;;;NEW;CURRENT;1;;;;;;;;;;;;;
urn:gs1:gdd:cl:OriginOfWineCode:HU_BADACSONY;OriginOfWineCode;HU_BADACSONY;Hungary - Badacsony;Hungary - Badacsony;Hongrie - Badacsony;;;;;;;;;NEW;CURRENT;1;;;;;;;;;;;;;
urn:gs1:gdd:cl:OriginOfWineCode:HU_BALATONBOGLAR;OriginOfWineCode;HU_BALATONBOGLAR;Hungary - Balatonboglar;Hungary - Balatonboglar;Hongrie - Balatonboglar;;;;;;;;;NEW;CURRENT;1;;;;;;;;;;;;;
urn:gs1:gdd:cl:OriginOfWineCode:HU_BALATONFELVIDEK;OriginOfWineCode;HU_BALATONFELVIDEK;Hungary - Balatonfelvidek;Hungary - Balatonfelvidek;Hongrie - Balatonfelvidek;;;;;;;;;NEW;CURRENT;1;;;;;;;;;;;;;
urn:gs1:gdd:cl:OriginOfWineCode:HU_BALATONFURED-CSOPAK;OriginOfWineCode;HU_BALATONFURED-CSOPAK;Hungary - Balatonfured-Csopak;Hungary - Balatonfured-Csopak;Hongrie - Balatonfüred-Csopak;;;;;;;;;NEW;CURRENT;1;;;;;;;;;;;;;
urn:gs1:gdd:cl:OriginOfWineCode:HU_BUKK;OriginOfWineCode;HU_BUKK;Hungary - Bukk;Hungary - Bukk;Hongrie - Bukk;;;;;;;;;NEW;CURRENT;1;;;;;;;;;;;;;
urn:gs1:gdd:cl:OriginOfWineCode:HU_CSONGRAD;OriginOfWineCode;HU_CSONGRAD;Hungary - Csongrad;Hungary - Csongrad;Hongrie - Csongrad;;;;;;;;;NEW;CURRENT;1;;;;;;;;;;;;;
urn:gs1:gdd:cl:OriginOfWineCode:HU_EGER;OriginOfWineCode;HU_EGER;Hungary - Eger;Hungary - Eger;Hongrie - Eger;;;;;;;;;NEW;CURRENT;1;;;;;;;;;;;;;
urn:gs1:gdd:cl:OriginOfWineCode:HU_ETYEK-BUDA;OriginOfWineCode;HU_ETYEK-BUDA;Hungary - Etyek-Buda;Hungary - Etyek-Buda;Hongrie - Etyek-Buda;;;;;;;;;NEW;CURRENT;1;;;;;;;;;;;;;
urn:gs1:gdd:cl:OriginOfWineCode:HU_HAJOS-BAJA;OriginOfWineCode;HU_HAJOS-BAJA;Hungary - Hajos-Baja;Hungary - Hajos-Baja;Hongrie - Hajos-Baja;;;;;;;;;NEW;CURRENT;1;;;;;;;;;;;;;
urn:gs1:gdd:cl:OriginOfWineCode:HU_KUNSAG;OriginOfWineCode;HU_KUNSAG;Hungary - Kunsag;Hungary - Kunsag;Hongrie - Kunsag;;;;;;;;;NEW;CURRENT;1;;;;;;;;;;;;;
urn:gs1:gdd:cl:OriginOfWineCode:HU_MATRA;OriginOfWineCode;HU_MATRA;Hungary - Matra;Hungary - Matra;Hongrie - Matra;;;;;;;;;NEW;CURRENT;1;;;;;;;;;;;;;
urn:gs1:gdd:cl:OriginOfWineCode:HU_MOR;OriginOfWineCode;HU_MOR;Hungary - Mor;Hungary - Mor;Hongrie - Mor;;;;;;;;;NEW;CURRENT;1;;;;;;;;;;;;;
urn:gs1:gdd:cl:OriginOfWineCode:HU_NAGY-SOMLO;OriginOfWineCode;HU_NAGY-SOMLO;Hungary - Nagy-Somlo;Hungary - Nagy-Somlo;Hongrie - Nagy-Somlo;;;;;;;;;NEW;CURRENT;1;;;;;;;;;;;;;
urn:gs1:gdd:cl:OriginOfWineCode:HU_PANNONHALMA;OriginOfWineCode;HU_PANNONHALMA;Hungary - Pannonhalma;Hungary - Pannonhalma;Hongrie - Pannonhalma;;;;;;;;;NEW;CURRENT;1;;;;;;;;;;;;;
urn:gs1:gdd:cl:OriginOfWineCode:HU_PECS;OriginOfWineCode;HU_PECS;Hungary - Pecs;Hungary - Pecs;Hongrie - Pecs;;;;;;;;;NEW;CURRENT;1;;;;;;;;;;;;;
urn:gs1:gdd:cl:OriginOfWineCode:HU_SOPRON;OriginOfWineCode;HU_SOPRON;Hungary - Sopron;Hungary - Sopron;Hongrie - Sopron;;;;;;;;;NEW;CURRENT;1;;;;;;;;;;;;;
urn:gs1:gdd:cl:OriginOfWineCode:HU_SZEKSZARD;OriginOfWineCode;HU_SZEKSZARD;Hungary - Szekszard;Hungary - Szekszard;Hongrie - Szekszard;;;;;;;;;NEW;CURRENT;1;;;;;;;;;;;;;
urn:gs1:gdd:cl:OriginOfWineCode:HU_TOKAJ;OriginOfWineCode;HU_TOKAJ;Hungary - Tokaj;Hungary - Tokaj;Hongrie - Tokaj;;;;;;;;;NEW;CURRENT;1;;;;;;;;;;;;;
urn:gs1:gdd:cl:OriginOfWineCode:HU_TOLNA;OriginOfWineCode;HU_TOLNA;Hungary - Tolna;Hungary - Tolna;Hongrie - Tolna;;;;;;;;;NEW;CURRENT;1;;;;;;;;;;;;;
urn:gs1:gdd:cl:OriginOfWineCode:HU_UNCLASSIFIED;OriginOfWineCode;HU_UNCLASSIFIED;Hungary - Unclassified;Hungary - Unclassified;Hongrie - Non classé;;;;;;;;;NEW;CURRENT;1;;;;;;;;;;;;;
urn:gs1:gdd:cl:OriginOfWineCode:HU_VILLANY;OriginOfWineCode;HU_VILLANY;Hungary - Villany;Hungary - Villany;Hongrie - Villany;;;;;;;;;NEW;CURRENT;1;;;;;;;;;;;;;
urn:gs1:gdd:cl:OriginOfWineCode:HU_ZALA;OriginOfWineCode;HU_ZALA;Hungary - Zala;Hungary - Zala;Hongrie - Zala;;;;;;;;;NEW;CURRENT;1;;;;;;;;;;;;;
urn:gs1:gdd:cl:OriginOfWineCode:IE_UNCLASSIFIED;OriginOfWineCode;IE_UNCLASSIFIED;Ireland - Unclassified;Ireland - Unclassified;Irlande - Non classé;;;;;;;;;NEW;CURRENT;1;;;;;;;;;;;;;
urn:gs1:gdd:cl:OriginOfWineCode:IL_ELAH VALLEY;OriginOfWineCode;IL_ELAH VALLEY;Israel - Elah Valley;Israel - Elah Valley;Israël - Vallée d'Éla;;;;;;;;;NEW;CURRENT;1;;;;;;;;;;;;;
urn:gs1:gdd:cl:OriginOfWineCode:IL_GALILEE;OriginOfWineCode;IL_GALILEE;Israel - Galilee;Israel - Galilee;Israël - Galilée;;;;;;;;;NEW;CURRENT;1;;;;;;;;;;;;;
urn:gs1:gdd:cl:OriginOfWineCode:IL_GOLAN HEIGHTS;OriginOfWineCode;IL_GOLAN HEIGHTS;Israel - Golan Heights;Israel - Golan Heights;Israël - Plateau du Golan;;;;;;;;;NEW;CURRENT;1;;;;;;;;;;;;;
urn:gs1:gdd:cl:OriginOfWineCode:IL_JUDEAN HILLS;OriginOfWineCode;IL_JUDEAN HILLS;Israel - Judean Hills;Israel - Judean Hills;Israël - Collines de Judée;;;;;;;;;NEW;CURRENT;1;;;;;;;;;;;;;
urn:gs1:gdd:cl:OriginOfWineCode:IL_SAMSON;OriginOfWineCode;IL_SAMSON;Israel - Samson;Israel - Samson;Israël - Samson;;;;;;;;;NEW;CURRENT;1;;;;;;;;;;;;;
urn:gs1:gdd:cl:OriginOfWineCode:IT_ABRUZZO;OriginOfWineCode;IT_ABRUZZO;Italy - Abruzzo;Italy - Abruzzo;Italie - Abruzzes;;;;;;;;;NEW;CURRENT;1;;;;;;;;;;;;;
urn:gs1:gdd:cl:OriginOfWineCode:IT_ABRUZZO_MONTEPULCIANO D'ABRUZZO;OriginOfWineCode;IT_ABRUZZO_MONTEPULCIANO D'ABRUZZO;Italy - Abruzzo - Montepulciano D'Abruzzo;Italy - Abruzzo - Montepulciano D'Abruzzo;Italie - Abruzzes - Montepulciano D'Abruzzo;;;;;;;;;NEW;CURRENT;1;;;;;;;;;;;;;
urn:gs1:gdd:cl:OriginOfWineCode:IT_ALTO ADIGE/TRENTINO;OriginOfWineCode;IT_ALTO ADIGE/TRENTINO;Italy - Alto Adige/Trentino;Italy - Alto Adige/Trentino;Italie - Haut-Adige/Trentin;;;;;;;;;NEW;CURRENT;1;;;;;;;;;;;;;
urn:gs1:gdd:cl:OriginOfWineCode:IT_ALTO ADIGE/TRENTINO_VALDADIGE;OriginOfWineCode;IT_ALTO ADIGE/TRENTINO_VALDADIGE;Italy - Alto Adige/Trentino - Valdadige;Italy - Alto Adige/Trentino - Valdadige;Italie - Haut Adige/Trentin - Valdadige;;;;;;;;;NEW;CURRENT;1;;;;;;;;;;;;;
urn:gs1:gdd:cl:OriginOfWineCode:IT_BASILICATA;OriginOfWineCode;IT_BASILICATA;Italy - Basilicata;Italy - Basilicata;Italie - Basilicate;;;;;;;;;NEW;CURRENT;1;;;;;;;;;;;;;
urn:gs1:gdd:cl:OriginOfWineCode:IT_BASILICATA_AGLIANICO DEL VULTURE;OriginOfWineCode;IT_BASILICATA_AGLIANICO DEL VULTURE;Italy - Basilicata - Aglianico Del Vulture;Italy - Basilicata - Aglianico Del Vulture;Italie - Basilicate - Aglianico Del Vulture;;;;;;;;;NEW;CURRENT;1;;;;;;;;;;;;;
urn:gs1:gdd:cl:OriginOfWineCode:IT_CALABRIA;OriginOfWineCode;IT_CALABRIA;Italy - Calabria;Italy - Calabria;Italie - Calabre;;;;;;;;;NEW;CURRENT;1;;;;;;;;;;;;;
urn:gs1:gdd:cl:OriginOfWineCode:IT_CAMPANIA;OriginOfWineCode;IT_CAMPANIA;Italy - Campania;Italy - Campania;Italie - Campanie;;;;;;;;;NEW;CURRENT;1;;;;;;;;;;;;;
urn:gs1:gdd:cl:OriginOfWineCode:IT_CAMPANIA_AGLIANICO DEL TABURNO;OriginOfWineCode;IT_CAMPANIA_AGLIANICO DEL TABURNO;Italy - Campania - Aglianico Del Taburno;Italy - Campania - Aglianico Del Taburno;Italie - Campanie - Aglianico Del Taburno;;;;;;;;;NEW;CURRENT;1;;;;;;;;;;;;;
urn:gs1:gdd:cl:OriginOfWineCode:IT_CAMPANIA_AGLIANICO DELLA CAMPANIA;OriginOfWineCode;IT_CAMPANIA_AGLIANICO DELLA CAMPANIA;Italy - Campania - Aglianico Della Campania;Italy - Campania - Aglianico Della Campania;Italie - Campanie - Aglianico Della Campania;;;;;;;;;NEW;CURRENT;1;;;;;;;;;;;;;
urn:gs1:gdd:cl:OriginOfWineCode:IT_CAMPANIA_COSTA D'AMALFI;OriginOfWineCode;IT_CAMPANIA_COSTA D'AMALFI;Italy - Campania - Costa D'Amalfi;Italy - Campania - Costa D'Amalfi;Italie - Campanie - Costa D'Amalfi;;;;;;;;;NEW;CURRENT;1;;;;;;;;;;;;;
urn:gs1:gdd:cl:OriginOfWineCode:IT_CAMPANIA_FALERNO DEL MASSICO;OriginOfWineCode;IT_CAMPANIA_FALERNO DEL MASSICO;Italy - Campania - Falerno Del Massico;Italy - Campania - Falerno Del Massico;Italie - Campanie - Falerno Del Massico;;;;;;;;;NEW;CURRENT;1;;;;;;;;;;;;;
urn:gs1:gdd:cl:OriginOfWineCode:IT_CAMPANIA_TABURNO FALANGHINA;OriginOfWineCode;IT_CAMPANIA_TABURNO FALANGHINA;Italy - Campania - Taburno Falanghina;Italy - Campania - Taburno Falanghina;Italie - Campanie - Taburno Falanghina;;;;;;;;;NEW;CURRENT;1;;;;;;;;;;;;;
urn:gs1:gdd:cl:OriginOfWineCode:IT_CAMPANIA_TAURASI;OriginOfWineCode;IT_CAMPANIA_TAURASI;Italy - Campania - Taurasi;Italy - Campania - Taurasi;Italie - Campanie - Taurasi;;;;;;;;;NEW;CURRENT;1;;;;;;;;;;;;;
urn:gs1:gdd:cl:OriginOfWineCode:IT_CAMPANIA_VESUVIO;OriginOfWineCode;IT_CAMPANIA_VESUVIO;Italy - Campania - Vesuvio;Italy - Campania - Vesuvio;Italie - Campanie - Vésuve;;;;;;;;;NEW;CURRENT;1;;;;;;;;;;;;;
urn:gs1:gdd:cl:OriginOfWineCode:IT_ELBA;OriginOfWineCode;IT_ELBA;Italy - Elba;Italy - Elba;Italie - Elbe;;;;;;;;;NEW;CURRENT;1;;;;;;;;;;;;;
urn:gs1:gdd:cl:OriginOfWineCode:IT_EMILIA_ROMAGNA;OriginOfWineCode;IT_EMILIA_ROMAGNA;Italy - Emilia - Romagna;Italy - Emilia - Romagna;Italie - Émilie-Romagne;;;;;;;;;NEW;CURRENT;1;;;;;;;;;;;;;
urn:gs1:gdd:cl:OriginOfWineCode:IT_EMILIA_ROMAGNA_SANGIOVESE DI ROMAGNA;OriginOfWineCode;IT_EMILIA_ROMAGNA_SANGIOVESE DI ROMAGNA;Italy - Emilia - Romagna - Sangiovese Di Romagna;Italy - Emilia - Romagna - Sangiovese Di Romagna;Italie - Émilie - Romagne - Sangiovese Di Romagna;;;;;;;;;NEW;CURRENT;1;;;;;;;;;;;;;
urn:gs1:gdd:cl:OriginOfWineCode:IT_FRIULI;OriginOfWineCode;IT_FRIULI;Italy - Friuli;Italy - Friuli;Italie - Frioul;;;;;;;;;NEW;CURRENT;1;;;;;;;;;;;;;
urn:gs1:gdd:cl:OriginOfWineCode:IT_FRIULI_COLLI ORIENTALI DEL FRIULI;OriginOfWineCode;IT_FRIULI_COLLI ORIENTALI DEL FRIULI;Italy - Friuli - Colli Orientali Del Friuli;Italy - Friuli - Colli Orientali Del Friuli;Italie - Frioul - Colli Orientali Del Friuli;;;;;;;;;NEW;CURRENT;1;;;;;;;;;;;;;
urn:gs1:gdd:cl:OriginOfWineCode:IT_FRIULI_COLLIO;OriginOfWineCode;IT_FRIULI_COLLIO;Italy - Friuli - Collio;Italy - Friuli - Collio;Italie - Frioul - Collio;;;;;;;;;NEW;CURRENT;1;;;;;;;;;;;;;
urn:gs1:gdd:cl:OriginOfWineCode:IT_FRIULI_GRAVE DEL FRIULI;OriginOfWineCode;IT_FRIULI_GRAVE DEL FRIULI;Italy - Friuli - Grave Del Friuli;Italy - Friuli - Grave Del Friuli;Italie - Frioul - Grave Del Friuli;;;;;;;;;NEW;CURRENT;1;;;;;;;;;;;;;
urn:gs1:gdd:cl:OriginOfWineCode:IT_FRIULI_ISONZO DEL FRIULI;OriginOfWineCode;IT_FRIULI_ISONZO DEL FRIULI;Italy - Friuli - Isonzo Del Friuli;Italy - Friuli - Isonzo Del Friuli;Italie - Frioul - Isonzo Del Friuli;;;;;;;;;NEW;CURRENT;1;;;;;;;;;;;;;
urn:gs1:gdd:cl:OriginOfWineCode:IT_LAZIO;OriginOfWineCode;IT_LAZIO;Italy - Lazio;Italy - Lazio;Italie - Lazio;;;;;;;;;NEW;CURRENT;1;;;;;;;;;;;;;
urn:gs1:gdd:cl:OriginOfWineCode:IT_LIGURIA;OriginOfWineCode;IT_LIGURIA;Italy - Liguria;Italy - Liguria;Italie - Ligurie;;;;;;;;;NEW;CURRENT;1;;;;;;;;;;;;;
urn:gs1:gdd:cl:OriginOfWineCode:IT_LIGURIA_PORNASSIO;OriginOfWineCode;IT_LIGURIA_PORNASSIO;Italy - Liguria - Pornassio;Italy - Liguria - Pornassio;Italie - Ligurie - Pornassio;;;;;;;;;NEW;CURRENT;1;;;;;;;;;;;;;
urn:gs1:gdd:cl:OriginOfWineCode:IT_LIGURIA_RIVIERA LIGURE DI PONENTE;OriginOfWineCode;IT_LIGURIA_RIVIERA LIGURE DI PONENTE;Italy - Liguria - Riviera Ligure Di Ponente;Italy - Liguria - Riviera Ligure Di Ponente;Italie - Ligurie - Riviera Ligure Di Ponente;;;;;;;;;NEW;CURRENT;1;;;;;;;;;;;;;
urn:gs1:gdd:cl:OriginOfWineCode:IT_LOMBARDY;OriginOfWineCode;IT_LOMBARDY;Italy - Lombardy;Italy - Lombardy;Italie - Lombardie;;;;;;;;;NEW;CURRENT;1;;;;;;;;;;;;;
urn:gs1:gdd:cl:OriginOfWineCode:IT_LOMBARDY_LUGANA;OriginOfWineCode;IT_LOMBARDY_LUGANA;Italy - Lombardy - Lugana;Italy - Lombardy - Lugana;Italie - Lombardie - Lugana;;;;;;;;;NEW;CURRENT;1;;;;;;;;;;;;;
urn:gs1:gdd:cl:OriginOfWineCode:IT_LOMBARDY_SFORZATO DI VALTELLINA;OriginOfWineCode;IT_LOMBARDY_SFORZATO DI VALTELLINA;Italy - Lombardy - Sforzato Di Valtellina;Italy - Lombardy - Sforzato Di Valtellina;Italie - Lombardie - Sforzato Di Valtellina;;;;;;;;;NEW;CURRENT;1;;;;;;;;;;;;;
urn:gs1:gdd:cl:OriginOfWineCode:IT_MARCHE_ESINO ROSSO;OriginOfWineCode;IT_MARCHE_ESINO ROSSO;Italy - Marche - Esino Rosso;Italy - Marche - Esino Rosso;Italie - Marches - Esino Rosso;;;;;;;;;NEW;CURRENT;1;;;;;;;;;;;;;
urn:gs1:gdd:cl:OriginOfWineCode:IT_MARCHE_ROSSO PICENO;OriginOfWineCode;IT_MARCHE_ROSSO PICENO;Italy - Marche - Rosso Piceno;Italy - Marche - Rosso Piceno;Italie - Marches - Rosso Piceno;;;;;;;;;NEW;CURRENT;1;;;;;;;;;;;;;
urn:gs1:gdd:cl:OriginOfWineCode:IT_MARCHE_VERDICCHIO DEI CASTELLI DI JESI;OriginOfWineCode;IT_MARCHE_VERDICCHIO DEI CASTELLI DI JESI;Italy - Marche - Verdicchio Dei Castelli Di Jesi;Italy - Marche - Verdicchio Dei Castelli Di Jesi;Italie - Marches - Verdicchio Dei Castelli Di Jesi;;;;;;;;;NEW;CURRENT;1;;;;;;;;;;;;;
urn:gs1:gdd:cl:OriginOfWineCode:IT_MARSALA;OriginOfWineCode;IT_MARSALA;Italy - Marsala;Italy - Marsala;Italie - Marsala;;;;;;;;;NEW;CURRENT;1;;;;;;;;;;;;;
urn:gs1:gdd:cl:OriginOfWineCode:IT_MOLISE;OriginOfWineCode;IT_MOLISE;Italy - Molise;Italy - Molise;Italie - Molise;;;;;;;;;NEW;CURRENT;1;;;;;;;;;;;;;
urn:gs1:gdd:cl:OriginOfWineCode:IT_MOLISE_TINTILIA DEL MOLISE;OriginOfWineCode;IT_MOLISE_TINTILIA DEL MOLISE;Italy - Molise - Tintilia Del Molise;Italy - Molise - Tintilia Del Molise;Italie - Molise - Tintilia Del Molise;;;;;;;;;NEW;CURRENT;1;;;;;;;;;;;;;
urn:gs1:gdd:cl:OriginOfWineCode:IT_PIEDMONT;OriginOfWineCode;IT_PIEDMONT;Italy - Piedmont;Italy - Piedmont;Italie - Piémont;;;;;;;;;NEW;CURRENT;1;;;;;;;;;;;;;
urn:gs1:gdd:cl:OriginOfWineCode:IT_PIEDMONT_BARBARESCO;OriginOfWineCode;IT_PIEDMONT_BARBARESCO;Italy - Piedmont - Barbaresco;Italy - Piedmont - Barbaresco;Italie - Piémont - Barbaresco;;;;;;;;;NEW;CURRENT;1;;;;;;;;;;;;;
urn:gs1:gdd:cl:OriginOfWineCode:IT_PIEDMONT_BARBERA D'ALBA;OriginOfWineCode;IT_PIEDMONT_BARBERA D'ALBA;Italy - Piedmont - Barbera D'Alba;Italy - Piedmont - Barbera D'Alba;Italie - Piémont - Barbera D'Alba;;;;;;;;;NEW;CURRENT;1;;;;;;;;;;;;;
urn:gs1:gdd:cl:OriginOfWineCode:IT_PIEDMONT_BARBERA D'ASTI;OriginOfWineCode;IT_PIEDMONT_BARBERA D'ASTI;Italy - Piedmont - Barbera D'Asti;Italy - Piedmont - Barbera D'Asti;Italie - Piémont - Barbera D'Asti;;;;;;;;;NEW;CURRENT;1;;;;;;;;;;;;;
urn:gs1:gdd:cl:OriginOfWineCode:IT_PIEDMONT_BARBERA DEL MONFERRATO;OriginOfWineCode;IT_PIEDMONT_BARBERA DEL MONFERRATO;Italy - Piedmont - Barbera Del Monferrato;Italy - Piedmont - Barbera Del Monferrato;Italie - Piémont - Barbera Del Monferrato;;;;;;;;;NEW;CURRENT;1;;;;;;;;;;;;;
urn:gs1:gdd:cl:OriginOfWineCode:IT_PIEDMONT_BAROLO;OriginOfWineCode;IT_PIEDMONT_BAROLO;Italy - Piedmont - Barolo;Italy - Piedmont - Barolo;Italie - Piémont - Barolo;;;;;;;;;NEW;CURRENT;1;;;;;;;;;;;;;
urn:gs1:gdd:cl:OriginOfWineCode:IT_PIEDMONT_DOLCETTO D'ACQUI;OriginOfWineCode;IT_PIEDMONT_DOLCETTO D'ACQUI;Italy - Piedmont - Dolcetto D'Acqui;Italy - Piedmont - Dolcetto D'Acqui;Italie - Piémont - Dolcetto D'Acqui;;;;;;;;;NEW;CURRENT;1;;;;;;;;;;;;;
urn:gs1:gdd:cl:OriginOfWineCode:IT_PIEDMONT_DOLCETTO D'ALBA;OriginOfWineCode;IT_PIEDMONT_DOLCETTO D'ALBA;Italy - Piedmont - Dolcetto D'Alba;Italy - Piedmont - Dolcetto D'Alba;Italie - Piémont - Dolcetto D'Alba;;;;;;;;;NEW;CURRENT;1;;;;;;;;;;;;;
urn:gs1:gdd:cl:OriginOfWineCode:IT_PIEDMONT_DOLCETTO DI DOGLIANI;OriginOfWineCode;IT_PIEDMONT_DOLCETTO DI DOGLIANI;Italy - Piedmont - Dolcetto Di Dogliani;Italy - Piedmont - Dolcetto Di Dogliani;Italie - Piémont - Dolcetto Di Dogliani;;;;;;;;;NEW;CURRENT;1;;;;;;;;;;;;;
urn:gs1:gdd:cl:OriginOfWineCode:IT_PIEDMONT_LANGHE;OriginOfWineCode;IT_PIEDMONT_LANGHE;Italy - Piedmont - Langhe;Italy - Piedmont - Langhe;Italie - Piémont - Langhe;;;;;;;;;NEW;CURRENT;1;;;;;;;;;;;;;
urn:gs1:gdd:cl:OriginOfWineCode:IT_PIEDMONT_MONFERRATO;OriginOfWineCode;IT_PIEDMONT_MONFERRATO;Italy - Piedmont - Monferrato;Italy - Piedmont - Monferrato;Italie - Piémont - Monferrato;;;;;;;;;NEW;CURRENT;1;;;;;;;;;;;;;
urn:gs1:gdd:cl:OriginOfWineCode:IT_PUGLIA;OriginOfWineCode;IT_PUGLIA;Italy - Puglia;Italy - Puglia;Italie - Pouilles;;;;;;;;;NEW;CURRENT;1;;;;;;;;;;;;;
urn:gs1:gdd:cl:OriginOfWineCode:IT_SARDINIA;OriginOfWineCode;IT_SARDINIA;Italy - Sardinia;Italy - Sardinia;Italie - Sardaigne;;;;;;;;;NEW;CURRENT;1;;;;;;;;;;;;;
urn:gs1:gdd:cl:OriginOfWineCode:IT_SARDINIA_ALGHERO;OriginOfWineCode;IT_SARDINIA_ALGHERO;Italy - Sardinia - Alghero;Italy - Sardinia - Alghero;Italie - Sardaigne - Alghero;;;;;;;;;NEW;CURRENT;1;;;;;;;;;;;;;
urn:gs1:gdd:cl:OriginOfWineCode:IT_SARDINIA_VERMONT;OriginOfWineCode;IT_SARDINIA_VERMONT;Italy - Sardinia - Vermont;Italy - Sardinia - Vermont;Italie - Sardaigne - Vermont;;;;;;;;;NEW;CURRENT;1;;;;;;;;;;;;;
urn:gs1:gdd:cl:OriginOfWineCode:IT_SICILY;OriginOfWineCode;IT_SICILY;Italy - Sicily;Italy - Sicily;Italie - Sicile;;;;;;;;;NEW;CURRENT;1;;;;;;;;;;;;;
urn:gs1:gdd:cl:OriginOfWineCode:IT_SICILY_ALCAMO;OriginOfWineCode;IT_SICILY_ALCAMO;Italy - Sicily - Alcamo;Italy - Sicily - Alcamo;Italie - Sicile - Alcamo;;;;;;;;;NEW;CURRENT;1;;;;;;;;;;;;;
urn:gs1:gdd:cl:OriginOfWineCode:IT_SICILY_ETNA;OriginOfWineCode;IT_SICILY_ETNA;Italy - Sicily - Etna;Italy - Sicily - Etna;Italie - Sicile - Etna;;;;;;;;;NEW;CURRENT;1;;;;;;;;;;;;;
urn:gs1:gdd:cl:OriginOfWineCode:IT_SICILY_MARSALA;OriginOfWineCode;IT_SICILY_MARSALA;Italy - Sicily - Marsala;Italy - Sicily - Marsala;Italie - Sicile - Marsala;;;;;;;;;NEW;CURRENT;1;;;;;;;;;;;;;
urn:gs1:gdd:cl:OriginOfWineCode:IT_TRENTINO_ALTO ADIGE;OriginOfWineCode;IT_TRENTINO_ALTO ADIGE;Italy - Trentino- Alto Adige;Italy - Trentino- Alto Adige;Italie - Trentin-Haut-Adige;;;;;;;;;NEW;CURRENT;1;;;;;;;;;;;;;
urn:gs1:gdd:cl:OriginOfWineCode:IT_TRENTINO_ALTO ADIGE_SÜDTIROL/ALTO ADIGE;OriginOfWineCode;IT_TRENTINO_ALTO ADIGE_SÜDTIROL/ALTO ADIGE;Italy - Trentino- Alto Adige - Südtirol/Alto Adige;Italy - Trentino- Alto Adige - Südtirol/Alto Adige;Italie - Trentin - Haut Adige - Tyrol du Sud/Haut Adige;;;;;;;;;NEW;CURRENT;1;;;;;;;;;;;;;
urn:gs1:gdd:cl:OriginOfWineCode:IT_TRENTINO_ALTO ADIGE_TRENTINO;OriginOfWineCode;IT_TRENTINO_ALTO ADIGE_TRENTINO;Italy - Trentino- Alto Adige - Trentino;Italy - Trentino- Alto Adige - Trentino;Italie - Trentin - Haut Adige - Trentin;;;;;;;;;NEW;CURRENT;1;;;;;;;;;;;;;
urn:gs1:gdd:cl:OriginOfWineCode:IT_TUSCANY;OriginOfWineCode;IT_TUSCANY;Italy - Tuscany;Italy - Tuscany;Italie - Toscane;;;;;;;;;NEW;CURRENT;1;;;;;;;;;;;;;
urn:gs1:gdd:cl:OriginOfWineCode:IT_TUSCANY_BOLGHERI;OriginOfWineCode;IT_TUSCANY_BOLGHERI;Italy - Tuscany - Bolgheri;Italy - Tuscany - Bolgheri;Italie - Toscane - Bolgheri;;;;;;;;;NEW;CURRENT;1;;;;;;;;;;;;;
urn:gs1:gdd:cl:OriginOfWineCode:IT_TUSCANY_BOLGHERI SUPERIORE;OriginOfWineCode;IT_TUSCANY_BOLGHERI SUPERIORE;Italy - Tuscany - Bolgheri Superiore;Italy - Tuscany - Bolgheri Superiore;Italie - Toscane - Bolgheri Superiore;;;;;;;;;NEW;CURRENT;1;;;;;;;;;;;;;
urn:gs1:gdd:cl:OriginOfWineCode:IT_TUSCANY_BOLGHERI_SASSICAIA;OriginOfWineCode;IT_TUSCANY_BOLGHERI_SASSICAIA;Italy - Tuscany - Bolgheri - Sassicaia;Italy - Tuscany - Bolgheri - Sassicaia;Italie - Toscane - Bolgheri - Sassicaia;;;;;;;;;NEW;CURRENT;1;;;;;;;;;;;;;
urn:gs1:gdd:cl:OriginOfWineCode:IT_TUSCANY_BRUNELLO DI MONTALCINO;OriginOfWineCode;IT_TUSCANY_BRUNELLO DI MONTALCINO;Italy - Tuscany - Brunello Di Montalcino;Italy - Tuscany - Brunello Di Montalcino;Italie - Toscane - Brunello Di Montalcino;;;;;;;;;NEW;CURRENT;1;;;;;;;;;;;;;
urn:gs1:gdd:cl:OriginOfWineCode:IT_TUSCANY_CARMIGNANO;OriginOfWineCode;IT_TUSCANY_CARMIGNANO;Italy - Tuscany - Carmignano;Italy - Tuscany - Carmignano;Italie - Toscane - Carmignano;;;;;;;;;NEW;CURRENT;1;;;;;;;;;;;;;
urn:gs1:gdd:cl:OriginOfWineCode:IT_TUSCANY_CHIANTI;OriginOfWineCode;IT_TUSCANY_CHIANTI;Italy - Tuscany - Chianti;Italy - Tuscany - Chianti;Italie - Toscane - Chianti;;;;;;;;;NEW;CURRENT;1;;;;;;;;;;;;;
urn:gs1:gdd:cl:OriginOfWineCode:IT_TUSCANY_CHIANTI CLASSICO;OriginOfWineCode;IT_TUSCANY_CHIANTI CLASSICO;Italy - Tuscany - Chianti Classico;Italy - Tuscany - Chianti Classico;Italie - Toscane - Chianti Classico;;;;;;;;;NEW;CURRENT;1;;;;;;;;;;;;;
urn:gs1:gdd:cl:OriginOfWineCode:IT_TUSCANY_CHIANTI RUFINA;OriginOfWineCode;IT_TUSCANY_CHIANTI RUFINA;Italy - Tuscany - Chianti Rufina;Italy - Tuscany - Chianti Rufina;Italie - Toscane - Chianti Rufina;;;;;;;;;NEW;CURRENT;1;;;;;;;;;;;;;
urn:gs1:gdd:cl:OriginOfWineCode:IT_TUSCANY_CORTONA;OriginOfWineCode;IT_TUSCANY_CORTONA;Italy - Tuscany - Cortona;Italy - Tuscany - Cortona;Italie - Toscane - Cortone;;;;;;;;;NEW;CURRENT;1;;;;;;;;;;;;;
urn:gs1:gdd:cl:OriginOfWineCode:IT_TUSCANY_MAREMMA;OriginOfWineCode;IT_TUSCANY_MAREMMA;Italy - Tuscany - Maremma;Italy - Tuscany - Maremma;Italie - Toscane - Maremme;;;;;;;;;NEW;CURRENT;1;;;;;;;;;;;;;
urn:gs1:gdd:cl:OriginOfWineCode:IT_TUSCANY_MONTALCINO;OriginOfWineCode;IT_TUSCANY_MONTALCINO;Italy - Tuscany - Montalcino;Italy - Tuscany - Montalcino;Italie - Toscane - Montalcino;;;;;;;;;NEW;CURRENT;1;;;;;;;;;;;;;
urn:gs1:gdd:cl:OriginOfWineCode:IT_TUSCANY_MONTECUCCO;OriginOfWineCode;IT_TUSCANY_MONTECUCCO;Italy - Tuscany - Montecucco;Italy - Tuscany - Montecucco;Italie - Toscane - Montecucco;;;;;;;;;NEW;CURRENT;1;;;;;;;;;;;;;
urn:gs1:gdd:cl:OriginOfWineCode:IT_TUSCANY_MONTESCUDAIO;OriginOfWineCode;IT_TUSCANY_MONTESCUDAIO;Italy - Tuscany - Montescudaio;Italy - Tuscany - Montescudaio;Italie - Toscane - Montescudaio;;;;;;;;;NEW;CURRENT;1;;;;;;;;;;;;;
urn:gs1:gdd:cl:OriginOfWineCode:IT_TUSCANY_SANT'ANTIMO;OriginOfWineCode;IT_TUSCANY_SANT'ANTIMO;Italy - Tuscany - Sant'Antimo;Italy - Tuscany - Sant'Antimo;Italie - Toscane - Sant'Antimo;;;;;;;;;NEW;CURRENT;1;;;;;;;;;;;;;
urn:gs1:gdd:cl:OriginOfWineCode:IT_TUSCANY_VAL DI CORNIA;OriginOfWineCode;IT_TUSCANY_VAL DI CORNIA;Italy - Tuscany - Val Di Cornia;Italy - Tuscany - Val Di Cornia;Italie - Toscane - Val Di Cornia;;;;;;;;;NEW;CURRENT;1;;;;;;;;;;;;;
urn:gs1:gdd:cl:OriginOfWineCode:IT_TUSCANY_VINO NOBILE DE MONTEPULCIANO;OriginOfWineCode;IT_TUSCANY_VINO NOBILE DE MONTEPULCIANO;Italy - Tuscany - Vino Nobile De Montepulciano;Italy - Tuscany - Vino Nobile De Montepulciano;Italie - Toscane - Vino Nobile De Montepulciano;;;;;;;;;NEW;CURRENT;1;;;;;;;;;;;;;
urn:gs1:gdd:cl:OriginOfWineCode:IT_UMBRIA;OriginOfWineCode;IT_UMBRIA;Italy - Umbria;Italy - Umbria;Italie - Ombrie;;;;;;;;;NEW;CURRENT;1;;;;;;;;;;;;;
urn:gs1:gdd:cl:OriginOfWineCode:IT_UMBRIA_MONTEFALCO SAGRANTINO;OriginOfWineCode;IT_UMBRIA_MONTEFALCO SAGRANTINO;Italy - Umbria - Montefalco Sagrantino;Italy - Umbria - Montefalco Sagrantino;Italie - Ombrie - Montefalco Sagrantino;;;;;;;;;NEW;CURRENT;1;;;;;;;;;;;;;
urn:gs1:gdd:cl:OriginOfWineCode:IT_UMBRIA_TORRETTE;OriginOfWineCode;IT_UMBRIA_TORRETTE;Italy - Umbria - Torrette;Italy - Umbria - Torrette;Italie - Ombrie - Torrette;;;;;;;;;NEW;CURRENT;1;;;;;;;;;;;;;
urn:gs1:gdd:cl:OriginOfWineCode:IT_UNCLASSIFIED;OriginOfWineCode;IT_UNCLASSIFIED;Italy - Unclassified;Italy - Unclassified;Italie - Non classé;;;;;;;;;NEW;CURRENT;1;;;;;;;;;;;;;
urn:gs1:gdd:cl:OriginOfWineCode:IT_VALLE D’AOSTA;OriginOfWineCode;IT_VALLE D’AOSTA;Italy - Valle D’Aosta;Italy - Valle D’Aosta;Italie - Vallée d'Aoste;;;;;;;;;NEW;CURRENT;1;;;;;;;;;;;;;
urn:gs1:gdd:cl:OriginOfWineCode:IT_VENETO;OriginOfWineCode;IT_VENETO;Italy - Veneto;Italy - Veneto;Italie - Vénétie;;;;;;;;;NEW;CURRENT;1;;;;;;;;;;;;;
urn:gs1:gdd:cl:OriginOfWineCode:IT_VENETO_AMARONE;OriginOfWineCode;IT_VENETO_AMARONE;Italy - Veneto - Amarone;Italy - Veneto - Amarone;Italie - Vénétie - Amarone;;;;;;;;;NEW;CURRENT;1;;;;;;;;;;;;;
urn:gs1:gdd:cl:OriginOfWineCode:IT_VENETO_COLLI EUGANEI;OriginOfWineCode;IT_VENETO_COLLI EUGANEI;Italy - Veneto - Colli Euganei;Italy - Veneto - Colli Euganei;Italie - Vénétie - Colli Euganei;;;;;;;;;NEW;CURRENT;1;;;;;;;;;;;;;
urn:gs1:gdd:cl:OriginOfWineCode:IT_VENETO_PROSECCO;OriginOfWineCode;IT_VENETO_PROSECCO;Italy - Veneto - Prosecco;Italy - Veneto - Prosecco;Italie - Vénétie - Prosecco;;;;;;;;;NEW;CURRENT;1;;;;;;;;;;;;;
urn:gs1:gdd:cl:OriginOfWineCode:IT_VENETO_RECIOTO DI SOAVE;OriginOfWineCode;IT_VENETO_RECIOTO DI SOAVE;Italy - Veneto - Recioto Di Soave;Italy - Veneto - Recioto Di Soave;Italie - Vénétie - Recioto Di Soave;;;;;;;;;NEW;CURRENT;1;;;;;;;;;;;;;
urn:gs1:gdd:cl:OriginOfWineCode:IT_VENETO_RECIOTO DI SOAVE CLASSICO;OriginOfWineCode;IT_VENETO_RECIOTO DI SOAVE CLASSICO;Italy - Veneto - Recioto Di Soave Classico;Italy - Veneto - Recioto Di Soave Classico;Italie - Vénétie - Recioto Di Soave Classico;;;;;;;;;NEW;CURRENT;1;;;;;;;;;;;;;
urn:gs1:gdd:cl:OriginOfWineCode:IT_VENETO_SOAVE;OriginOfWineCode;IT_VENETO_SOAVE;Italy - Veneto - Soave;Italy - Veneto - Soave;Italie - Vénétie - Soave;;;;;;;;;NEW;CURRENT;1;;;;;;;;;;;;;
urn:gs1:gdd:cl:OriginOfWineCode:IT_VENETO_SOAVE CLASSICO SUPERIORE;OriginOfWineCode;IT_VENETO_SOAVE CLASSICO SUPERIORE;Italy - Veneto - Soave Classico Superiore;Italy - Veneto - Soave Classico Superiore;Italie - Vénétie - Soave Classico Superiore;;;;;;;;;NEW;CURRENT;1;;;;;;;;;;;;;
urn:gs1:gdd:cl:OriginOfWineCode:IT_VENETO_SOAVE COLLI SCALIGERI SUPERIORE;OriginOfWineCode;IT_VENETO_SOAVE COLLI SCALIGERI SUPERIORE;Italy - Veneto - Soave Colli Scaligeri Superiore;Italy - Veneto - Soave Colli Scaligeri Superiore;Italie - Vénétie - Soave Colli Scaligeri Superiore;;;;;;;;;NEW;CURRENT;1;;;;;;;;;;;;;
urn:gs1:gdd:cl:OriginOfWineCode:IT_VENETO_SOAVE SUPERIORE;OriginOfWineCode;IT_VENETO_SOAVE SUPERIORE;Italy - Veneto - Soave Superiore;Italy - Veneto - Soave Superiore;Italie - Vénétie - Soave Superiore;;;;;;;;;NEW;CURRENT;1;;;;;;;;;;;;;
urn:gs1:gdd:cl:OriginOfWineCode:IT_VENETO_TREVISO;OriginOfWineCode;IT_VENETO_TREVISO;Italy - Veneto - Treviso;Italy - Veneto - Treviso;Italie - Vénétie - Trévise;;;;;;;;;NEW;CURRENT;1;;;;;;;;;;;;;
urn:gs1:gdd:cl:OriginOfWineCode:IT_VENETO_VALDADIGE;OriginOfWineCode;IT_VENETO_VALDADIGE;Italy - Veneto - Valdadige;Italy - Veneto - Valdadige;Italie - Vénétie - Valdadige;;;;;;;;;NEW;CURRENT;1;;;;;;;;;;;;;
urn:gs1:gdd:cl:OriginOfWineCode:IT_VENETO_VALPOLICELLA;OriginOfWineCode;IT_VENETO_VALPOLICELLA;Italy - Veneto - Valpolicella;Italy - Veneto - Valpolicella;Italie - Vénétie - Valpolicella;;;;;;;;;NEW;CURRENT;1;;;;;;;;;;;;;
urn:gs1:gdd:cl:OriginOfWineCode:IT_VENEZIE;OriginOfWineCode;IT_VENEZIE;Italy - Venezie;Italy - Venezie;Italie - Venise;;;;;;;;;NEW;CURRENT;1;;;;;;;;;;;;;
urn:gs1:gdd:cl:OriginOfWineCode:JP_AICHI;OriginOfWineCode;JP_AICHI;Japan - Aichi;Japan - Aichi;Japon - Aichi;;;;;;;;;NEW;CURRENT;1;;;;;;;;;;;;;
urn:gs1:gdd:cl:OriginOfWineCode:JP_AKITA;OriginOfWineCode;JP_AKITA;Japan - Akita;Japan - Akita;Japon - Akita;;;;;;;;;NEW;CURRENT;1;;;;;;;;;;;;;
urn:gs1:gdd:cl:OriginOfWineCode:JP_AOMORI;OriginOfWineCode;JP_AOMORI;Japan - Aomori;Japan - Aomori;Japon - Aomori;;;;;;;;;NEW;CURRENT;1;;;;;;;;;;;;;
urn:gs1:gdd:cl:OriginOfWineCode:JP_CHIBA;OriginOfWineCode;JP_CHIBA;Japan - Chiba;Japan - Chiba;Japon - Chiba;;;;;;;;;NEW;CURRENT;1;;;;;;;;;;;;;
urn:gs1:gdd:cl:OriginOfWineCode:JP_EHIME;OriginOfWineCode;JP_EHIME;Japan - Ehime;Japan - Ehime;Japon - Ehime;;;;;;;;;NEW;CURRENT;1;;;;;;;;;;;;;
urn:gs1:gdd:cl:OriginOfWineCode:JP_FUKUI;OriginOfWineCode;JP_FUKUI;Japan - Fukui;Japan - Fukui;Japon - Fukui;;;;;;;;;NEW;CURRENT;1;;;;;;;;;;;;;
urn:gs1:gdd:cl:OriginOfWineCode:JP_FUKUOKA;OriginOfWineCode;JP_FUKUOKA;Japan - Fukuoka;Japan - Fukuoka;Japon - Fukuoka;;;;;;;;;NEW;CURRENT;1;;;;;;;;;;;;;
urn:gs1:gdd:cl:OriginOfWineCode:JP_FUKUSHIMA;OriginOfWineCode;JP_FUKUSHIMA;Japan - Fukushima;Japan - Fukushima;Japon - Fukushima;;;;;;;;;NEW;CURRENT;1;;;;;;;;;;;;;
urn:gs1:gdd:cl:OriginOfWineCode:JP_GIFU;OriginOfWineCode;JP_GIFU;Japan - Gifu;Japan - Gifu;Japon - Gifu;;;;;;;;;NEW;CURRENT;1;;;;;;;;;;;;;
urn:gs1:gdd:cl:OriginOfWineCode:JP_GUNMA;OriginOfWineCode;JP_GUNMA;Japan - Gunma;Japan - Gunma;Japon - Gunma;;;;;;;;;NEW;CURRENT;1;;;;;;;;;;;;;
urn:gs1:gdd:cl:OriginOfWineCode:JP_HIROSHIMA;OriginOfWineCode;JP_HIROSHIMA;Japan - Hiroshima;Japan - Hiroshima;Japon - Hiroshima;;;;;;;;;NEW;CURRENT;1;;;;;;;;;;;;;
urn:gs1:gdd:cl:OriginOfWineCode:JP_HOKKAIDO;OriginOfWineCode;JP_HOKKAIDO;Japan - Hokkaido;Japan - Hokkaido;Japon - Hokkaidō;;;;;;;;;NEW;CURRENT;1;;;;;;;;;;;;;
urn:gs1:gdd:cl:OriginOfWineCode:JP_HYOGO;OriginOfWineCode;JP_HYOGO;Japan - Hyogo;Japan - Hyogo;Japon - Hyogo;;;;;;;;;NEW;CURRENT;1;;;;;;;;;;;;;
urn:gs1:gdd:cl:OriginOfWineCode:JP_IBARAKI;OriginOfWineCode;JP_IBARAKI;Japan - Ibaraki;Japan - Ibaraki;Japon - Ibaraki;;;;;;;;;NEW;CURRENT;1;;;;;;;;;;;;;
urn:gs1:gdd:cl:OriginOfWineCode:JP_ISHIKAWA;OriginOfWineCode;JP_ISHIKAWA;Japan - Ishikawa;Japan - Ishikawa;Japon - Ishikawa;;;;;;;;;NEW;CURRENT;1;;;;;;;;;;;;;
urn:gs1:gdd:cl:OriginOfWineCode:JP_IWATE;OriginOfWineCode;JP_IWATE;Japan - Iwate;Japan - Iwate;Japon - Iwate;;;;;;;;;NEW;CURRENT;1;;;;;;;;;;;;;
urn:gs1:gdd:cl:OriginOfWineCode:JP_KAGAWA;OriginOfWineCode;JP_KAGAWA;Japan - Kagawa;Japan - Kagawa;Japon - Kagawa;;;;;;;;;NEW;CURRENT;1;;;;;;;;;;;;;
urn:gs1:gdd:cl:OriginOfWineCode:JP_KAGOSHIMA;OriginOfWineCode;JP_KAGOSHIMA;Japan - Kagoshima;Japan - Kagoshima;Japon - Kagoshima;;;;;;;;;NEW;CURRENT;1;;;;;;;;;;;;;
urn:gs1:gdd:cl:OriginOfWineCode:JP_KANAGAWA;OriginOfWineCode;JP_KANAGAWA;Japan - Kanagawa;Japan - Kanagawa;Japon - Kanagawa;;;;;;;;;NEW;CURRENT;1;;;;;;;;;;;;;
urn:gs1:gdd:cl:OriginOfWineCode:JP_KOCHI;OriginOfWineCode;JP_KOCHI;Japan - Kochi;Japan - Kochi;Japon - Kochi;;;;;;;;;NEW;CURRENT;1;;;;;;;;;;;;;
urn:gs1:gdd:cl:OriginOfWineCode:JP_KUMAMOTO;OriginOfWineCode;JP_KUMAMOTO;Japan - Kumamoto;Japan - Kumamoto;Japon - Kumamoto;;;;;;;;;NEW;CURRENT;1;;;;;;;;;;;;;
urn:gs1:gdd:cl:OriginOfWineCode:JP_KYOTO;OriginOfWineCode;JP_KYOTO;Japan - Kyoto;Japan - Kyoto;Japon - Kyoto;;;;;;;;;NEW;CURRENT;1;;;;;;;;;;;;;
urn:gs1:gdd:cl:OriginOfWineCode:JP_MIE;OriginOfWineCode;JP_MIE;Japan - Mie;Japan - Mie;Japon - Mie;;;;;;;;;NEW;CURRENT;1;;;;;;;;;;;;;
urn:gs1:gdd:cl:OriginOfWineCode:JP_MIYAGI;OriginOfWineCode;JP_MIYAGI;Japan - Miyagi;Japan - Miyagi;Japon - Miyagi;;;;;;;;;NEW;CURRENT;1;;;;;;;;;;;;;
urn:gs1:gdd:cl:OriginOfWineCode:JP_MIYAZAKI;OriginOfWineCode;JP_MIYAZAKI;Japan - Miyazaki;Japan - Miyazaki;Japon - Miyazaki;;;;;;;;;NEW;CURRENT;1;;;;;;;;;;;;;
urn:gs1:gdd:cl:OriginOfWineCode:JP_NAGANO;OriginOfWineCode;JP_NAGANO;Japan - Nagano;Japan - Nagano;Japon - Nagano;;;;;;;;;NEW;CURRENT;1;;;;;;;;;;;;;
urn:gs1:gdd:cl:OriginOfWineCode:JP_NAGASAKI;OriginOfWineCode;JP_NAGASAKI;Japan - Nagasaki;Japan - Nagasaki;Japon - Nagasaki;;;;;;;;;NEW;CURRENT;1;;;;;;;;;;;;;
urn:gs1:gdd:cl:OriginOfWineCode:JP_NARA;OriginOfWineCode;JP_NARA;Japan - Nara;Japan - Nara;Japon - Nara;;;;;;;;;NEW;CURRENT;1;;;;;;;;;;;;;
urn:gs1:gdd:cl:OriginOfWineCode:JP_NIIGATA;OriginOfWineCode;JP_NIIGATA;Japan - Niigata;Japan - Niigata;Japon - Niigata;;;;;;;;;NEW;CURRENT;1;;;;;;;;;;;;;
urn:gs1:gdd:cl:OriginOfWineCode:JP_OITA;OriginOfWineCode;JP_OITA;Japan - Oita;Japan - Oita;Japon - Oita;;;;;;;;;NEW;CURRENT;1;;;;;;;;;;;;;
urn:gs1:gdd:cl:OriginOfWineCode:JP_OKAYAMA;OriginOfWineCode;JP_OKAYAMA;Japan - Okayama;Japan - Okayama;Japon - Okayama;;;;;;;;;NEW;CURRENT;1;;;;;;;;;;;;;
urn:gs1:gdd:cl:OriginOfWineCode:JP_OKINAWA;OriginOfWineCode;JP_OKINAWA;Japan - Okinawa;Japan - Okinawa;Japon - Okinawa;;;;;;;;;NEW;CURRENT;1;;;;;;;;;;;;;
urn:gs1:gdd:cl:OriginOfWineCode:JP_OSAKA;OriginOfWineCode;JP_OSAKA;Japan - Osaka;Japan - Osaka;Japon - Osaka;;;;;;;;;NEW;CURRENT;1;;;;;;;;;;;;;
urn:gs1:gdd:cl:OriginOfWineCode:JP_SAGA;OriginOfWineCode;JP_SAGA;Japan - Saga;Japan - Saga;Japon - Saga;;;;;;;;;NEW;CURRENT;1;;;;;;;;;;;;;
urn:gs1:gdd:cl:OriginOfWineCode:JP_SAITAMA;OriginOfWineCode;JP_SAITAMA;Japan - Saitama;Japan - Saitama;Japon - Saitama;;;;;;;;;NEW;CURRENT;1;;;;;;;;;;;;;
urn:gs1:gdd:cl:OriginOfWineCode:JP_SHIGA;OriginOfWineCode;JP_SHIGA;Japan - Shiga;Japan - Shiga;Japon - Shiga;;;;;;;;;NEW;CURRENT;1;;;;;;;;;;;;;
urn:gs1:gdd:cl:OriginOfWineCode:JP_SHIMANE;OriginOfWineCode;JP_SHIMANE;Japan - Shimane;Japan - Shimane;Japon - Shimane;;;;;;;;;NEW;CURRENT;1;;;;;;;;;;;;;
urn:gs1:gdd:cl:OriginOfWineCode:JP_SHIZUOKA;OriginOfWineCode;JP_SHIZUOKA;Japan - Shizuoka;Japan - Shizuoka;Japon - Shizuoka;;;;;;;;;NEW;CURRENT;1;;;;;;;;;;;;;
urn:gs1:gdd:cl:OriginOfWineCode:JP_TOCHIGI;OriginOfWineCode;JP_TOCHIGI;Japan - Tochigi;Japan - Tochigi;Japon - Tochigi;;;;;;;;;NEW;CURRENT;1;;;;;;;;;;;;;
urn:gs1:gdd:cl:OriginOfWineCode:JP_TOKUSHIMA;OriginOfWineCode;JP_TOKUSHIMA;Japan - Tokushima;Japan - Tokushima;Japon - Tokushima;;;;;;;;;NEW;CURRENT;1;;;;;;;;;;;;;
urn:gs1:gdd:cl:OriginOfWineCode:JP_TOKYO;OriginOfWineCode;JP_TOKYO;Japan - Tokyo;Japan - Tokyo;Japon - Tokyo;;;;;;;;;NEW;CURRENT;1;;;;;;;;;;;;;
urn:gs1:gdd:cl:OriginOfWineCode:JP_TOTTORI;OriginOfWineCode;JP_TOTTORI;Japan - Tottori;Japan - Tottori;Japon - Tottori;;;;;;;;;NEW;CURRENT;1;;;;;;;;;;;;;
urn:gs1:gdd:cl:OriginOfWineCode:JP_TOYAMA;OriginOfWineCode;JP_TOYAMA;Japan - Toyama;Japan - Toyama;Japon - Toyama;;;;;;;;;NEW;CURRENT;1;;;;;;;;;;;;;
urn:gs1:gdd:cl:OriginOfWineCode:JP_UNCLASSIFIED;OriginOfWineCode;JP_UNCLASSIFIED;Japan - Unclassified;Japan - Unclassified;Japon - Non classé;;;;;;;;;NEW;CURRENT;1;;;;;;;;;;;;;
urn:gs1:gdd:cl:OriginOfWineCode:JP_WAKAYAMA;OriginOfWineCode;JP_WAKAYAMA;Japan - Wakayama;Japan - Wakayama;Japon - Wakayama;;;;;;;;;NEW;CURRENT;1;;;;;;;;;;;;;
urn:gs1:gdd:cl:OriginOfWineCode:JP_YAMAGATA;OriginOfWineCode;JP_YAMAGATA;Japan - Yamagata;Japan - Yamagata;Japon - Yamagata;;;;;;;;;NEW;CURRENT;1;;;;;;;;;;;;;
urn:gs1:gdd:cl:OriginOfWineCode:JP_YAMAGUCHI;OriginOfWineCode;JP_YAMAGUCHI;Japan - Yamaguchi;Japan - Yamaguchi;Japon - Yamaguchi;;;;;;;;;NEW;CURRENT;1;;;;;;;;;;;;;
urn:gs1:gdd:cl:OriginOfWineCode:JP_YAMANASHI;OriginOfWineCode;JP_YAMANASHI;Japan - Yamanashi;Japan - Yamanashi;Japon - Yamanashi;;;;;;;;;NEW;CURRENT;1;;;;;;;;;;;;;
urn:gs1:gdd:cl:OriginOfWineCode:LB_BEKAA VALLEY;OriginOfWineCode;LB_BEKAA VALLEY;Lebanon - Bekaa Valley;Lebanon - Bekaa Valley;Liban - Vallée de la Bekaa;;;;;;;;;NEW;CURRENT;1;;;;;;;;;;;;;
urn:gs1:gdd:cl:OriginOfWineCode:LB_UNCLASSIFIED;OriginOfWineCode;LB_UNCLASSIFIED;Lebanon - Unclassified;Lebanon - Unclassified;Liban - Non classé;;;;;;;;;NEW;CURRENT;1;;;;;;;;;;;;;
urn:gs1:gdd:cl:OriginOfWineCode:MD_UNCLASSIFIED;OriginOfWineCode;MD_UNCLASSIFIED;Moldova - Unclassified;Moldova - Unclassified;Moldavie - Non classé;;;;;;;;;NEW;CURRENT;1;;;;;;;;;;;;;
urn:gs1:gdd:cl:OriginOfWineCode:ME_UNCLASSIFIED;OriginOfWineCode;ME_UNCLASSIFIED;Montenegro - Unclassified;Montenegro - Unclassified;Monténégro - Non classé;;;;;;;;;NEW;CURRENT;1;;;;;;;;;;;;;
urn:gs1:gdd:cl:OriginOfWineCode:MK_SKOPJE;OriginOfWineCode;MK_SKOPJE;Macedonia - Skopje;Macedonia - Skopje;Macédoine - Skopje;;;;;;;;;NEW;CURRENT;1;;;;;;;;;;;;;
urn:gs1:gdd:cl:OriginOfWineCode:MK_TIKVES;OriginOfWineCode;MK_TIKVES;Macedonia - Tikves;Macedonia - Tikves;Macédoine - Tikves;;;;;;;;;NEW;CURRENT;1;;;;;;;;;;;;;
urn:gs1:gdd:cl:OriginOfWineCode:MK_UNCLASSIFIED;OriginOfWineCode;MK_UNCLASSIFIED;Macedonia - Unclassified;Macedonia - Unclassified;Macédoine - Non classé;;;;;;;;;NEW;CURRENT;1;;;;;;;;;;;;;
urn:gs1:gdd:cl:OriginOfWineCode:MX_BAJA CALIFORNIA;OriginOfWineCode;MX_BAJA CALIFORNIA;Mexico - Baja California;Mexico - Baja California;Mexique - Basse-Californie;;;;;;;;;NEW;CURRENT;1;;;;;;;;;;;;;
urn:gs1:gdd:cl:OriginOfWineCode:MX_DURANGO;OriginOfWineCode;MX_DURANGO;Mexico - Durango;Mexico - Durango;Mexique - Durango;;;;;;;;;NEW;CURRENT;1;;;;;;;;;;;;;
urn:gs1:gdd:cl:OriginOfWineCode:MX_GUANAJUATO;OriginOfWineCode;MX_GUANAJUATO;Mexico - Guanajuato;Mexico - Guanajuato;Mexique - Guanajuato;;;;;;;;;NEW;CURRENT;1;;;;;;;;;;;;;
urn:gs1:gdd:cl:OriginOfWineCode:MX_GUERRERO;OriginOfWineCode;MX_GUERRERO;Mexico - Guerrero;Mexico - Guerrero;Mexique - Guerrero;;;;;;;;;NEW;CURRENT;1;;;;;;;;;;;;;
urn:gs1:gdd:cl:OriginOfWineCode:MX_JALISCO;OriginOfWineCode;MX_JALISCO;Mexico - Jalisco;Mexico - Jalisco;Mexique - Jalisco;;;;;;;;;NEW;CURRENT;1;;;;;;;;;;;;;
urn:gs1:gdd:cl:OriginOfWineCode:MX_MICHOACÁN;OriginOfWineCode;MX_MICHOACÁN;Mexico - Michoacán;Mexico - Michoacán;Mexique - Michoacán;;;;;;;;;NEW;CURRENT;1;;;;;;;;;;;;;
urn:gs1:gdd:cl:OriginOfWineCode:MX_NAYARIT;OriginOfWineCode;MX_NAYARIT;Mexico - Nayarit;Mexico - Nayarit;Mexique - Nayarit;;;;;;;;;NEW;CURRENT;1;;;;;;;;;;;;;
urn:gs1:gdd:cl:OriginOfWineCode:MX_OAXACA;OriginOfWineCode;MX_OAXACA;Mexico - Oaxaca;Mexico - Oaxaca;Mexique - Oaxaca;;;;;;;;;NEW;CURRENT;1;;;;;;;;;;;;;
urn:gs1:gdd:cl:OriginOfWineCode:MX_PUEBLA;OriginOfWineCode;MX_PUEBLA;Mexico - Puebla;Mexico - Puebla;Mexique - Puebla;;;;;;;;;NEW;CURRENT;1;;;;;;;;;;;;;
urn:gs1:gdd:cl:OriginOfWineCode:MX_SAN LUIS POTOS;OriginOfWineCode;MX_SAN LUIS POTOS;Mexico - San Luis Potos;Mexico - San Luis Potos;Mexique - San Luis Potos;;;;;;;;;NEW;CURRENT;1;;;;;;;;;;;;;
urn:gs1:gdd:cl:OriginOfWineCode:MX_TAMAULIPAS;OriginOfWineCode;MX_TAMAULIPAS;Mexico - Tamaulipas;Mexico - Tamaulipas;Mexique - Tamaulipas;;;;;;;;;NEW;CURRENT;1;;;;;;;;;;;;;
urn:gs1:gdd:cl:OriginOfWineCode:MX_UNCLASSIFIED;OriginOfWineCode;MX_UNCLASSIFIED;Mexico - Unclassified;Mexico - Unclassified;Mexique - Non classé;;;;;;;;;NEW;CURRENT;1;;;;;;;;;;;;;
urn:gs1:gdd:cl:OriginOfWineCode:MX_ZACATECAS;OriginOfWineCode;MX_ZACATECAS;Mexico - Zacatecas;Mexico - Zacatecas;Mexique - Zacatecas;;;;;;;;;NEW;CURRENT;1;;;;;;;;;;;;;
urn:gs1:gdd:cl:OriginOfWineCode:NL_UNCLASSIFIED;OriginOfWineCode;NL_UNCLASSIFIED;Netherlands - Unclassified;Netherlands - Unclassified;Pays-Bas - Non classé;;;;;;;;;NEW;CURRENT;1;;;;;;;;;;;;;
urn:gs1:gdd:cl:OriginOfWineCode:NZ_AUCKLAND;OriginOfWineCode;NZ_AUCKLAND;New Zealand - Auckland;New Zealand - Auckland;Nouvelle-Zélande - Auckland;;;;;;;;;NEW;CURRENT;1;;;;;;;;;;;;;
urn:gs1:gdd:cl:OriginOfWineCode:NZ_AUCKLAND_WAIHEKE ISLAND;OriginOfWineCode;NZ_AUCKLAND_WAIHEKE ISLAND;New Zealand - Auckland - Waiheke Island;New Zealand - Auckland - Waiheke Island;Nouvelle Zélande - Auckland - Île Waiheke;;;;;;;;;NEW;CURRENT;1;;;;;;;;;;;;;
urn:gs1:gdd:cl:OriginOfWineCode:NZ_CANTERBURY;OriginOfWineCode;NZ_CANTERBURY;New Zealand - Canterbury;New Zealand - Canterbury;Nouvelle-Zélande - Canterbury;;;;;;;;;NEW;CURRENT;1;;;;;;;;;;;;;
urn:gs1:gdd:cl:OriginOfWineCode:NZ_CANTERBURY_WAIPARA;OriginOfWineCode;NZ_CANTERBURY_WAIPARA;New Zealand - Canterbury - Waipara;New Zealand - Canterbury - Waipara;Nouvelle-Zélande - Canterbury - Waipara;;;;;;;;;NEW;CURRENT;1;;;;;;;;;;;;;
urn:gs1:gdd:cl:OriginOfWineCode:NZ_CENTRAL OTAGO;OriginOfWineCode;NZ_CENTRAL OTAGO;New Zealand - Central Otago;New Zealand - Central Otago;Nouvelle-Zélande - Central Otago;;;;;;;;;NEW;CURRENT;1;;;;;;;;;;;;;
urn:gs1:gdd:cl:OriginOfWineCode:NZ_GISBORNE;OriginOfWineCode;NZ_GISBORNE;New Zealand - Gisborne;New Zealand - Gisborne;Nouvelle-Zélande - Gisborne;;;;;;;;;NEW;CURRENT;1;;;;;;;;;;;;;
urn:gs1:gdd:cl:OriginOfWineCode:NZ_HAWKES BAY;OriginOfWineCode;NZ_HAWKES BAY;New Zealand - Hawkes Bay;New Zealand - Hawkes Bay;Nouvelle-Zélande - Hawkes Bay;;;;;;;;;NEW;CURRENT;1;;;;;;;;;;;;;
urn:gs1:gdd:cl:OriginOfWineCode:NZ_HAWKES BAY_GIMBLETT GRAVELS;OriginOfWineCode;NZ_HAWKES BAY_GIMBLETT GRAVELS;New Zealand - Hawkes Bay - Gimblett Gravels;New Zealand - Hawkes Bay - Gimblett Gravels;Nouvelle-Zélande - Hawkes Bay - Gimblett Gravels;;;;;;;;;NEW;CURRENT;1;;;;;;;;;;;;;
urn:gs1:gdd:cl:OriginOfWineCode:NZ_MARLBOROUGH;OriginOfWineCode;NZ_MARLBOROUGH;New Zealand - Marlborough;New Zealand - Marlborough;Nouvelle-Zélande - Marlborough;;;;;;;;;NEW;CURRENT;1;;;;;;;;;;;;;
urn:gs1:gdd:cl:OriginOfWineCode:NZ_NELSON;OriginOfWineCode;NZ_NELSON;New Zealand - Nelson;New Zealand - Nelson;Nouvelle-Zélande - Nelson;;;;;;;;;NEW;CURRENT;1;;;;;;;;;;;;;
urn:gs1:gdd:cl:OriginOfWineCode:NZ_NORTHLAND REGION_WAIRARAPA;OriginOfWineCode;NZ_NORTHLAND REGION_WAIRARAPA;New Zealand - Northland Region - Wairarapa;New Zealand - Northland Region - Wairarapa;Nouvelle-Zélande - Région du Northland - Wairarapa;;;;;;;;;NEW;CURRENT;1;;;;;;;;;;;;;
urn:gs1:gdd:cl:OriginOfWineCode:NZ_UNCLASSIFIED;OriginOfWineCode;NZ_UNCLASSIFIED;New Zealand - Unclassified;New Zealand - Unclassified;Nouvelle-Zélande - Non classé;;;;;;;;;NEW;CURRENT;1;;;;;;;;;;;;;
urn:gs1:gdd:cl:OriginOfWineCode:NZ_WAIRARAPA_MARTINBOROUGH;OriginOfWineCode;NZ_WAIRARAPA_MARTINBOROUGH;New Zealand - Wairarapa - Martinborough;New Zealand - Wairarapa - Martinborough;Nouvelle Zélande - Wairarapa - Martinborough;;;;;;;;;NEW;CURRENT;1;;;;;;;;;;;;;
urn:gs1:gdd:cl:OriginOfWineCode:NZ_WELLINGTON;OriginOfWineCode;NZ_WELLINGTON;New Zealand - Wellington;New Zealand - Wellington;Nouvelle-Zélande - Wellington;;;;;;;;;NEW;CURRENT;1;;;;;;;;;;;;;
urn:gs1:gdd:cl:OriginOfWineCode:PT_ALENQUER;OriginOfWineCode;PT_ALENQUER;Portugal - Alenquer;Portugal - Alenquer;Portugal - Alenquer;;;;;;;;;NEW;CURRENT;1;;;;;;;;;;;;;
urn:gs1:gdd:cl:OriginOfWineCode:PT_ALENTEJO;OriginOfWineCode;PT_ALENTEJO;Portugal - Alentejo;Portugal - Alentejo;Portugal - Alentejo;;;;;;;;;NEW;CURRENT;1;;;;;;;;;;;;;
urn:gs1:gdd:cl:OriginOfWineCode:PT_ALENTEJO_TEJO;OriginOfWineCode;PT_ALENTEJO_TEJO;Portugal - Alentejo - Tejo;Portugal - Alentejo - Tejo;Portugal - Alentejo - Tage;;;;;;;;;NEW;CURRENT;1;;;;;;;;;;;;;
urn:gs1:gdd:cl:OriginOfWineCode:PT_BAIRRADA;OriginOfWineCode;PT_BAIRRADA;Portugal - Bairrada;Portugal - Bairrada;Portugal - Bairrada;;;;;;;;;NEW;CURRENT;1;;;;;;;;;;;;;
urn:gs1:gdd:cl:OriginOfWineCode:PT_BEIRAS;OriginOfWineCode;PT_BEIRAS;Portugal - Beiras;Portugal - Beiras;Portugal - Beiras;;;;;;;;;NEW;CURRENT;1;;;;;;;;;;;;;
urn:gs1:gdd:cl:OriginOfWineCode:PT_DÃO;OriginOfWineCode;PT_DÃO;Portugal - Dão;Portugal - Dão;Portugal - Dão;;;;;;;;;NEW;CURRENT;1;;;;;;;;;;;;;
urn:gs1:gdd:cl:OriginOfWineCode:PT_DOURO VALLEY;OriginOfWineCode;PT_DOURO VALLEY;Portugal - Douro Valley;Portugal - Douro Valley;Portugal - Vallée du Douro;;;;;;;;;NEW;CURRENT;1;;;;;;;;;;;;;
urn:gs1:gdd:cl:OriginOfWineCode:PT_LISBOA;OriginOfWineCode;PT_LISBOA;Portugal - Lisboa;Portugal - Lisboa;Portugal - Lisbonne;;;;;;;;;NEW;CURRENT;1;;;;;;;;;;;;;
urn:gs1:gdd:cl:OriginOfWineCode:PT_MADEIRA;OriginOfWineCode;PT_MADEIRA;Portugal - Madeira;Portugal - Madeira;Portugal - Madère;;;;;;;;;NEW;CURRENT;1;;;;;;;;;;;;;
urn:gs1:gdd:cl:OriginOfWineCode:PT_MINHO;OriginOfWineCode;PT_MINHO;Portugal - Minho;Portugal - Minho;Portugal - Minho;;;;;;;;;NEW;CURRENT;1;;;;;;;;;;;;;
urn:gs1:gdd:cl:OriginOfWineCode:PT_PALMELA;OriginOfWineCode;PT_PALMELA;Portugal - Palmela;Portugal - Palmela;Portugal - Palmela;;;;;;;;;NEW;CURRENT;1;;;;;;;;;;;;;
urn:gs1:gdd:cl:OriginOfWineCode:PT_PORTO;OriginOfWineCode;PT_PORTO;Portugal - Porto;Portugal - Porto;Portugal - Porto;;;;;;;;;NEW;CURRENT;1;;;;;;;;;;;;;
urn:gs1:gdd:cl:OriginOfWineCode:PT_SETUBAL;OriginOfWineCode;PT_SETUBAL;Portugal - Setubal;Portugal - Setubal;Portugal - Setúbal;;;;;;;;;NEW;CURRENT;1;;;;;;;;;;;;;
urn:gs1:gdd:cl:OriginOfWineCode:PT_UNCLASSIFIED;OriginOfWineCode;PT_UNCLASSIFIED;Portugal - Unclassified;Portugal - Unclassified;Portugal - Non classé;;;;;;;;;NEW;CURRENT;1;;;;;;;;;;;;;
urn:gs1:gdd:cl:OriginOfWineCode:PT_VINHOS VERDES;OriginOfWineCode;PT_VINHOS VERDES;Portugal - Vinhos Verdes;Portugal - Vinhos Verdes;Portugal - Vins verts;;;;;;;;;NEW;CURRENT;1;;;;;;;;;;;;;
urn:gs1:gdd:cl:OriginOfWineCode:RO_BANAT;OriginOfWineCode;RO_BANAT;Romania - Banat;Romania - Banat;Roumanie - Banat;;;;;;;;;NEW;CURRENT;1;;;;;;;;;;;;;
urn:gs1:gdd:cl:OriginOfWineCode:RO_UNCLASSIFIED;OriginOfWineCode;RO_UNCLASSIFIED;Romania - Unclassified;Romania - Unclassified;Roumanie - Non classé;;;;;;;;;NEW;CURRENT;1;;;;;;;;;;;;;
urn:gs1:gdd:cl:OriginOfWineCode:RS_UNCLASSIFIED;OriginOfWineCode;RS_UNCLASSIFIED;Serbia - Unclassified;Serbia - Unclassified;Serbie - Non classé;;;;;;;;;NEW;CURRENT;1;;;;;;;;;;;;;
urn:gs1:gdd:cl:OriginOfWineCode:RU_ASTRAKHAN OBLAST AND VOLOGDA OBLAST;OriginOfWineCode;RU_ASTRAKHAN OBLAST AND VOLOGDA OBLAST;Russia - Astrakhan Oblast And Vologda Oblast;Russia - Astrakhan Oblast And Vologda Oblast;Russie - Oblast d'Astrakhan et Oblast de Vologda;;;;;;;;;NEW;CURRENT;1;;;;;;;;;;;;;
urn:gs1:gdd:cl:OriginOfWineCode:RU_KABARDINO_BALKARIA_DOLINA TEREKA;OriginOfWineCode;RU_KABARDINO_BALKARIA_DOLINA TEREKA;Russia - Kabardino- Balkaria - Dolina Tereka;Russia - Kabardino- Balkaria - Dolina Tereka;Russie - Kabardino- Balkarie - Dolina Tereka;;;;;;;;;NEW;CURRENT;1;;;;;;;;;;;;;
urn:gs1:gdd:cl:OriginOfWineCode:RU_KRASNODAR KRAI_KUBAN;OriginOfWineCode;RU_KRASNODAR KRAI_KUBAN;Russia - Krasnodar Krai - Kuban;Russia - Krasnodar Krai - Kuban;Russie - Kraï de Krasnodar - Kouban;;;;;;;;;NEW;CURRENT;1;;;;;;;;;;;;;
urn:gs1:gdd:cl:OriginOfWineCode:RU_REPUBLIC OF DAGESTAN_DAGESTAN;OriginOfWineCode;RU_REPUBLIC OF DAGESTAN_DAGESTAN;Russia - Republic Of Dagestan - Dagestan;Russia - Republic Of Dagestan - Dagestan;Russie - République du Daghestan - Daghestan;;;;;;;;;NEW;CURRENT;1;;;;;;;;;;;;;
urn:gs1:gdd:cl:OriginOfWineCode:RU_ROSTOV OBLAST_DOLINA DONA;OriginOfWineCode;RU_ROSTOV OBLAST_DOLINA DONA;Russia - Rostov Oblast - Dolina Dona;Russia - Rostov Oblast - Dolina Dona;Russie - Oblast de Rostov - Dolina Dona;;;;;;;;;NEW;CURRENT;1;;;;;;;;;;;;;
urn:gs1:gdd:cl:OriginOfWineCode:RU_STAVROPOL KRAI_STAVROPOL;OriginOfWineCode;RU_STAVROPOL KRAI_STAVROPOL;Russia - Stavropol Krai - Stavropol;Russia - Stavropol Krai - Stavropol;Russie - Kraï de Stavropol - Stavropol;;;;;;;;;NEW;CURRENT;1;;;;;;;;;;;;;
urn:gs1:gdd:cl:OriginOfWineCode:RU_UNCLASSIFIED;OriginOfWineCode;RU_UNCLASSIFIED;Russia - Unclassified;Russia - Unclassified;Russie - Non classé;;;;;;;;;NEW;CURRENT;1;;;;;;;;;;;;;
urn:gs1:gdd:cl:OriginOfWineCode:SI_BELA KRAJINA;OriginOfWineCode;SI_BELA KRAJINA;Slovenia - Bela Krajina;Slovenia - Bela Krajina;Slovénie - Bela Krajina;;;;;;;;;NEW;CURRENT;1;;;;;;;;;;;;;
urn:gs1:gdd:cl:OriginOfWineCode:SI_BIZELJSKO SREMIC;OriginOfWineCode;SI_BIZELJSKO SREMIC;Slovenia - Bizeljsko Sremic;Slovenia - Bizeljsko Sremic;Slovénie - Bizeljsko Sremic;;;;;;;;;NEW;CURRENT;1;;;;;;;;;;;;;
urn:gs1:gdd:cl:OriginOfWineCode:SI_BRDA ALI GORISKA BRDA;OriginOfWineCode;SI_BRDA ALI GORISKA BRDA;Slovenia - Brda Ali Goriska Brda;Slovenia - Brda Ali Goriska Brda;Slovénie - Brda Ali Goriska Brda;;;;;;;;;NEW;CURRENT;1;;;;;;;;;;;;;
urn:gs1:gdd:cl:OriginOfWineCode:SI_DOLENJSKA;OriginOfWineCode;SI_DOLENJSKA;Slovenia - Dolenjska;Slovenia - Dolenjska;Slovénie - Dolenjska;;;;;;;;;NEW;CURRENT;1;;;;;;;;;;;;;
urn:gs1:gdd:cl:OriginOfWineCode:SI_KRAS;OriginOfWineCode;SI_KRAS;Slovenia - Kras;Slovenia - Kras;Slovénie - Kras;;;;;;;;;NEW;CURRENT;1;;;;;;;;;;;;;
urn:gs1:gdd:cl:OriginOfWineCode:SI_PREKMURJE;OriginOfWineCode;SI_PREKMURJE;Slovenia - Prekmurje;Slovenia - Prekmurje;Slovénie - Prekmurje;;;;;;;;;NEW;CURRENT;1;;;;;;;;;;;;;
urn:gs1:gdd:cl:OriginOfWineCode:SI_SLOVENSKA ISTRA;OriginOfWineCode;SI_SLOVENSKA ISTRA;Slovenia - Slovenska Istra;Slovenia - Slovenska Istra;Slovénie - Slovenska Istra;;;;;;;;;NEW;CURRENT;1;;;;;;;;;;;;;
urn:gs1:gdd:cl:OriginOfWineCode:SI_STAJERSKA;OriginOfWineCode;SI_STAJERSKA;Slovenia - Stajerska;Slovenia - Stajerska;Slovénie - Stajerska;;;;;;;;;NEW;CURRENT;1;;;;;;;;;;;;;
urn:gs1:gdd:cl:OriginOfWineCode:SI_UNCLASSIFIED;OriginOfWineCode;SI_UNCLASSIFIED;Slovenia - Unclassified;Slovenia - Unclassified;Slovénie - Non classé;;;;;;;;;NEW;CURRENT;1;;;;;;;;;;;;;
urn:gs1:gdd:cl:OriginOfWineCode:SI_VIPAVA ALI VIPAVASKA DOLINA;OriginOfWineCode;SI_VIPAVA ALI VIPAVASKA DOLINA;Slovenia - Vipava Ali Vipavaska Dolina;Slovenia - Vipava Ali Vipavaska Dolina;Slovénie - Vipava Ali Vipavaska Dolina;;;;;;;;;NEW;CURRENT;1;;;;;;;;;;;;;
urn:gs1:gdd:cl:OriginOfWineCode:TR_UNCLASSIFIED;OriginOfWineCode;TR_UNCLASSIFIED;Turkey - Unclassified;Turkey - Unclassified;Turquie - Non classé;;;;;;;;;NEW;CURRENT;1;;;;;;;;;;;;;
urn:gs1:gdd:cl:OriginOfWineCode:TR_YAPINCAK_THRACIAN REGION_THRACIAN LOWLANDS;OriginOfWineCode;TR_YAPINCAK_THRACIAN REGION_THRACIAN LOWLANDS;Turkey - Yapincak - Thracian Region - Thracian Lowlands;Turkey - Yapincak - Thracian Region - Thracian Lowlands;Turquie - Yapincak - Région thrace - Plaines thraces;;;;;;;;;NEW;CURRENT;1;;;;;;;;;;;;;
urn:gs1:gdd:cl:OriginOfWineCode:UA_CRIMEA;OriginOfWineCode;UA_CRIMEA;Ukraine - Crimea;Ukraine - Crimea;Ukraine - Crimée;;;;;;;;;NEW;CURRENT;1;;;;;;;;;;;;;
urn:gs1:gdd:cl:OriginOfWineCode:UA_UNCLASSIFIED;OriginOfWineCode;UA_UNCLASSIFIED;Ukraine - Unclassified;Ukraine - Unclassified;Ukraine - Non classé;;;;;;;;;NEW;CURRENT;1;;;;;;;;;;;;;
urn:gs1:gdd:cl:OriginOfWineCode:UNCLASSIFIED;OriginOfWineCode;UNCLASSIFIED;Unclassified;Unclassified;Non classé;;;;;;;;;NEW;CURRENT;1;;;;;;;;;;;;;
urn:gs1:gdd:cl:OriginOfWineCode:UNIDENTIFIED;OriginOfWineCode;UNIDENTIFIED;Unidentified;Unidentified;Non identifié;;;;;;;;;NEW;CURRENT;1;;;;;;;;;;;;;
urn:gs1:gdd:cl:OriginOfWineCode:US_ALASKA;OriginOfWineCode;US_ALASKA;USA - Alaska;USA - Alaska;États-Unis - Alaska;;;;;;;;;NEW;CURRENT;1;;;;;;;;;;;;;
urn:gs1:gdd:cl:OriginOfWineCode:US_ARIZONA;OriginOfWineCode;US_ARIZONA;USA - Arizona;USA - Arizona;États-Unis - Arizona;;;;;;;;;NEW;CURRENT;1;;;;;;;;;;;;;
urn:gs1:gdd:cl:OriginOfWineCode:US_ARKANSAS;OriginOfWineCode;US_ARKANSAS;USA - Arkansas;USA - Arkansas;États-Unis - Arkansas;;;;;;;;;NEW;CURRENT;1;;;;;;;;;;;;;
urn:gs1:gdd:cl:OriginOfWineCode:US_CALIFORNIA;OriginOfWineCode;US_CALIFORNIA;USA - California;USA - California;États-Unis - Californie;;;;;;;;;NEW;CURRENT;1;;;;;;;;;;;;;
urn:gs1:gdd:cl:OriginOfWineCode:US_CALIFORNIA_AMADOR COUNTY;OriginOfWineCode;US_CALIFORNIA_AMADOR COUNTY;USA - California - Amador County;USA - California - Amador County;États-Unis - Californie - Comté d'Amador;;;;;;;;;NEW;CURRENT;1;;;;;;;;;;;;;
urn:gs1:gdd:cl:OriginOfWineCode:US_CALIFORNIA_CENTRAL COAST;OriginOfWineCode;US_CALIFORNIA_CENTRAL COAST;USA - California - Central Coast;USA - California - Central Coast;États-Unis - Californie - Côte centrale;;;;;;;;;NEW;CURRENT;1;;;;;;;;;;;;;
urn:gs1:gdd:cl:OriginOfWineCode:US_CALIFORNIA_LAKE COUNTY;OriginOfWineCode;US_CALIFORNIA_LAKE COUNTY;USA - California - Lake County;USA - California - Lake County;États-Unis - Californie - Comté de Lake;;;;;;;;;NEW;CURRENT;1;;;;;;;;;;;;;
urn:gs1:gdd:cl:OriginOfWineCode:US_CALIFORNIA_LODI;OriginOfWineCode;US_CALIFORNIA_LODI;USA - California - Lodi;USA - California - Lodi;États-Unis - Californie - Lodi;;;;;;;;;NEW;CURRENT;1;;;;;;;;;;;;;
urn:gs1:gdd:cl:OriginOfWineCode:US_CALIFORNIA_LOS CARNEROS;OriginOfWineCode;US_CALIFORNIA_LOS CARNEROS;USA - California - Los Carneros;USA - California - Los Carneros;États-Unis - Californie - Los Carneros;;;;;;;;;NEW;CURRENT;1;;;;;;;;;;;;;
urn:gs1:gdd:cl:OriginOfWineCode:US_CALIFORNIA_MENDOCINO;OriginOfWineCode;US_CALIFORNIA_MENDOCINO;USA - California - Mendocino;USA - California - Mendocino;États-Unis - Californie - Mendocino;;;;;;;;;NEW;CURRENT;1;;;;;;;;;;;;;
urn:gs1:gdd:cl:OriginOfWineCode:US_CALIFORNIA_MONTEREY COUNTY;OriginOfWineCode;US_CALIFORNIA_MONTEREY COUNTY;USA - California - Monterey County;USA - California - Monterey County;États-Unis - Californie - Comté de Monterey;;;;;;;;;NEW;CURRENT;1;;;;;;;;;;;;;
urn:gs1:gdd:cl:OriginOfWineCode:US_CALIFORNIA_NAPA VALLEY;OriginOfWineCode;US_CALIFORNIA_NAPA VALLEY;USA - California - Napa Valley;USA - California - Napa Valley;États-Unis - Californie - Napa Valley;;;;;;;;;NEW;CURRENT;1;;;;;;;;;;;;;
urn:gs1:gdd:cl:OriginOfWineCode:US_CALIFORNIA_NORTH COAST;OriginOfWineCode;US_CALIFORNIA_NORTH COAST;USA - California - North Coast;USA - California - North Coast;États-Unis - Californie - Côte Nord;;;;;;;;;NEW;CURRENT;1;;;;;;;;;;;;;
urn:gs1:gdd:cl:OriginOfWineCode:US_CALIFORNIA_PASO ROBLES;OriginOfWineCode;US_CALIFORNIA_PASO ROBLES;USA - California - Paso Robles;USA - California - Paso Robles;États-Unis - Californie - Paso Robles;;;;;;;;;NEW;CURRENT;1;;;;;;;;;;;;;
urn:gs1:gdd:cl:OriginOfWineCode:US_CALIFORNIA_RED HILLS LAKE COUNTY;OriginOfWineCode;US_CALIFORNIA_RED HILLS LAKE COUNTY;USA - California - Red Hills Lake County;USA - California - Red Hills Lake County;États-Unis - Californie - Comté de Red Hills Lake;;;;;;;;;NEW;CURRENT;1;;;;;;;;;;;;;
urn:gs1:gdd:cl:OriginOfWineCode:US_CALIFORNIA_REDWOOD VALLEY;OriginOfWineCode;US_CALIFORNIA_REDWOOD VALLEY;USA - California - Redwood Valley;USA - California - Redwood Valley;États-Unis - Californie - Redwood Valley;;;;;;;;;NEW;CURRENT;1;;;;;;;;;;;;;
urn:gs1:gdd:cl:OriginOfWineCode:US_CALIFORNIA_RUSSIAN RIVER VALLEY;OriginOfWineCode;US_CALIFORNIA_RUSSIAN RIVER VALLEY;USA - California - Russian River Valley;USA - California - Russian River Valley;États-Unis - Californie - Russian River Valley;;;;;;;;;NEW;CURRENT;1;;;;;;;;;;;;;
urn:gs1:gdd:cl:OriginOfWineCode:US_CALIFORNIA_SALINAS VALLEY;OriginOfWineCode;US_CALIFORNIA_SALINAS VALLEY;USA - California - Salinas Valley;USA - California - Salinas Valley;États-Unis - Californie - Vallée de Salinas;;;;;;;;;NEW;CURRENT;1;;;;;;;;;;;;;
urn:gs1:gdd:cl:OriginOfWineCode:US_CALIFORNIA_SAN JOAQUIN VALLEY;OriginOfWineCode;US_CALIFORNIA_SAN JOAQUIN VALLEY;USA - California - San Joaquin Valley;USA - California - San Joaquin Valley;États-Unis - Californie - Vallée de San Joaquin;;;;;;;;;NEW;CURRENT;1;;;;;;;;;;;;;
urn:gs1:gdd:cl:OriginOfWineCode:US_CALIFORNIA_SANTA BARBARA;OriginOfWineCode;US_CALIFORNIA_SANTA BARBARA;USA - California - Santa Barbara;USA - California - Santa Barbara;États-Unis - Californie - Santa Barbara;;;;;;;;;NEW;CURRENT;1;;;;;;;;;;;;;
urn:gs1:gdd:cl:OriginOfWineCode:US_CALIFORNIA_SANTA CRUZ;OriginOfWineCode;US_CALIFORNIA_SANTA CRUZ;USA - California - Santa Cruz;USA - California - Santa Cruz;États-Unis - Californie - Santa Cruz;;;;;;;;;NEW;CURRENT;1;;;;;;;;;;;;;
urn:gs1:gdd:cl:OriginOfWineCode:US_CALIFORNIA_SANTA LUCIA HIGHLANDS;OriginOfWineCode;US_CALIFORNIA_SANTA LUCIA HIGHLANDS;USA - California - Santa Lucia Highlands;USA - California - Santa Lucia Highlands;USA - Californie - Santa Lucia Highlands;;;;;;;;;NEW;CURRENT;1;;;;;;;;;;;;;
urn:gs1:gdd:cl:OriginOfWineCode:US_CALIFORNIA_SANTA MARIA VALLEY;OriginOfWineCode;US_CALIFORNIA_SANTA MARIA VALLEY;USA - California - Santa Maria Valley;USA - California - Santa Maria Valley;États-Unis - Californie - Vallée de Santa Maria;;;;;;;;;NEW;CURRENT;1;;;;;;;;;;;;;
urn:gs1:gdd:cl:OriginOfWineCode:US_CALIFORNIA_SANTA RITA HILLS;OriginOfWineCode;US_CALIFORNIA_SANTA RITA HILLS;USA - California - Santa Rita Hills;USA - California - Santa Rita Hills;États-Unis - Californie - Santa Rita Hills;;;;;;;;;NEW;CURRENT;1;;;;;;;;;;;;;
urn:gs1:gdd:cl:OriginOfWineCode:US_CALIFORNIA_SANTA YNEZ VALLEY;OriginOfWineCode;US_CALIFORNIA_SANTA YNEZ VALLEY;USA - California - Santa Ynez Valley;USA - California - Santa Ynez Valley;États-Unis - Californie - Vallée de Santa Ynez;;;;;;;;;NEW;CURRENT;1;;;;;;;;;;;;;
urn:gs1:gdd:cl:OriginOfWineCode:US_CALIFORNIA_SHENANDOAH VALLEY;OriginOfWineCode;US_CALIFORNIA_SHENANDOAH VALLEY;USA - California - Shenandoah Valley;USA - California - Shenandoah Valley;États-Unis - Californie - Vallée de Shenandoah;;;;;;;;;NEW;CURRENT;1;;;;;;;;;;;;;
urn:gs1:gdd:cl:OriginOfWineCode:US_CALIFORNIA_SIERRA FOOTHILLS;OriginOfWineCode;US_CALIFORNIA_SIERRA FOOTHILLS;USA - California - Sierra Foothills;USA - California - Sierra Foothills;États-Unis - Californie - Sierra Foothills;;;;;;;;;NEW;CURRENT;1;;;;;;;;;;;;;
urn:gs1:gdd:cl:OriginOfWineCode:US_CALIFORNIA_SONOMA;OriginOfWineCode;US_CALIFORNIA_SONOMA;USA - California - Sonoma;USA - California - Sonoma;États-Unis - Californie - Sonoma;;;;;;;;;NEW;CURRENT;1;;;;;;;;;;;;;
urn:gs1:gdd:cl:OriginOfWineCode:US_CALIFORNIA_SONOMA COAST;OriginOfWineCode;US_CALIFORNIA_SONOMA COAST;USA - California - Sonoma Coast;USA - California - Sonoma Coast;États-Unis - Californie - Côte de Sonoma;;;;;;;;;NEW;CURRENT;1;;;;;;;;;;;;;
urn:gs1:gdd:cl:OriginOfWineCode:US_CALIFORNIA_SONOMA MOUNTAIN;OriginOfWineCode;US_CALIFORNIA_SONOMA MOUNTAIN;USA - California - Sonoma Mountain;USA - California - Sonoma Mountain;États-Unis - Californie - Montagne Sonoma;;;;;;;;;NEW;CURRENT;1;;;;;;;;;;;;;
urn:gs1:gdd:cl:OriginOfWineCode:US_CALIFORNIA_UNCLASSIFIED;OriginOfWineCode;US_CALIFORNIA_UNCLASSIFIED;USA - California - Unclassified;USA - California - Unclassified;États-Unis - Californie - Non classé;;;;;;;;;NEW;CURRENT;1;;;;;;;;;;;;;
urn:gs1:gdd:cl:OriginOfWineCode:US_COLORADO;OriginOfWineCode;US_COLORADO;USA - Colorado;USA - Colorado;États-Unis - Colorado;;;;;;;;;NEW;CURRENT;1;;;;;;;;;;;;;
urn:gs1:gdd:cl:OriginOfWineCode:US_CONNECTICUT;OriginOfWineCode;US_CONNECTICUT;USA - Connecticut;USA - Connecticut;États-Unis - Connecticut;;;;;;;;;NEW;CURRENT;1;;;;;;;;;;;;;
urn:gs1:gdd:cl:OriginOfWineCode:US_DELAWARE;OriginOfWineCode;US_DELAWARE;USA - Delaware;USA - Delaware;États-Unis - Delaware;;;;;;;;;NEW;CURRENT;1;;;;;;;;;;;;;
urn:gs1:gdd:cl:OriginOfWineCode:US_DISTRICT OF COLUMBIA;OriginOfWineCode;US_DISTRICT OF COLUMBIA;USA - District Of Columbia;USA - District Of Columbia;États-Unis - District de Columbia;;;;;;;;;NEW;CURRENT;1;;;;;;;;;;;;;
urn:gs1:gdd:cl:OriginOfWineCode:US_FLORIDA;OriginOfWineCode;US_FLORIDA;USA - Florida;USA - Florida;États-Unis - Floride;;;;;;;;;NEW;CURRENT;1;;;;;;;;;;;;;
urn:gs1:gdd:cl:OriginOfWineCode:US_GEORGIA;OriginOfWineCode;US_GEORGIA;USA - Georgia;USA - Georgia;États-Unis - Géorgie;;;;;;;;;NEW;CURRENT;1;;;;;;;;;;;;;
urn:gs1:gdd:cl:OriginOfWineCode:US_HAWAII;OriginOfWineCode;US_HAWAII;USA - Hawaii;USA - Hawaii;États-Unis - Hawaï;;;;;;;;;NEW;CURRENT;1;;;;;;;;;;;;;
urn:gs1:gdd:cl:OriginOfWineCode:US_IDAHO;OriginOfWineCode;US_IDAHO;USA - Idaho;USA - Idaho;États-Unis - Idaho;;;;;;;;;NEW;CURRENT;1;;;;;;;;;;;;;
urn:gs1:gdd:cl:OriginOfWineCode:US_ILLINOIS;OriginOfWineCode;US_ILLINOIS;USA - Illinois;USA - Illinois;États-Unis - Illinois;;;;;;;;;NEW;CURRENT;1;;;;;;;;;;;;;
urn:gs1:gdd:cl:OriginOfWineCode:US_INDIANA;OriginOfWineCode;US_INDIANA;USA - Indiana;USA - Indiana;États-Unis - Indiana;;;;;;;;;NEW;CURRENT;1;;;;;;;;;;;;;
urn:gs1:gdd:cl:OriginOfWineCode:US_IOWA;OriginOfWineCode;US_IOWA;USA - Iowa;USA - Iowa;États-Unis - Iowa;;;;;;;;;NEW;CURRENT;1;;;;;;;;;;;;;
urn:gs1:gdd:cl:OriginOfWineCode:US_KANSAS;OriginOfWineCode;US_KANSAS;USA - Kansas;USA - Kansas;États-Unis - Kansas;;;;;;;;;NEW;CURRENT;1;;;;;;;;;;;;;
urn:gs1:gdd:cl:OriginOfWineCode:US_KENTUCKY;OriginOfWineCode;US_KENTUCKY;USA - Kentucky;USA - Kentucky;États-Unis - Kentucky;;;;;;;;;NEW;CURRENT;1;;;;;;;;;;;;;
urn:gs1:gdd:cl:OriginOfWineCode:US_LOUISIANA;OriginOfWineCode;US_LOUISIANA;USA - Louisiana;USA - Louisiana;États-Unis - Louisiane;;;;;;;;;NEW;CURRENT;1;;;;;;;;;;;;;
urn:gs1:gdd:cl:OriginOfWineCode:US_MAINE;OriginOfWineCode;US_MAINE;USA - Maine;USA - Maine;États-Unis - Maine;;;;;;;;;NEW;CURRENT;1;;;;;;;;;;;;;
urn:gs1:gdd:cl:OriginOfWineCode:US_MARYLAND;OriginOfWineCode;US_MARYLAND;USA - Maryland;USA - Maryland;États-Unis - Maryland;;;;;;;;;NEW;CURRENT;1;;;;;;;;;;;;;
urn:gs1:gdd:cl:OriginOfWineCode:US_MASSACHUSETTS;OriginOfWineCode;US_MASSACHUSETTS;USA - Massachusetts;USA - Massachusetts;États-Unis - Massachusetts;;;;;;;;;NEW;CURRENT;1;;;;;;;;;;;;;
urn:gs1:gdd:cl:OriginOfWineCode:US_MICHIGAN;OriginOfWineCode;US_MICHIGAN;USA - Michigan;USA - Michigan;États-Unis - Michigan;;;;;;;;;NEW;CURRENT;1;;;;;;;;;;;;;
urn:gs1:gdd:cl:OriginOfWineCode:US_MINNESOTA;OriginOfWineCode;US_MINNESOTA;USA - Minnesota;USA - Minnesota;États-Unis - Minnesota;;;;;;;;;NEW;CURRENT;1;;;;;;;;;;;;;
urn:gs1:gdd:cl:OriginOfWineCode:US_MISSISSIPPI;OriginOfWineCode;US_MISSISSIPPI;USA - Mississippi;USA - Mississippi;États-Unis - Mississippi;;;;;;;;;NEW;CURRENT;1;;;;;;;;;;;;;
urn:gs1:gdd:cl:OriginOfWineCode:US_MISSOURI;OriginOfWineCode;US_MISSOURI;USA - Missouri;USA - Missouri;États-Unis - Missouri;;;;;;;;;NEW;CURRENT;1;;;;;;;;;;;;;
urn:gs1:gdd:cl:OriginOfWineCode:US_MONTANA;OriginOfWineCode;US_MONTANA;USA - Montana;USA - Montana;États-Unis - Montana;;;;;;;;;NEW;CURRENT;1;;;;;;;;;;;;;
urn:gs1:gdd:cl:OriginOfWineCode:US_NEBRASKA;OriginOfWineCode;US_NEBRASKA;USA - Nebraska;USA - Nebraska;États-Unis - Nebraska;;;;;;;;;NEW;CURRENT;1;;;;;;;;;;;;;
urn:gs1:gdd:cl:OriginOfWineCode:US_NEVADA;OriginOfWineCode;US_NEVADA;USA - Nevada;USA - Nevada;États-Unis - Nevada;;;;;;;;;NEW;CURRENT;1;;;;;;;;;;;;;
urn:gs1:gdd:cl:OriginOfWineCode:US_NEW HAMPSHIRE;OriginOfWineCode;US_NEW HAMPSHIRE;USA - New Hampshire;USA - New Hampshire;États-Unis - New Hampshire;;;;;;;;;NEW;CURRENT;1;;;;;;;;;;;;;
urn:gs1:gdd:cl:OriginOfWineCode:US_NEW JERSEY;OriginOfWineCode;US_NEW JERSEY;USA - New Jersey;USA - New Jersey;États-Unis - New Jersey;;;;;;;;;NEW;CURRENT;1;;;;;;;;;;;;;
urn:gs1:gdd:cl:OriginOfWineCode:US_NEW MEXICO;OriginOfWineCode;US_NEW MEXICO;USA - New Mexico;USA - New Mexico;États-Unis - Nouveau-Mexique;;;;;;;;;NEW;CURRENT;1;;;;;;;;;;;;;
urn:gs1:gdd:cl:OriginOfWineCode:US_NEW ORLEANS;OriginOfWineCode;US_NEW ORLEANS;USA - New Orleans;USA - New Orleans;États-Unis - La Nouvelle-Orléans;;;;;;;;;NEW;CURRENT;1;;;;;;;;;;;;;
urn:gs1:gdd:cl:OriginOfWineCode:US_NEW YORK;OriginOfWineCode;US_NEW YORK;USA - New York;USA - New York;États-Unis - New York;;;;;;;;;NEW;CURRENT;1;;;;;;;;;;;;;
urn:gs1:gdd:cl:OriginOfWineCode:US_NORTH CAROLINA;OriginOfWineCode;US_NORTH CAROLINA;USA - North Carolina;USA - North Carolina;États-Unis - Caroline du Nord;;;;;;;;;NEW;CURRENT;1;;;;;;;;;;;;;
urn:gs1:gdd:cl:OriginOfWineCode:US_NORTH DAKOTA;OriginOfWineCode;US_NORTH DAKOTA;USA - North Dakota;USA - North Dakota;États-Unis - Dakota du Nord;;;;;;;;;NEW;CURRENT;1;;;;;;;;;;;;;
urn:gs1:gdd:cl:OriginOfWineCode:US_OHIO;OriginOfWineCode;US_OHIO;USA - Ohio;USA - Ohio;États-Unis - Ohio;;;;;;;;;NEW;CURRENT;1;;;;;;;;;;;;;
urn:gs1:gdd:cl:OriginOfWineCode:US_OKLAHOMA;OriginOfWineCode;US_OKLAHOMA;USA - Oklahoma;USA - Oklahoma;États-Unis - Oklahoma;;;;;;;;;NEW;CURRENT;1;;;;;;;;;;;;;
urn:gs1:gdd:cl:OriginOfWineCode:US_OREGON;OriginOfWineCode;US_OREGON;USA - Oregon;USA - Oregon;États-Unis - Oregon;;;;;;;;;NEW;CURRENT;1;;;;;;;;;;;;;
urn:gs1:gdd:cl:OriginOfWineCode:US_OREGON_UMPQUA VALLEY;OriginOfWineCode;US_OREGON_UMPQUA VALLEY;USA - Oregon - Umpqua Valley;USA - Oregon - Umpqua Valley;États-Unis - Oregon - Vallée d'Umpqua;;;;;;;;;NEW;CURRENT;1;;;;;;;;;;;;;
urn:gs1:gdd:cl:OriginOfWineCode:US_OREGON_WILLAMETTE VALLEY;OriginOfWineCode;US_OREGON_WILLAMETTE VALLEY;USA - Oregon - Willamette Valley;USA - Oregon - Willamette Valley;États-Unis - Oregon - Vallée de la Willamette;;;;;;;;;NEW;CURRENT;1;;;;;;;;;;;;;
urn:gs1:gdd:cl:OriginOfWineCode:US_PENNSYLVANIA;OriginOfWineCode;US_PENNSYLVANIA;USA - Pennsylvania;USA - Pennsylvania;États-Unis - Pennsylvanie;;;;;;;;;NEW;CURRENT;1;;;;;;;;;;;;;
urn:gs1:gdd:cl:OriginOfWineCode:US_PENNSYLVANIA_CENTRAL DELAWARE VALLEY;OriginOfWineCode;US_PENNSYLVANIA_CENTRAL DELAWARE VALLEY;USA - Pennsylvania - Central Delaware Valley;USA - Pennsylvania - Central Delaware Valley;États-Unis - Pennsylvanie - Vallée centrale du Delaware;;;;;;;;;NEW;CURRENT;1;;;;;;;;;;;;;
urn:gs1:gdd:cl:OriginOfWineCode:US_RHODE ISLAND;OriginOfWineCode;US_RHODE ISLAND;USA - Rhode Island;USA - Rhode Island;États-Unis - Rhode Island;;;;;;;;;NEW;CURRENT;1;;;;;;;;;;;;;
urn:gs1:gdd:cl:OriginOfWineCode:US_SOUTH CAROLINA;OriginOfWineCode;US_SOUTH CAROLINA;USA - South Carolina;USA - South Carolina;États-Unis - Caroline du Sud;;;;;;;;;NEW;CURRENT;1;;;;;;;;;;;;;
urn:gs1:gdd:cl:OriginOfWineCode:US_SOUTH DAKOTA;OriginOfWineCode;US_SOUTH DAKOTA;USA - South Dakota;USA - South Dakota;États-Unis - Dakota du Sud;;;;;;;;;NEW;CURRENT;1;;;;;;;;;;;;;
urn:gs1:gdd:cl:OriginOfWineCode:US_TENNESSEE;OriginOfWineCode;US_TENNESSEE;USA - Tennessee;USA - Tennessee;États-Unis - Tennessee;;;;;;;;;NEW;CURRENT;1;;;;;;;;;;;;;
urn:gs1:gdd:cl:OriginOfWineCode:US_TEXAS;OriginOfWineCode;US_TEXAS;USA - Texas;USA - Texas;États-Unis - Texas;;;;;;;;;NEW;CURRENT;1;;;;;;;;;;;;;
urn:gs1:gdd:cl:OriginOfWineCode:US_UNCLASSIFIED;OriginOfWineCode;US_UNCLASSIFIED;USA - Unclassified;USA - Unclassified;États-Unis - Non classé;;;;;;;;;NEW;CURRENT;1;;;;;;;;;;;;;
urn:gs1:gdd:cl:OriginOfWineCode:US_UTAH;OriginOfWineCode;US_UTAH;USA - Utah;USA - Utah;États-Unis - Utah;;;;;;;;;NEW;CURRENT;1;;;;;;;;;;;;;
urn:gs1:gdd:cl:OriginOfWineCode:US_VERMONT;OriginOfWineCode;US_VERMONT;USA - Vermont;USA - Vermont;États-Unis - Vermont;;;;;;;;;NEW;CURRENT;1;;;;;;;;;;;;;
urn:gs1:gdd:cl:OriginOfWineCode:US_VIRGINIA;OriginOfWineCode;US_VIRGINIA;USA - Virginia;USA - Virginia;États-Unis - Virginie;;;;;;;;;NEW;CURRENT;1;;;;;;;;;;;;;
urn:gs1:gdd:cl:OriginOfWineCode:US_WASHINGTON;OriginOfWineCode;US_WASHINGTON;USA - Washington;USA - Washington;États-Unis - Washington;;;;;;;;;NEW;CURRENT;1;;;;;;;;;;;;;
urn:gs1:gdd:cl:OriginOfWineCode:US_WASHINGTON_COLUMBIA VALLEY;OriginOfWineCode;US_WASHINGTON_COLUMBIA VALLEY;USA - Washington - Columbia Valley;USA - Washington - Columbia Valley;États-Unis - Washington - Vallée du Columbia;;;;;;;;;NEW;CURRENT;1;;;;;;;;;;;;;
urn:gs1:gdd:cl:OriginOfWineCode:US_WASHINGTON_WALLA WALLA VALLEY;OriginOfWineCode;US_WASHINGTON_WALLA WALLA VALLEY;USA - Washington - Walla Walla Valley;USA - Washington - Walla Walla Valley;États-Unis - Washington - Vallée de Walla Walla;;;;;;;;;NEW;CURRENT;1;;;;;;;;;;;;;
urn:gs1:gdd:cl:OriginOfWineCode:US_WEST VIRGINIA;OriginOfWineCode;US_WEST VIRGINIA;USA - West Virginia;USA - West Virginia;États-Unis - Virginie-Occidentale;;;;;;;;;NEW;CURRENT;1;;;;;;;;;;;;;
urn:gs1:gdd:cl:OriginOfWineCode:US_WISCONSIN;OriginOfWineCode;US_WISCONSIN;USA - Wisconsin;USA - Wisconsin;États-Unis - Wisconsin;;;;;;;;;NEW;CURRENT;1;;;;;;;;;;;;;
urn:gs1:gdd:cl:OriginOfWineCode:US_WYOMING;OriginOfWineCode;US_WYOMING;USA - Wyoming;USA - Wyoming;États-Unis - Wyoming;;;;;;;;;NEW;CURRENT;1;;;;;;;;;;;;;
urn:gs1:gdd:cl:OriginOfWineCode:UY_CANELONES;OriginOfWineCode;UY_CANELONES;Uruguay - Canelones;Uruguay - Canelones;Uruguay - Canelones;;;;;;;;;NEW;CURRENT;1;;;;;;;;;;;;;
urn:gs1:gdd:cl:OriginOfWineCode:UY_JUANICO;OriginOfWineCode;UY_JUANICO;Uruguay - Juanico;Uruguay - Juanico;Uruguay - Juanico;;;;;;;;;NEW;CURRENT;1;;;;;;;;;;;;;
urn:gs1:gdd:cl:OriginOfWineCode:UY_UNCLASSIFIED;OriginOfWineCode;UY_UNCLASSIFIED;Uruguay - Unclassified;Uruguay - Unclassified;Uruguay - Non classé;;;;;;;;;NEW;CURRENT;1;;;;;;;;;;;;;
urn:gs1:gdd:cl:OriginOfWineCode:ZA_CAPE POINT;OriginOfWineCode;ZA_CAPE POINT;South Africa - Cape Point;South Africa - Cape Point;Afrique du Sud - Pointe du Cap;;;;;;;;;NEW;CURRENT;1;;;;;;;;;;;;;
urn:gs1:gdd:cl:OriginOfWineCode:ZA_CEDERBERG;OriginOfWineCode;ZA_CEDERBERG;South Africa - Cederberg;South Africa - Cederberg;Afrique du Sud - Cederberg;;;;;;;;;NEW;CURRENT;1;;;;;;;;;;;;;
urn:gs1:gdd:cl:OriginOfWineCode:ZA_COASTAL REGION;OriginOfWineCode;ZA_COASTAL REGION;South Africa - Coastal Region;South Africa - Coastal Region;Afrique du Sud - Région côtière;;;;;;;;;NEW;CURRENT;1;;;;;;;;;;;;;
urn:gs1:gdd:cl:OriginOfWineCode:ZA_CONSTANTIA;OriginOfWineCode;ZA_CONSTANTIA;South Africa - Constantia;South Africa - Constantia;Afrique du Sud - Constantia;;;;;;;;;NEW;CURRENT;1;;;;;;;;;;;;;
urn:gs1:gdd:cl:OriginOfWineCode:ZA_DURBANVILLE;OriginOfWineCode;ZA_DURBANVILLE;South Africa - Durbanville;South Africa - Durbanville;Afrique du Sud - Durbanville;;;;;;;;;NEW;CURRENT;1;;;;;;;;;;;;;
urn:gs1:gdd:cl:OriginOfWineCode:ZA_ELGIN;OriginOfWineCode;ZA_ELGIN;South Africa - Elgin;South Africa - Elgin;Afrique du Sud - Elgin;;;;;;;;;NEW;CURRENT;1;;;;;;;;;;;;;
urn:gs1:gdd:cl:OriginOfWineCode:ZA_FRANSCHHOEK;OriginOfWineCode;ZA_FRANSCHHOEK;South Africa - Franschhoek;South Africa - Franschhoek;Afrique du Sud - Franschhoek;;;;;;;;;NEW;CURRENT;1;;;;;;;;;;;;;
urn:gs1:gdd:cl:OriginOfWineCode:ZA_HELDERBERG;OriginOfWineCode;ZA_HELDERBERG;South Africa - Helderberg;South Africa - Helderberg;Afrique du Sud - Helderberg;;;;;;;;;NEW;CURRENT;1;;;;;;;;;;;;;
urn:gs1:gdd:cl:OriginOfWineCode:ZA_HEMEL_EN_AARDE;OriginOfWineCode;ZA_HEMEL_EN_AARDE;South Africa - Hemel- En- Aarde;South Africa - Hemel- En- Aarde;Afrique du Sud - Hemel- En- Aarde;;;;;;;;;NEW;CURRENT;1;;;;;;;;;;;;;
urn:gs1:gdd:cl:OriginOfWineCode:ZA_OVERBERG;OriginOfWineCode;ZA_OVERBERG;South Africa - Overberg;South Africa - Overberg;Afrique du Sud - Overberg;;;;;;;;;NEW;CURRENT;1;;;;;;;;;;;;;
urn:gs1:gdd:cl:OriginOfWineCode:ZA_PAARL;OriginOfWineCode;ZA_PAARL;South Africa - Paarl;South Africa - Paarl;Afrique du Sud - Paarl;;;;;;;;;NEW;CURRENT;1;;;;;;;;;;;;;
urn:gs1:gdd:cl:OriginOfWineCode:ZA_PIEKENIERSKLOOF;OriginOfWineCode;ZA_PIEKENIERSKLOOF;South Africa - Piekenierskloof;South Africa - Piekenierskloof;Afrique du Sud - Piekenierskloof;;;;;;;;;NEW;CURRENT;1;;;;;;;;;;;;;
urn:gs1:gdd:cl:OriginOfWineCode:ZA_ROBERTSON;OriginOfWineCode;ZA_ROBERTSON;South Africa - Robertson;South Africa - Robertson;Afrique du Sud - Robertson;;;;;;;;;NEW;CURRENT;1;;;;;;;;;;;;;
urn:gs1:gdd:cl:OriginOfWineCode:ZA_SLANGHOEK;OriginOfWineCode;ZA_SLANGHOEK;South Africa - Slanghoek;South Africa - Slanghoek;Afrique du Sud - Slanghoek;;;;;;;;;NEW;CURRENT;1;;;;;;;;;;;;;
urn:gs1:gdd:cl:OriginOfWineCode:ZA_STELLENBOSCH;OriginOfWineCode;ZA_STELLENBOSCH;South Africa - Stellenbosch;South Africa - Stellenbosch;Afrique du Sud - Stellenbosch;;;;;;;;;NEW;CURRENT;1;;;;;;;;;;;;;
urn:gs1:gdd:cl:OriginOfWineCode:ZA_STELLENBOSCH_BOTTELARY;OriginOfWineCode;ZA_STELLENBOSCH_BOTTELARY;South Africa - Stellenbosch - Bottelary;South Africa - Stellenbosch - Bottelary;Afrique du Sud - Stellenbosch - Bottelary;;;;;;;;;NEW;CURRENT;1;;;;;;;;;;;;;
urn:gs1:gdd:cl:OriginOfWineCode:ZA_STELLENBOSCH_DEVON VALLEY;OriginOfWineCode;ZA_STELLENBOSCH_DEVON VALLEY;South Africa - Stellenbosch - Devon Valley;South Africa - Stellenbosch - Devon Valley;Afrique du Sud - Stellenbosch - Vallée du Devon;;;;;;;;;NEW;CURRENT;1;;;;;;;;;;;;;
urn:gs1:gdd:cl:OriginOfWineCode:ZA_STELLENBOSCH_JONKERSHOEK VALLEY;OriginOfWineCode;ZA_STELLENBOSCH_JONKERSHOEK VALLEY;South Africa - Stellenbosch - Jonkershoek Valley;South Africa - Stellenbosch - Jonkershoek Valley;Afrique du Sud - Stellenbosch - Vallée du Jonkershoek;;;;;;;;;NEW;CURRENT;1;;;;;;;;;;;;;
urn:gs1:gdd:cl:OriginOfWineCode:ZA_STELLENBOSCH_SIMONSBERG_STELLENBOSCH;OriginOfWineCode;ZA_STELLENBOSCH_SIMONSBERG_STELLENBOSCH;South Africa - Stellenbosch - Simonsberg- Stellenbosch;South Africa - Stellenbosch - Simonsberg- Stellenbosch;Afrique du Sud - Stellenbosch - Simonsberg- Stellenbosch;;;;;;;;;NEW;CURRENT;1;;;;;;;;;;;;;
urn:gs1:gdd:cl:OriginOfWineCode:ZA_SWARTLAND;OriginOfWineCode;ZA_SWARTLAND;South Africa - Swartland;South Africa - Swartland;Afrique du Sud - Swartland;;;;;;;;;NEW;CURRENT;1;;;;;;;;;;;;;
urn:gs1:gdd:cl:OriginOfWineCode:ZA_TULBAGH;OriginOfWineCode;ZA_TULBAGH;South Africa - Tulbagh;South Africa - Tulbagh;Afrique du Sud - Tulbagh;;;;;;;;;NEW;CURRENT;1;;;;;;;;;;;;;
urn:gs1:gdd:cl:OriginOfWineCode:ZA_UNCLASSIFIED;OriginOfWineCode;ZA_UNCLASSIFIED;South Africa - Unclassified;South Africa - Unclassified;Afrique du Sud - Non classé;;;;;;;;;NEW;CURRENT;1;;;;;;;;;;;;;
urn:gs1:gdd:cl:OriginOfWineCode:ZA_WESTERN CAPE;OriginOfWineCode;ZA_WESTERN CAPE;South Africa - Western Cape;South Africa - Western Cape;Afrique du Sud - Cap-Occidental;;;;;;;;;NEW;CURRENT;1;;;;;;;;;;;;;
urn:gs1:gdd:cl:OriginOfWineCode:ZA_WESTERN CAPE_WALKER BAY;OriginOfWineCode;ZA_WESTERN CAPE_WALKER BAY;South Africa - Western Cape - Walker Bay;South Africa - Western Cape - Walker Bay;Afrique du Sud - Cap-Occidental - Walker Bay;;;;;;;;;NEW;CURRENT;1;;;;;;;;;;;;;
urn:gs1:gdd:cl:PackageTypeCode_GDSN;PackageTypeCode_GDSN;;;;;;;;;;;;;CHANGED;CURRENT;2;;;;;;;;;;;;;
urn:gs1:gdd:cl:PackageTypeCode_GDSN:AA;PackageTypeCode_GDSN;AA;Intermediate Bulk Container, rigid plastic;Intermediate Bulk Container, rigid plastic;Conteneur en vrac intermédiaire, plastique rigide (RIBC);;;;;;;;; Plastic composite IBC Container; Wire Cage IBC Container; Steel IBC Container; and Stainless steel IBC Container.;CODEVALUE;GDSN;;NEW;CURRENT;1;;;;;;
urn:gs1:gdd:cl:PackageTypeCode_GDSN:AE;PackageTypeCode_GDSN;AE;Aerosol;Aerosol;Aérosol;;;;;;;;; furniture polish; etc; under pressure). It does not include atomizers; because atomizers do not rely on a pressurised container to propel product from the container.;CODEVALUE;GDSN;;NEW;CURRENT;1;;;;;;
urn:gs1:gdd:cl:PackageTypeCode_GDSN:AM;PackageTypeCode_GDSN;AM;Ampoule;Ampoule;Ampoule;;;;;;;;;CODEVALUE;GDSN;;NEW;CURRENT;1;;;;;;;;;;
urn:gs1:gdd:cl:PackageTypeCode_GDSN:BA;PackageTypeCode_GDSN;BA;Barrel;Barrel;Baril;;;;;;;;;NEW;CURRENT;1;;;;;;;;;;;;;
urn:gs1:gdd:cl:PackageTypeCode_GDSN:BBG;PackageTypeCode_GDSN;BBG;Bag in Box;Bag in Box;Sac dans une boîte;;;;;;;;;;NEW;CURRENT;1;;;;;;;;;;;;
urn:gs1:gdd:cl:PackageTypeCode_GDSN:BG;PackageTypeCode_GDSN;BG;Bag;Bag;Sac;;;;;;;;;CODEVALUE;GDSN;;NEW;CURRENT;1;;;;;;;;;;
urn:gs1:gdd:cl:PackageTypeCode_GDSN:BJ;PackageTypeCode_GDSN;BJ;Bucket;Bucket;Seau;;;;;;;;; plastic; or other appropriate material).;CODEVALUE;GDSN;;NEW;CURRENT;1;;;;;;;;
urn:gs1:gdd:cl:PackageTypeCode_GDSN:BK;PackageTypeCode_GDSN;BK;Basket;Basket;Panier;;;;;;;;;;NEW;CURRENT;1;;;;;;;;;;;;
urn:gs1:gdd:cl:PackageTypeCode_GDSN:BL;PackageTypeCode_GDSN;BL;Berlingot;Berlingot;Berlingot;;;;;;;;;NEW;CURRENT;1;;;;;;;;;;;;;
urn:gs1:gdd:cl:PackageTypeCode_GDSN:BO;PackageTypeCode_GDSN;BO;Bottle;Bottle;Bouteille;;;;;;;;; square; oblong; or a combination of these. Bottles generally are made of glass or plastics but can also be earthenware or metal. Bottle may be disposable; recyclable; returnable; or reusable.;CODEVALUE;GDSN;;CHANGED;CURRENT;2;;;;
urn:gs1:gdd:cl:PackageTypeCode_GDSN:BPG;PackageTypeCode_GDSN;BPG;Blister pack;Blister pack;Blister;;;;;;;;; the blister folds over the product in clam-shell fashion to form an enclosing container. Blisters are most usually thermoformed from polyvinyl chloride;however; almost any thermoplastic can be thermoformed into a blister.;CODEVALUE;GDSN;;NEW;CURRENT;1;;;;;;;
urn:gs1:gdd:cl:PackageTypeCode_GDSN:BRI;PackageTypeCode_GDSN;BRI;Brick;Brick;Brique;;;;;;;;;;NEW;CURRENT;1;;;;;;;;;;;;
urn:gs1:gdd:cl:PackageTypeCode_GDSN:BX;PackageTypeCode_GDSN;BX;Box;Box;Boîte;;;;;;;;;;NEW;CURRENT;1;;;;;;;;;;;;
urn:gs1:gdd:cl:PackageTypeCode_GDSN:CG;PackageTypeCode_GDSN;CG;Cage;Cage;Cage;;;;;;;;;NEW;CURRENT;1;;;;;;;;;;;;;
urn:gs1:gdd:cl:PackageTypeCode_GDSN:CHB;PackageTypeCode_GDSN;CHB;Chub;Chub;Chevaine;;;;;;;;;GDSN;;NEW;CURRENT;1;;;;;;;;;;;
urn:gs1:gdd:cl:PackageTypeCode_GDSN:CM;PackageTypeCode_GDSN;CM;Card;Card;Carte;;;;;;;;;NEW;CURRENT;1;;;;;;;;;;;;;
urn:gs1:gdd:cl:PackageTypeCode_GDSN:CMS;PackageTypeCode_GDSN;CMS;Clam Shell;Clam Shell;Coquille de palourde;;;;;;;;;;NEW;CURRENT;1;;;;;;;;;;;;
urn:gs1:gdd:cl:PackageTypeCode_GDSN:CNG;PackageTypeCode_GDSN;CNG;Can/Tin;Can/Tin;Boîte de conserve;;;;;;;;;CHANGED;CURRENT;2;;;;;;;;;;;;;
urn:gs1:gdd:cl:PackageTypeCode_GDSN:CP;PackageTypeCode_GDSN;CP;Capsule;Capsule;Capsule;;;;;;;;;GDSN;;NEW;CURRENT;1;;;;;;;;;;;
urn:gs1:gdd:cl:PackageTypeCode_GDSN:CQ;PackageTypeCode_GDSN;CQ;Cartridge;Cartridge;Cartouche;;;;;;;;;;NEW;CURRENT;2;;;;;;;;;;;;
urn:gs1:gdd:cl:PackageTypeCode_GDSN:CR;PackageTypeCode_GDSN;CR;Crate;Crate;Caisse;;;;;;;;;NEW;CURRENT;1;;;;;;;;;;;;;
urn:gs1:gdd:cl:PackageTypeCode_GDSN:CS;PackageTypeCode_GDSN;CS;Case;Case;Cas;;;;;;;;;CODEVALUE;GDSN;;NEW;CURRENT;1;;;;;;;;;;
urn:gs1:gdd:cl:PackageTypeCode_GDSN:CT;PackageTypeCode_GDSN;CT;Carton;Carton;Carton;;;;;;;;;;NEW;CURRENT;1;;;;;;;;;;;;
urn:gs1:gdd:cl:PackageTypeCode_GDSN:CU;PackageTypeCode_GDSN;CU;Cup/Tub/Bowl;Cup/Tub/Bowl;Tasse/Baignoire/Bol;;;;;;;;; sour cream; confections; etc.;CODEVALUE;GDSN;;CHANGED;CURRENT;2;;;;;;;
urn:gs1:gdd:cl:PackageTypeCode_GDSN:CY;PackageTypeCode_GDSN;CY;Cylinder;Cylinder;Cylindre;;;;;;;;;NEW;CURRENT;1;;;;;;;;;;;;;
urn:gs1:gdd:cl:PackageTypeCode_GDSN:EN;PackageTypeCode_GDSN;EN;Envelope;Envelope;Enveloppe;;;;;;;;; tie string; metal clasp; or other methods.;CODEVALUE;GDSN;;NEW;CURRENT;1;;;;;;;
urn:gs1:gdd:cl:PackageTypeCode_GDSN:GTG;PackageTypeCode_GDSN;GTG;Gable Top;Gable Top;Pignon;;;;;;;;;;NEW;CURRENT;1;;;;;;;;;;;;
urn:gs1:gdd:cl:PackageTypeCode_GDSN:HG;PackageTypeCode_GDSN;HG;Hanger;Hanger;Cintre;;;;;;;;;GDSN;;NEW;CURRENT;1;;;;;;;;;;;
urn:gs1:gdd:cl:PackageTypeCode_GDSN:JG;PackageTypeCode_GDSN;JG;Jug;Jug;Cruche;;;;;;;;;GDSN;;NEW;CURRENT;1;;;;;;;;;;;
urn:gs1:gdd:cl:PackageTypeCode_GDSN:JR;PackageTypeCode_GDSN;JR;Jar;Jar;Pot;;;;;;;;; which is used to store products; (e.g.; jams; cosmetics).;CODEVALUE;GDSN;;NEW;CURRENT;1;;;;;;
urn:gs1:gdd:cl:PackageTypeCode_GDSN:MPG;PackageTypeCode_GDSN;MPG;Multipack;Multipack;Multipack;;;;;;;;;NEW;CURRENT;1;;;;;;;;;;;;;
urn:gs1:gdd:cl:PackageTypeCode_GDSN:NE;PackageTypeCode_GDSN;NE;Not packed;Not packed;Non emballé;;;;;;;;;NEW;CURRENT;1;;;;;;;;;;;;;
urn:gs1:gdd:cl:PackageTypeCode_GDSN:NT;PackageTypeCode_GDSN;NT;Net;Net;Filet;;;;;;;;;CODEVALUE;GDSN;;NEW;CURRENT;1;;;;;;;;;;
urn:gs1:gdd:cl:PackageTypeCode_GDSN:PB;PackageTypeCode_GDSN;PB;Pallet Box;Pallet Box;Caisse-palette;;;;;;;;;NEW;CURRENT;1;;;;;;;;;;;;;
urn:gs1:gdd:cl:PackageTypeCode_GDSN:PLP;PackageTypeCode_GDSN;PLP;Peel Pack;Peel Pack;Peel Pack;;;;;;;;;NEW;CURRENT;1;;;;;;;;;;;;;
urn:gs1:gdd:cl:PackageTypeCode_GDSN:PO;PackageTypeCode_GDSN;PO;Pouch;Pouch;Poche;;;;;;;;;GDSN;;NEW;CURRENT;1;;;;;;;;;;;
urn:gs1:gdd:cl:PackageTypeCode_GDSN:PT;PackageTypeCode_GDSN;PT;Pot;Pot;Pot;;;;;;;;; food/liquids; dairy products; plants.;CODEVALUE;GDSN;;NEW;CURRENT;1;;;;;;;
urn:gs1:gdd:cl:PackageTypeCode_GDSN:PU;PackageTypeCode_GDSN;PU;Tray;Tray;Plateau;;;;;;;;;GDSN;;NEW;CURRENT;1;;;;;;;;;;;
urn:gs1:gdd:cl:PackageTypeCode_GDSN:PUG;PackageTypeCode_GDSN;PUG;Packed; unspecified;Packed;;;;;;;;;CODEVALUE;GDSN;;NEW;CURRENT;1;;;;;;;;;;
urn:gs1:gdd:cl:PackageTypeCode_GDSN:PX;PackageTypeCode_GDSN;PX;Pallet;Pallet;Palette;;;;;;;;;NEW;CURRENT;1;;;;;;;;;;;;;
urn:gs1:gdd:cl:PackageTypeCode_GDSN:RK;PackageTypeCode_GDSN;RK;Rack;Rack;Étagère;;;;;;;;;CODEVALUE;GDSN;;NEW;CURRENT;1;;;;;;;;;;
urn:gs1:gdd:cl:PackageTypeCode_GDSN:RL;PackageTypeCode_GDSN;RL;Reel;Reel;Bobine;;;;;;;;; is wound. Any device on which a material may be wound. Usually has flanged ends and is used for shipping or processing purposes.;CODEVALUE;GDSN;;NEW;CURRENT;1;;;;;;;;;
urn:gs1:gdd:cl:PackageTypeCode_GDSN:RO;PackageTypeCode_GDSN;RO;Roll;Roll;Rouler;;;;;;;;;NEW;CURRENT;2;;;;;;;;;;;;;
urn:gs1:gdd:cl:PackageTypeCode_GDSN:SG;PackageTypeCode_GDSN;SG;Syringe;Syringe;Seringue;;;;;;;;;GDSN;;NEW;CURRENT;1;;;;;;;;;;;
urn:gs1:gdd:cl:PackageTypeCode_GDSN:STR;PackageTypeCode_GDSN;STR;Stretchwrapped;Stretchwrapped;Filmé sous film étirable;;;;;;;;;CODEVALUE;GDSN;;NEW;CURRENT;1;;;;;;;;;;
urn:gs1:gdd:cl:PackageTypeCode_GDSN:SW;PackageTypeCode_GDSN;SW;Shrinkwrapped;Shrinkwrapped;emballé sous film rétractable;;;;;;;;;CODEVALUE;GDSN;;NEW;CURRENT;1;;;;;;;;;;
urn:gs1:gdd:cl:PackageTypeCode_GDSN:SY;PackageTypeCode_GDSN;SY;Sleeve;Sleeve;Manche;;;;;;;;;GDSN;;NEW;CURRENT;1;;;;;;;;;;;
urn:gs1:gdd:cl:PackageTypeCode_GDSN:TU;PackageTypeCode_GDSN;TU;Tube;Tube;Tube;;;;;;;;;NEW;CURRENT;1;;;;;;;;;;;;;
urn:gs1:gdd:cl:PackageTypeCode_GDSN:WIRE;PackageTypeCode_GDSN;WIRE;Wire;Wire;Fil;;;;;;;;;NEW;CURRENT;1;;;;;;;;;;;;;
urn:gs1:gdd:cl:PackageTypeCode_GDSN:WRP;PackageTypeCode_GDSN;WRP;Wrapper;Wrapper;Emballage;;;;;;;;;;NEW;CURRENT;2;;;;;;;;;;;;
urn:gs1:gdd:cl:PackageTypeCode_GDSN:X11;PackageTypeCode_GDSN;X11;Banded package;Banded package;Emballage cerclé;;;;;;;;;GDSN;;NEW;CURRENT;1;;;;;;;;;;;
urn:gs1:gdd:cl:PackageTypeCode_GDSN:ZU;PackageTypeCode_GDSN;ZU;Flexible Intermediate Bulk Container;Flexible Intermediate Bulk Container;Conteneur intermédiaire flexible pour vrac;;;;;;;;;NEW;CURRENT;1;;;;;;;;;;;;;
urn:gs1:gdd:cl:PackagingFunctionCode;PackagingFunctionCode;;;;;;;;;;;;;NEW;CURRENT;1;;;;;;;;;;;;;
urn:gs1:gdd:cl:PackagingFunctionCode:ANTI_TAMPERING;PackagingFunctionCode;ANTI_TAMPERING;;;;;;;;;;;;;NEW;CURRENT;1;;;;;;;;;;;;
urn:gs1:gdd:cl:PackagingFunctionCode:ANTISEPTIC;PackagingFunctionCode;ANTISEPTIC;;;;;;;;;;;;NEW;CURRENT;1;;;;;;;;;;;;;
urn:gs1:gdd:cl:PackagingFunctionCode:ATOMIZER;PackagingFunctionCode;ATOMIZER;;;;;;;;;;;;CODEVALUE;GDSN;;NEW;CURRENT;1;;;;;;;;;;
urn:gs1:gdd:cl:PackagingFunctionCode:CHILD_RESISTANT_CLOSURE;PackagingFunctionCode;CHILD_RESISTANT_CLOSURE;Child resistant closure;Child resistant closure;Fermeture à l'épreuve des enfants;;;;;;;;;NEW;CURRENT;1;;;;;;;;;;;;;
urn:gs1:gdd:cl:PackagingFunctionCode:COATED;PackagingFunctionCode;COATED;;;;;;;;;;;;;NEW;CURRENT;1;;;;;;;;;;;;
urn:gs1:gdd:cl:PackagingFunctionCode:COMPRESSED;PackagingFunctionCode;COMPRESSED;;;;;;;;;;;;NEW;CURRENT;1;;;;;;;;;;;;;
urn:gs1:gdd:cl:PackagingFunctionCode:DISPENSER;PackagingFunctionCode;DISPENSER;;;;;;;;;;;;NEW;CURRENT;1;;;;;;;;;;;;;
urn:gs1:gdd:cl:PackagingFunctionCode:FLEXIBLE;PackagingFunctionCode;FLEXIBLE;Flexible;Flexible;Flexible;;;;;;;;;NEW;CURRENT;1;;;;;;;;;;;;;
urn:gs1:gdd:cl:PackagingFunctionCode:GIFT_WRAPPED;PackagingFunctionCode;GIFT_WRAPPED;;;;;;;;;;;;NEW;CURRENT;1;;;;;;;;;;;;;
urn:gs1:gdd:cl:PackagingFunctionCode:HERMETICALLY_SEALED;PackagingFunctionCode;HERMETICALLY_SEALED;Hermetically sealed;Hermetically sealed;Hermétiquement scellé;;;;;;;;;NEW;CURRENT;1;;;;;;;;;;;;;
urn:gs1:gdd:cl:PackagingFunctionCode:HYGIENIC;PackagingFunctionCode;HYGIENIC;Hygienic;Hygienic;Hygiénique;;;;;;;;;GDSN;;NEW;CURRENT;1;;;;;;;;;;;
urn:gs1:gdd:cl:PackagingFunctionCode:ISOTHERMIC;PackagingFunctionCode;ISOTHERMIC;;;;;;;;;;;;GDSN;;NEW;CURRENT;1;;;;;;;;;;;
urn:gs1:gdd:cl:PackagingFunctionCode:MODIFIED_ATMOSPHERE;PackagingFunctionCode;MODIFIED_ATMOSPHERE;;;;;;;;;;;;GDSN;;NEW;CURRENT;1;;;;;;;;;;;
urn:gs1:gdd:cl:PackagingFunctionCode:OXYGEN_INFUSED;PackagingFunctionCode;OXYGEN_INFUSED;;;;;;;;;;;;GDSN;;NEW;CURRENT;1;;;;;;;;;;;
urn:gs1:gdd:cl:PackagingFunctionCode:PEEL_OFF;PackagingFunctionCode;PEEL_OFF;;;;;;;;;;;;GDSN;;NEW;CURRENT;1;;;;;;;;;;;
urn:gs1:gdd:cl:PackagingFunctionCode:PINPACK;PackagingFunctionCode;PINPACK;;;;;;;;;;;;NEW;CURRENT;1;;;;;;;;;;;;;
urn:gs1:gdd:cl:PackagingFunctionCode:PROTECTED;PackagingFunctionCode;PROTECTED;;;;;;;;;;;;guard.;CODEVALUE;GDSN;;NEW;CURRENT;1;;;;;;;;;
urn:gs1:gdd:cl:PackagingFunctionCode:RECLOSABLE;PackagingFunctionCode;RECLOSABLE;Reclosable;Reclosable;Refermable;;;;;;;;;NEW;CURRENT;1;;;;;;;;;;;;;
urn:gs1:gdd:cl:PackagingFunctionCode:REINFORCED;PackagingFunctionCode;REINFORCED;;;;;;;;;;;;NEW;CURRENT;1;;;;;;;;;;;;;
urn:gs1:gdd:cl:PackagingFunctionCode:RIGID;PackagingFunctionCode;RIGID;Rigid;Rigid;Rigide;;;;;;;;;NEW;CURRENT;1;;;;;;;;;;;;;
urn:gs1:gdd:cl:PackagingFunctionCode:SEALED;PackagingFunctionCode;SEALED;Sealed;Sealed;Scellé;;;;;;;;;;NEW;CURRENT;1;;;;;;;;;;;;
urn:gs1:gdd:cl:PackagingFunctionCode:SIFT_PROOF;PackagingFunctionCode;SIFT_PROOF;;;;;;;;;;;;NEW;CURRENT;1;;;;;;;;;;;;;
urn:gs1:gdd:cl:PackagingFunctionCode:TAMPER_EVIDENT;PackagingFunctionCode;TAMPER_EVIDENT;;;;;;;;;;;;NEW;CURRENT;1;;;;;;;;;;;;;
urn:gs1:gdd:cl:PackagingFunctionCode:VACUUM_PACKED;PackagingFunctionCode;VACUUM_PACKED;;;;;;;;;;;;GDSN;;NEW;CURRENT;1;;;;;;;;;;;
urn:gs1:gdd:cl:PackagingFunctionCode:WATER_RESISTANT;PackagingFunctionCode;WATER_RESISTANT;;;;;;;;;;;;NEW;CURRENT;1;;;;;;;;;;;;;
urn:gs1:gdd:cl:PackagingRecyclingProcessTypeCode;PackagingRecyclingProcessTypeCode;;;;;;;;;;;;;NEW;CURRENT;1;;;;;;;;;;;;;
urn:gs1:gdd:cl:PackagingRecyclingProcessTypeCode:COMPOSTABLE;PackagingRecyclingProcessTypeCode;COMPOSTABLE;Compostable;Compostable;Compostable;;;;;;;;;NEW;CURRENT;1;;;;;;;;;;;;;
urn:gs1:gdd:cl:PackagingRecyclingProcessTypeCode:ENERGY_RECOVERABLE;PackagingRecyclingProcessTypeCode;ENERGY_RECOVERABLE;Energy Recoverable;Energy Recoverable;Énergie récupérable;;;;;;;;;NEW;CURRENT;1;;;;;;;;;;;;;
urn:gs1:gdd:cl:PackagingRecyclingProcessTypeCode:RECYCLABLE;PackagingRecyclingProcessTypeCode;RECYCLABLE;Recyclable;Recyclable;Recyclable;;;;;;;;;;NEW;CURRENT;1;;;;;;;;;;;;
urn:gs1:gdd:cl:PackagingRecyclingProcessTypeCode:REUSABLE;PackagingRecyclingProcessTypeCode;REUSABLE;Reusable;Reusable;Réutilisable;;;;;;;;;;NEW;CURRENT;1;;;;;;;;;;;;
urn:gs1:gdd:cl:PackagingRecyclingSchemeCode;PackagingRecyclingSchemeCode;;;;;;;;;;;;;CHANGED;CURRENT;4;;;;;;;;;;;;;
urn:gs1:gdd:cl:PackagingRecyclingSchemeCode:1;PackagingRecyclingSchemeCode;1;Polyethylene Terephthalates;Polyethylene Terephthalates;Polyéthylène téréphtalates;;;;;;;;;;CODEVALUE;GDSN;;NEW;CURRENT;3;;;;;;;;;
urn:gs1:gdd:cl:PackagingRecyclingSchemeCode:2;PackagingRecyclingSchemeCode;2;High-density Polyethylenes;High-density Polyethylenes;Polyéthylènes haute densité;;;;;;;;;;CODEVALUE;GDSN;;NEW;CURRENT;3;;;;;;;;;
urn:gs1:gdd:cl:PackagingRecyclingSchemeCode:20;PackagingRecyclingSchemeCode;20;Corrugated fibreboard (cardboard);Corrugated fibreboard (cardboard);Carton ondulé (carton);;;;;;;;;NEW;CURRENT;5;;;;;;;;;;;;;
urn:gs1:gdd:cl:PackagingRecyclingSchemeCode:21;PackagingRecyclingSchemeCode;21;Mixed paper/Non-corrugated fibreboard;Mixed paper/Non-corrugated fibreboard;Papier mixte/carton non ondulé;;;;;;;;;;UPDATED;CURRENT;5;;;;;;;;;;;;
urn:gs1:gdd:cl:PackagingRecyclingSchemeCode:22;PackagingRecyclingSchemeCode;22;Paper;Paper;Papier;;;;;;;;;;NEW;CURRENT;4;;;;;;;;;;;;
urn:gs1:gdd:cl:PackagingRecyclingSchemeCode:3;PackagingRecyclingSchemeCode;3;Polyvinyl Chlorides;Polyvinyl Chlorides;chlorures de polyvinyle;;;;;;;;;;CODEVALUE;GDSN;;NEW;CURRENT;3;;;;;;;;;
urn:gs1:gdd:cl:PackagingRecyclingSchemeCode:4;PackagingRecyclingSchemeCode;4;Low-density Polyethylenes;Low-density Polyethylenes;Polyéthylènes basse densité;;;;;;;;;;CODEVALUE;GDSN;;NEW;CURRENT;3;;;;;;;;;
urn:gs1:gdd:cl:PackagingRecyclingSchemeCode:40;PackagingRecyclingSchemeCode;40;Steel;Steel;Acier;;;;;;;;;NEW;CURRENT;4;;;;;;;;;;;;;
urn:gs1:gdd:cl:PackagingRecyclingSchemeCode:41;PackagingRecyclingSchemeCode;41;Aluminium;Aluminium;Aluminium;;;;;;;;;NEW;CURRENT;4;;;;;;;;;;;;;
urn:gs1:gdd:cl:PackagingRecyclingSchemeCode:5;PackagingRecyclingSchemeCode;5;Polypropylenes;Polypropylenes;Polypropylènes;;;;;;;;;CODEVALUE;GDSN;;NEW;CURRENT;3;;;;;;;;;;
urn:gs1:gdd:cl:PackagingRecyclingSchemeCode:50;PackagingRecyclingSchemeCode;50;Wood;Wood;Bois;;;;;;;;;NEW;CURRENT;4;;;;;;;;;;;;;
urn:gs1:gdd:cl:PackagingRecyclingSchemeCode:51;PackagingRecyclingSchemeCode;51;Cork;Cork;Liège;;;;;;;;;NEW;CURRENT;4;;;;;;;;;;;;;
urn:gs1:gdd:cl:PackagingRecyclingSchemeCode:6;PackagingRecyclingSchemeCode;6;Polystyrenes;Polystyrenes;Polystyrènes;;;;;;;;;;CODEVALUE;GDSN;;NEW;CURRENT;3;;;;;;;;;
urn:gs1:gdd:cl:PackagingRecyclingSchemeCode:60;PackagingRecyclingSchemeCode;60;Cotton;Cotton;Coton;;;;;;;;;NEW;CURRENT;4;;;;;;;;;;;;;
urn:gs1:gdd:cl:PackagingRecyclingSchemeCode:61;PackagingRecyclingSchemeCode;61;Jute;Jute;Jute;;;;;;;;;NEW;CURRENT;4;;;;;;;;;;;;;
urn:gs1:gdd:cl:PackagingRecyclingSchemeCode:7;PackagingRecyclingSchemeCode;7;Plastics Other;Plastics Other;Plastiques Autres;;;;;;;;;;CODEVALUE;GDSN;;NEW;CURRENT;3;;;;;;;;;
urn:gs1:gdd:cl:PackagingRecyclingSchemeCode:70;PackagingRecyclingSchemeCode;70;Colourless glass;Colourless glass;Verre incolore;;;;;;;;;UPDATED;CURRENT;5;;;;;;;;;;;;;
urn:gs1:gdd:cl:PackagingRecyclingSchemeCode:71;PackagingRecyclingSchemeCode;71;Green glass;Green glass;Verre vert;;;;;;;;;UPDATED;CURRENT;6;;;;;;;;;;;;;
urn:gs1:gdd:cl:PackagingRecyclingSchemeCode:72;PackagingRecyclingSchemeCode;72;Brown glass;Brown glass;Verre brun;;;;;;;;;UPDATED;CURRENT;5;;;;;;;;;;;;;
urn:gs1:gdd:cl:PackagingRecyclingSchemeCode:80;PackagingRecyclingSchemeCode;80;Composite: Paper and Fibreboard/Miscellaneous Metals;Composite: Paper and Fibreboard/Miscellaneous Metals;Composite : Papier et carton/Métaux divers;;;;;;;;;NEW;CURRENT;4;;;;;;;;;;;;;
urn:gs1:gdd:cl:PackagingRecyclingSchemeCode:81;PackagingRecyclingSchemeCode;81;Composite: Paper/Fibreboard and Plastic;Composite: Paper/Fibreboard and Plastic;Composite : papier/panneau de fibres et plastique;;;;;;;;;;CODEVALUE;GDSN;;UPDATED;CURRENT;5;;;;;;;;;
urn:gs1:gdd:cl:PackagingRecyclingSchemeCode:82;PackagingRecyclingSchemeCode;82;Composite: Paper and Fibreboard/Aluminium;Composite: Paper and Fibreboard/Aluminium;Composite : Papier et panneau de fibres/Aluminium;;;;;;;;;NEW;CURRENT;4;;;;;;;;;;;;;
urn:gs1:gdd:cl:PackagingRecyclingSchemeCode:83;PackagingRecyclingSchemeCode;83;Composite: Paper and Fibreboard/Tinplate;Composite: Paper and Fibreboard/Tinplate;Composite : papier et carton/fer blanc;;;;;;;;;NEW;CURRENT;4;;;;;;;;;;;;;
urn:gs1:gdd:cl:PackagingRecyclingSchemeCode:84;PackagingRecyclingSchemeCode;84;Composite: Paper and fibreboard/Plastic/Aluminium;Composite: Paper and fibreboard/Plastic/Aluminium;Composite : Papier et carton/Plastique/Aluminium;;;;;;;;;;CODEVALUE;GDSN;;NEW;CURRENT;5;;;;;;;;;
urn:gs1:gdd:cl:PackagingRecyclingSchemeCode:85;PackagingRecyclingSchemeCode;85;Composite: Paper and Fibreboard/Plastic /Aluminium/Tinplate;Composite: Paper and Fibreboard/Plastic /Aluminium/Tinplate;Composite : Papier et carton/Plastique/Aluminium/Fer blanc;;;;;;;;;NEW;CURRENT;4;;;;;;;;;;;;;
urn:gs1:gdd:cl:PackagingRecyclingSchemeCode:87;PackagingRecyclingSchemeCode;87;Composite: Card-stock Laminate or Biodegradable Plastic;Composite: Card-stock Laminate or Biodegradable Plastic;Composite : papier cartonné stratifié ou plastique biodégradable;;;;;;;;;CODEVALUE;GDSN;;NEW;CURRENT;4;;;;;;;;;;
urn:gs1:gdd:cl:PackagingRecyclingSchemeCode:90;PackagingRecyclingSchemeCode;90;Composite: Plastic/Aluminium;Composite: Plastic/Aluminium;Composite : Plastique/Aluminium;;;;;;;;;NEW;CURRENT;4;;;;;;;;;;;;;
urn:gs1:gdd:cl:PackagingRecyclingSchemeCode:91;PackagingRecyclingSchemeCode;91;Composite: Plastic/Tinplate;Composite: Plastic/Tinplate;Composite : Plastique/Fer blanc;;;;;;;;;NEW;CURRENT;4;;;;;;;;;;;;;
urn:gs1:gdd:cl:PackagingRecyclingSchemeCode:92;PackagingRecyclingSchemeCode;92;Composite: Plastic/Miscellaneous Metals;Composite: Plastic/Miscellaneous Metals;Composite : Plastique/Métaux divers;;;;;;;;;NEW;CURRENT;4;;;;;;;;;;;;;
urn:gs1:gdd:cl:PackagingRecyclingSchemeCode:95;PackagingRecyclingSchemeCode;95;Composite: Glass/Plastic;Composite: Glass/Plastic;Composite : verre/plastique;;;;;;;;;NEW;CURRENT;4;;;;;;;;;;;;;
urn:gs1:gdd:cl:PackagingRecyclingSchemeCode:96;PackagingRecyclingSchemeCode;96;Composite: Glass/Aluminium;Composite: Glass/Aluminium;Composite : Verre/Aluminium;;;;;;;;;NEW;CURRENT;4;;;;;;;;;;;;;
urn:gs1:gdd:cl:PackagingRecyclingSchemeCode:97;PackagingRecyclingSchemeCode;97;Composite: Glass/Tinplate;Composite: Glass/Tinplate;Composite : verre/fer blanc;;;;;;;;;NEW;CURRENT;4;;;;;;;;;;;;;
urn:gs1:gdd:cl:PackagingRecyclingSchemeCode:98;PackagingRecyclingSchemeCode;98;Composite: Glass/Miscellaneous Metals;Composite: Glass/Miscellaneous Metals;Composite : Verre/Métaux divers;;;;;;;;;NEW;CURRENT;4;;;;;;;;;;;;;
urn:gs1:gdd:cl:PackagingRecyclingSchemeCode:ABS;PackagingRecyclingSchemeCode;ABS;Acrylonitrile butadiene;Acrylonitrile butadiene;Acrylonitrile butadiène;;;;;;;;;CODEVALUE;GDSN;;NEW;CURRENT;4;;;;;;;;;;
urn:gs1:gdd:cl:PackagingRecyclingSchemeCode:CEN;PackagingRecyclingSchemeCode;CEN;CEN;CEN;CEN;;;;;;;;;;NEW;CURRENT;1;;;;;;;;;;;;
urn:gs1:gdd:cl:PackagingRecyclingSchemeCode:EKO_PULLO;PackagingRecyclingSchemeCode;EKO_PULLO;EKO PULLO;EKO PULLO;EKO PULLO;;;;;;;;;NEW;CURRENT;1;;;;;;;;;;;;;
urn:gs1:gdd:cl:PackagingRecyclingSchemeCode:PA;PackagingRecyclingSchemeCode;PA;Polyamide;Polyamide;Polyamide;;;;;;;;;NEW;CURRENT;2;;;;;;;;;;;;;
urn:gs1:gdd:cl:PackagingRecyclingSchemeCode:PALPA;PackagingRecyclingSchemeCode;PALPA;PALPA;PALPA;PALPA;;;;;;;;;NEW;CURRENT;1;;;;;;;;;;;;;
urn:gs1:gdd:cl:PackagingRecyclingSchemeCode:X_70;PackagingRecyclingSchemeCode;X_70;Mixed glass;Mixed glass;Verre mixte;;;;;;;;;NEW;CURRENT;1;;;;;;;;;;;;;
urn:gs1:gdd:cl:PackagingShapeCode;PackagingShapeCode;;;;;;;;;;;;;NEW;CURRENT;1;;;;;;;;;;;;;
urn:gs1:gdd:cl:PackagingShapeCode:BAR;PackagingShapeCode;BAR;Bar;Bar;Bar;;;;;;;;;;NEW;CURRENT;1;;;;;;;;;;;;
urn:gs1:gdd:cl:PackagingShapeCode:COIL;PackagingShapeCode;COIL;Coil;Coil;Bobine;;;;;;;;;NEW;CURRENT;1;;;;;;;;;;;;;
urn:gs1:gdd:cl:PackagingShapeCode:CONE;PackagingShapeCode;CONE;Cone;Cone;Cône;;;;;;;;;;NEW;CURRENT;1;;;;;;;;;;;;
urn:gs1:gdd:cl:PackagingShapeCode:CYLINDRICAL;PackagingShapeCode;CYLINDRICAL;Cylindrical;Cylindrical;Cylindrique;;;;;;;;;NEW;CURRENT;1;;;;;;;;;;;;;
urn:gs1:gdd:cl:PackagingShapeCode:POLYGON;PackagingShapeCode;POLYGON;Polygon;Polygon;Polygone;;;;;;;;; 12-faced: dodecahedron; etc.;CODEVALUE;GDSN;;NEW;CURRENT;1;;;;;;;;
urn:gs1:gdd:cl:PackagingShapeCode:RECTANGULAR;PackagingShapeCode;RECTANGULAR;Rectangular;Rectangular;Rectangulaire;;;;;;;;;NEW;CURRENT;1;;;;;;;;;;;;;
urn:gs1:gdd:cl:PackagingShapeCode:SPHERICAL;PackagingShapeCode;SPHERICAL;Spherical;Spherical;Sphérique;;;;;;;;;CODEVALUE;GDSN;;NEW;CURRENT;1;;;;;;;;;;
urn:gs1:gdd:cl:PackagingShapeCode:TABLET;PackagingShapeCode;TABLET;Tablet;Tablet;Comprimé;;;;;;;;;NEW;CURRENT;1;;;;;;;;;;;;;
urn:gs1:gdd:cl:PackagingShapeCode:UNSPECIFIED;PackagingShapeCode;UNSPECIFIED;Unspecified;Unspecified;Indéterminé;;;;;;;;;NEW;CURRENT;1;;;;;;;;;;;;;
urn:gs1:gdd:cl:PackagingTermsAndConditionsCode;PackagingTermsAndConditionsCode;;;;;;;;;;;;;NEW;CURRENT;1;;;;;;;;;;;;;
urn:gs1:gdd:cl:PackagingTermsAndConditionsCode:1;PackagingTermsAndConditionsCode;1;Packaging cost paid by supplier.;Packaging cost paid by supplier.;Frais d'emballage payés par le fournisseur.;;;;;;;;;NEW;CURRENT;1;;;;;;;;;;;;;
urn:gs1:gdd:cl:PackagingTermsAndConditionsCode:10;PackagingTermsAndConditionsCode;2;Packaging cost paid by recipient.;Packaging cost paid by recipient.;Frais d'emballage à la charge du destinataire.;;;;;;;;;NEW;CURRENT;1;;;;;;;;;;;;;
urn:gs1:gdd:cl:PackagingTermsAndConditionsCode:11;PackagingTermsAndConditionsCode;3;Packaging cost not charged (returnable).;Packaging cost not charged (returnable).;Frais d'emballage non facturés (consignés).;;;;;;;;;NEW;CURRENT;1;;;;;;;;;;;;;
urn:gs1:gdd:cl:PackagingTermsAndConditionsCode:12;PackagingTermsAndConditionsCode;4;Safe Return Deposit.;Safe Return Deposit.;Dépôt de garantie.;;;;;;;;;NEW;CURRENT;1;;;;;;;;;;;;;
urn:gs1:gdd:cl:PackagingTermsAndConditionsCode:2;PackagingTermsAndConditionsCode;5;Not Reusable.;Not Reusable.;Non réutilisable.;;;;;;;;;NEW;CURRENT;1;;;;;;;;;;;;;
urn:gs1:gdd:cl:PackagingTermsAndConditionsCode:3;PackagingTermsAndConditionsCode;6;Package exchangeable at the point of delivery.;Package exchangeable at the point of delivery.;Colis échangeable au point de livraison.;;;;;;;;;NEW;CURRENT;1;;;;;;;;;;;;;
urn:gs1:gdd:cl:PackagingTermsAndConditionsCode:4;PackagingTermsAndConditionsCode;7;Repack In;Repack In;Remballer;;;;;;;;;NEW;CURRENT;1;;;;;;;;;;;;;
urn:gs1:gdd:cl:PackagingTermsAndConditionsCode:5;PackagingTermsAndConditionsCode;8;Unpack From;Unpack From;Déballer de;;;;;;;;;NEW;CURRENT;1;;;;;;;;;;;;;
urn:gs1:gdd:cl:PackagingTermsAndConditionsCode:6;PackagingTermsAndConditionsCode;9;Pack In.;Pack In.;Emballez.;;;;;;;;;NEW;CURRENT;1;;;;;;;;;;;;;
urn:gs1:gdd:cl:PackagingTermsAndConditionsCode:7;PackagingTermsAndConditionsCode;10;Rented;Rented;Loué;;;;;;;;;NEW;CURRENT;1;;;;;;;;;;;;;
urn:gs1:gdd:cl:PackagingTermsAndConditionsCode:8;PackagingTermsAndConditionsCode;11;Labelled;Labelled;Étiqueté;;;;;;;;;NEW;CURRENT;1;;;;;;;;;;;;;
urn:gs1:gdd:cl:PackagingTermsAndConditionsCode:9;PackagingTermsAndConditionsCode;12;Recycling Fee Paid;Recycling Fee Paid;Frais de recyclage payés;;;;;;;;;NEW;CURRENT;1;;;;;;;;;;;;;
urn:gs1:gdd:cl:PegHoleTypeCode;PegHoleTypeCode;;;;;;;;;;;;;NEW;CURRENT;1;;;;;;;;;;;;;
urn:gs1:gdd:cl:PegHoleTypeCode:ES1;PegHoleTypeCode;ES1;Euro Slot 25 millimetre.;Euro Slot 25 millimetre.;Fente Euro 25 millimètres.;;;;;;;;;NEW;CURRENT;1;;;;;;;;;;;;;
urn:gs1:gdd:cl:PegHoleTypeCode:ES2;PegHoleTypeCode;ES2;Euro Slot 33 millimetre;Euro Slot 33 millimetre;Fente Euro 33 millimètres;;;;;;;;;NEW;CURRENT;1;;;;;;;;;;;;;
urn:gs1:gdd:cl:PegHoleTypeCode:HH1;PegHoleTypeCode;HH1;Hole Hook: An open hook (a peg hole open from one side) enabling packages to be hung at any position on the peg.;Hole Hook: An open hook (a peg hole open from one side) enabling packages to be hung at any position on the peg.;Crochet à trou : Un crochet ouvert (un trou de cheville ouvert d'un côté) permettant d'accrocher des colis à n'importe quelle position sur la cheville.;;;;;;;;;NEW;CURRENT;1;;;;;;;;;;;;;
urn:gs1:gdd:cl:PegHoleTypeCode:RL1;PegHoleTypeCode;RL1;A round hole.;A round hole.;Un trou rond.;;;;;;;;;NEW;CURRENT;1;;;;;;;;;;;;;
urn:gs1:gdd:cl:PegHoleTypeCode:SL1;PegHoleTypeCode;SL1;A slot hole with 10 millimetres width.;A slot hole with 10 millimetres width.;Un trou fendu de 10 millimètres de largeur.;;;;;;;;;NEW;CURRENT;1;;;;;;;;;;;;;
urn:gs1:gdd:cl:PegHoleTypeCode:SL3;PegHoleTypeCode;SL3;A slot hole with 7 millimetres width.;A slot hole with 7 millimetres width.;Un trou fendu de 7 millimètres de largeur.;;;;;;;;;NEW;CURRENT;1;;;;;;;;;;;;;
urn:gs1:gdd:cl:PlatformTermsAndConditionsCode;PlatformTermsAndConditionsCode;;;;;;;;;;;;;NEW;CURRENT;1;;;;;;;;;;;;;
urn:gs1:gdd:cl:PlatformTermsAndConditionsCode:1;PlatformTermsAndConditionsCode;1;No Exchange / No Return;No Exchange / No Return;Aucun échange / Aucun retour;;;;;;;;;NEW;CURRENT;1;;;;;;;;;;;;;
urn:gs1:gdd:cl:PlatformTermsAndConditionsCode:2;PlatformTermsAndConditionsCode;2;Exchange Pallets;Exchange Pallets;Palettes d'échange;;;;;;;;;NEW;CURRENT;1;;;;;;;;;;;;;
urn:gs1:gdd:cl:PlatformTermsAndConditionsCode:3;PlatformTermsAndConditionsCode;3;Return Pallets;Return Pallets;Palettes de retour;;;;;;;;;NEW;CURRENT;1;;;;;;;;;;;;;
urn:gs1:gdd:cl:PlatformTermsAndConditionsCode:4;PlatformTermsAndConditionsCode;4;Pallets to be Purchased by the Customer;Pallets to be Purchased by the Customer;Palettes à acheter par le client;;;;;;;;;NEW;CURRENT;1;;;;;;;;;;;;;
urn:gs1:gdd:cl:PlatformTermsAndConditionsCode:5;PlatformTermsAndConditionsCode;5;Pallet;Pallet;Palette;;;;;;;;;NEW;CURRENT;1;;;;;;;;;;;;;
urn:gs1:gdd:cl:PlatformTermsAndConditionsCode:6;PlatformTermsAndConditionsCode;6;One-way Pallet.;One-way Pallet.;Palette à usage unique.;;;;;;;;;NEW;CURRENT;1;;;;;;;;;;;;;
urn:gs1:gdd:cl:PlatformTermsAndConditionsCode:7;PlatformTermsAndConditionsCode;7;Returnable Pallet.;Returnable Pallet.;Palette consignée.;;;;;;;;;NEW;CURRENT;1;;;;;;;;;;;;;
urn:gs1:gdd:cl:PlatformTypeCode;PlatformTypeCode;;;;;;;;;;;;;NEW;CURRENT;1;;;;;;;;;;;;;
urn:gs1:gdd:cl:PlatformTypeCode:10;PlatformTypeCode;10;Pallet 800 X 600 mm;Pallet 800 X 600 mm;Palette 800 X 600 mm;;;;;;;;;GDSN;;NEW;CURRENT;1;;;;;;;;;;;
urn:gs1:gdd:cl:PlatformTypeCode:11;PlatformTypeCode;11;Pallet 800 X 1200 mm;Pallet 800 X 1200 mm;Palette 800 X 1200 mm;;;;;;;;;;NEW;CURRENT;1;;;;;;;;;;;;
urn:gs1:gdd:cl:PlatformTypeCode:12;PlatformTypeCode;12;Pallet 1200 X 1000 mm;Pallet 1200 X 1000 mm;Palette 1200 X 1000 mm;;;;;;;;;;NEW;CURRENT;1;;;;;;;;;;;;
urn:gs1:gdd:cl:PlatformTypeCode:13;PlatformTypeCode;13;Pallet 600 X 400 mm;Pallet 600 X 400 mm;Palette 600 X 400 mm;;;;;;;;;;NEW;CURRENT;1;;;;;;;;;;;;
urn:gs1:gdd:cl:PlatformTypeCode:14;PlatformTypeCode;14;Pallet 400 X 300 mm;Pallet 400 X 300 mm;Palette 400 X 300 mm;;;;;;;;;NEW;CURRENT;1;;;;;;;;;;;;;
urn:gs1:gdd:cl:PlatformTypeCode:25;PlatformTypeCode;25;Australian Pallet;Australian Pallet;Palette australienne;;;;;;;;;;NEW;CURRENT;1;;;;;;;;;;;;
urn:gs1:gdd:cl:PlatformTypeCode:27;PlatformTypeCode;27;Unspecified;Unspecified;Indéterminé;;;;;;;;;NEW;CURRENT;1;;;;;;;;;;;;;
urn:gs1:gdd:cl:PlatformTypeCode:31;PlatformTypeCode;31;Pallet 1000 X 600 mm;Pallet 1000 X 600 mm;Palette 1000 X 600 mm;;;;;;;;;NEW;CURRENT;1;;;;;;;;;;;;;
urn:gs1:gdd:cl:PlatformTypeCode:32;PlatformTypeCode;32;Block Pallet;Block Pallet;Palette de blocs;;;;;;;;;GDSN;;NEW;CURRENT;1;;;;;;;;;;;
urn:gs1:gdd:cl:PlatformTypeCode:33;PlatformTypeCode;33;Dolly;Dolly;Chariot;;;;;;;;; storing; stacking; handling and transporting goods as a unit; suitable for manually positioning.;CODEVALUE;GDSN;;NEW;CURRENT;1;;;;;;
urn:gs1:gdd:cl:PlatformTypeCode:35;PlatformTypeCode;35;Pallet 1000 X 1200 mm;Pallet 1000 X 1200 mm;Palette 1000 X 1200 mm;;;;;;;;;NEW;CURRENT;1;;;;;;;;;;;;;
urn:gs1:gdd:cl:PlatformTypeCode:38;PlatformTypeCode;38;Horizontal Drum Pallet;Horizontal Drum Pallet;Palette à tambour horizontale;;;;;;;;; e.g. drums; barrels; or kegs; as a unit load; suitable for lifting by a forklift; pallet jack; or other jacking device.;CODEVALUE;GDSN;;NEW;CURRENT;1;;;
urn:gs1:gdd:cl:PlatformTypeCode:39;PlatformTypeCode;39;IBC Pallet;IBC Pallet;Palette IBC;;;;;;;;; and Stainless steel IBC Container;CODEVALUE;GDSN;;NEW;CURRENT;1;;;;;;;;;
urn:gs1:gdd:cl:PlatformTypeCode:40;PlatformTypeCode;40;Pallet 1219 X 1016 mm;Pallet 1219 X 1016 mm;Palette 1219 X 1016 mm;;;;;;;;;NEW;CURRENT;1;;;;;;;;;;;;;
urn:gs1:gdd:cl:PlatformTypeCode:41;PlatformTypeCode;41;Pallet 1067 X 1067 mm;Pallet 1067 X 1067 mm;Palette 1067 X 1067 mm;;;;;;;;;NEW;CURRENT;1;;;;;;;;;;;;;
urn:gs1:gdd:cl:PlatformTypeCode:42;PlatformTypeCode;42;Pallet 1100 X 1100 mm;Pallet 1100 X 1100 mm;Palette 1100 X 1100 mm;;;;;;;;;NEW;CURRENT;1;;;;;;;;;;;;;
urn:gs1:gdd:cl:PlatformTypeCode:43;PlatformTypeCode;43;Pallet 1140 X 1140 mm;Pallet 1140 X 1140 mm;Palette 1140 X 1140 mm;;;;;;;;;NEW;CURRENT;1;;;;;;;;;;;;;
urn:gs1:gdd:cl:PlatformTypeCode:44;PlatformTypeCode;44;Skid;Skid;Déraper;;;;;;;;;GDSN;;NEW;CURRENT;1;;;;;;;;;;;
urn:gs1:gdd:cl:PlatformTypeCode:45;PlatformTypeCode;45;Stringer Pallet;Stringer Pallet;Palette à longerons;;;;;;;;;NEW;CURRENT;1;;;;;;;;;;;;;
urn:gs1:gdd:cl:PlatformTypeCode:46;PlatformTypeCode;46;Vertical Drum Pallet;Vertical Drum Pallet;Palette à tambour vertical;;;;;;;;; e.g. drums; barrels; or kegs; as a unit load; suitable for lifting by a forklift; pallet jack; or other jacking device.;CODEVALUE;GDSN;;NEW;CURRENT;1;;;
urn:gs1:gdd:cl:PlatformTypeCode:47;PlatformTypeCode;47;Pallet 800 X 400 mm;Pallet 800 X 400 mm;Palette 800 X 400 mm;;;;;;;;;NEW;CURRENT;1;;;;;;;;;;;;;
urn:gs1:gdd:cl:PlatformTypeCode:48;PlatformTypeCode;48;1/2 ISO 3 Pallet;1/2 ISO 3 Pallet;1/2 palette ISO 3;;;;;;;;;;NEW;CURRENT;1;;;;;;;;;;;;
urn:gs1:gdd:cl:PlatformTypeCode:49;PlatformTypeCode;49;1/4 ISO 3 Pallet;1/4 ISO 3 Pallet;Palette 1/4 ISO 3;;;;;;;;;;NEW;CURRENT;1;;;;;;;;;;;;
urn:gs1:gdd:cl:PlatformTypeCode:50;PlatformTypeCode;50;Custom Platform;Custom Platform;Plateforme personnalisée;;;;;;;;; stacking; handling and transporting goods as a unit load; suitable for lifting by a forklift; pallet jack; or other jacking device.;CODEVALUE;GDSN;;NEW;CURRENT;1;;;;;
urn:gs1:gdd:cl:PlatformTypeCode:51;PlatformTypeCode;51;Pallet 1000 x 1100 mm;Pallet 1000 x 1100 mm;Palette 1000 x 1100 mm;;;;;;;;;NEW;CURRENT;1;;;;;;;;;;;;;
urn:gs1:gdd:cl:PlatformTypeCode:52;PlatformTypeCode;52;Double mobilrack;Double mobilrack;Double porte-mobilier;;;;;;;;; with dimensions 2025 x 1180 mm; suitable for lifting by a forklift; pallet jack; or other jacking device. Fits in the space of 2 EUR pallets.;CODEVALUE;GDSN;;NEW;CURRENT;1;;;;;;
urn:gs1:gdd:cl:PlatformTypeCode:53;PlatformTypeCode;53;Single mobilrack;Single mobilrack;Porte-mobilier simple;;;;;;;;; with dimensions 1545 x 1180 mm; suitable for lifting by a forklift; pallet jack; or other jacking device. Fits in the space of 1 EUR pallet.;CODEVALUE;GDSN;;NEW;CURRENT;1;;;;;;
urn:gs1:gdd:cl:PlatformTypeCode:9;PlatformTypeCode;9;Slip sheet;Slip sheet;feuille intercalaire;;;;;;;;;;NEW;CURRENT;1;;;;;;;;;;;;
urn:gs1:gdd:cl:PlatformTypeCode:98;PlatformTypeCode;98;Non-palletised goods;Non-palletised goods;Marchandises non palettisées;;;;;;;;;;NEW;CURRENT;1;;;;;;;;;;;;
urn:gs1:gdd:cl:PlatformTypeCode:99;PlatformTypeCode;99;Floor Loaded (Container);Floor Loaded (Container);Chargement au sol (conteneur);;;;;;;;;;NEW;CURRENT;1;;;;;;;;;;;;
urn:gs1:gdd:cl:PreparationTypeCode;PreparationTypeCode;;;;;;;;;;;;;CHANGED;CURRENT;4;;;;;;;;;;;;;
urn:gs1:gdd:cl:PreparationTypeCode:AIR_FRY;PreparationTypeCode;AIR_FRY;Air Fry;Air Fry;Friture à l'air;;;;;;;;;GDSN;;NEW;CURRENT;3;;;;;;;;;;;
urn:gs1:gdd:cl:PreparationTypeCode:AS_DRAINED;PreparationTypeCode;AS_DRAINED;As Drained;As Drained;Comme drainé;;;;;;;;;;NEW;CURRENT;1;;;;;;;;;;;;
urn:gs1:gdd:cl:PreparationTypeCode:BAIN_MARIE;PreparationTypeCode;BAIN_MARIE;Bain-marie/Water bath;Bain-marie/Water bath;Bain-marie/Bain-marie;;;;;;;;;;NEW;CURRENT;1;;;;;;;;;;;;
urn:gs1:gdd:cl:PreparationTypeCode:BAKE;PreparationTypeCode;BAKE;Bake;Bake;Cuire;;;;;;;;;NEW;CURRENT;1;;;;;;;;;;;;;
urn:gs1:gdd:cl:PreparationTypeCode:BARBECUE;PreparationTypeCode;BARBECUE;Barbecue;Barbecue;Barbecue;;;;;;;;;NEW;CURRENT;1;;;;;;;;;;;;;
urn:gs1:gdd:cl:PreparationTypeCode:BASTE;PreparationTypeCode;BASTE;Baste;Baste;Arroser;;;;;;;;;;NEW;CURRENT;1;;;;;;;;;;;;
urn:gs1:gdd:cl:PreparationTypeCode:BLANCH;PreparationTypeCode;BLANCH;Blanch;Blanch;Blanchir;;;;;;;;;;NEW;CURRENT;1;;;;;;;;;;;;
urn:gs1:gdd:cl:PreparationTypeCode:BLIND_BAKE;PreparationTypeCode;BLIND_BAKE;Blind Bake;Blind Bake;Cuisson à blanc;;;;;;;;;NEW;CURRENT;1;;;;;;;;;;;;;
urn:gs1:gdd:cl:PreparationTypeCode:BLOCK_FORM;PreparationTypeCode;BLOCK_FORM;Block form;Block form;Forme de bloc;;;;;;;;;GDSN;;NEW;CURRENT;1;;;;;;;;;;;
urn:gs1:gdd:cl:PreparationTypeCode:BOIL;PreparationTypeCode;BOIL;Boil;Boil;Bouillir;;;;;;;;;;NEW;CURRENT;1;;;;;;;;;;;;
urn:gs1:gdd:cl:PreparationTypeCode:BONELESS;PreparationTypeCode;BONELESS;Boneless;Boneless;désossé;;;;;;;;;NEW;CURRENT;1;;;;;;;;;;;;;
urn:gs1:gdd:cl:PreparationTypeCode:BRAISE;PreparationTypeCode;BRAISE;Braise;Braise;Braiser;;;;;;;;;;NEW;CURRENT;1;;;;;;;;;;;;
urn:gs1:gdd:cl:PreparationTypeCode:BREAD;PreparationTypeCode;BREAD;Bread;Bread;Pain;;;;;;;;;GDSN;;NEW;CURRENT;1;;;;;;;;;;;
urn:gs1:gdd:cl:PreparationTypeCode:BREAST_BONE_REMOVE;PreparationTypeCode;BREAST_BONE_REMOVE;Breast bone remove;Breast bone remove;Enlèvement du sternum;;;;;;;;;NEW;CURRENT;1;;;;;;;;;;;;;
urn:gs1:gdd:cl:PreparationTypeCode:BREW;PreparationTypeCode;BREW;Brew;Brew;Brasser;;;;;;;;;CODEVALUE;GDSN;;NEW;CURRENT;1;;;;;;;;;;
urn:gs1:gdd:cl:PreparationTypeCode:BROIL;PreparationTypeCode;BROIL;Broil;Broil;Griller;;;;;;;;;;NEW;CURRENT;1;;;;;;;;;;;;
urn:gs1:gdd:cl:PreparationTypeCode:CHUNK;PreparationTypeCode;CHUNK;Chunk;Chunk;Gros morceau;;;;;;;;;NEW;CURRENT;1;;;;;;;;;;;;;
urn:gs1:gdd:cl:PreparationTypeCode:COMBI_HEAT;PreparationTypeCode;COMBI_HEAT;Combi Heat;Combi Heat;Chauffage combiné;;;;;;;;;NEW;CURRENT;2;;;;;;;;;;;;;
urn:gs1:gdd:cl:PreparationTypeCode:COMBI_STEAM;PreparationTypeCode;COMBI_STEAM;Combi Steam;Combi Steam;Vapeur combinée;;;;;;;;;;NEW;CURRENT;2;;;;;;;;;;;;
urn:gs1:gdd:cl:PreparationTypeCode:CONVECTION;PreparationTypeCode;CONVECTION;Convection;Convection;Convection;;;;;;;;;CODEVALUE;GDSN;;NEW;CURRENT;2;;;;;;;;;;
urn:gs1:gdd:cl:PreparationTypeCode:COOK;PreparationTypeCode;COOK;Cook;Cook;Cuisiner;;;;;;;;;NEW;CURRENT;1;;;;;;;;;;;;;
urn:gs1:gdd:cl:PreparationTypeCode:CORN;PreparationTypeCode;CORN;Corn;Corn;Maïs;;;;;;;;;CODEVALUE;GDSN;;NEW;CURRENT;1;;;;;;;;;;
urn:gs1:gdd:cl:PreparationTypeCode:CRUMBLE;PreparationTypeCode;CRUMBLE;Crumble;Crumble;Émietter;;;;;;;;;NEW;CURRENT;1;;;;;;;;;;;;;
urn:gs1:gdd:cl:PreparationTypeCode:CUBE;PreparationTypeCode;CUBE;Cube;Cube;Cube;;;;;;;;;NEW;CURRENT;1;;;;;;;;;;;;;
urn:gs1:gdd:cl:PreparationTypeCode:CULTURE;PreparationTypeCode;CULTURE;Culture;Culture;Culture;;;;;;;;;GDSN;;NEW;CURRENT;1;;;;;;;;;;;
urn:gs1:gdd:cl:PreparationTypeCode:DEEP_FRY;PreparationTypeCode;DEEP_FRY;Deep Fry;Deep Fry;Friture;;;;;;;;;NEW;CURRENT;1;;;;;;;;;;;;;
urn:gs1:gdd:cl:PreparationTypeCode:DOUBLE_STEAM;PreparationTypeCode;DOUBLE_STEAM;Double Steam;Double Steam;Double vapeur;;;;;;;;;;NEW;CURRENT;1;;;;;;;;;;;;
urn:gs1:gdd:cl:PreparationTypeCode:DRY;PreparationTypeCode;DRY;Dry;Dry;Sec;;;;;;;;;;NEW;CURRENT;1;;;;;;;;;;;;
urn:gs1:gdd:cl:PreparationTypeCode:FILLET;PreparationTypeCode;FILLET;Fillet;Fillet;Filet;;;;;;;;;NEW;CURRENT;1;;;;;;;;;;;;;
urn:gs1:gdd:cl:PreparationTypeCode:FILTER_WOOD_SMOKE;PreparationTypeCode;FILTER_WOOD_SMOKE;Filter wood smoke;Filter wood smoke;Filtrer la fumée de bois;;;;;;;;;;NEW;CURRENT;1;;;;;;;;;;;;
urn:gs1:gdd:cl:PreparationTypeCode:FLAKE;PreparationTypeCode;FLAKE;Flake;Flake;Flocon;;;;;;;;;GDSN;;NEW;CURRENT;1;;;;;;;;;;;
urn:gs1:gdd:cl:PreparationTypeCode:FORM_SLICES;PreparationTypeCode;FORM_SLICES;Form slices;Form slices;Former des tranches;;;;;;;;;NEW;CURRENT;1;;;;;;;;;;;;;
urn:gs1:gdd:cl:PreparationTypeCode:FREEZE;PreparationTypeCode;FREEZE;Freeze;Freeze;Geler;;;;;;;;;NEW;CURRENT;1;;;;;;;;;;;;;
urn:gs1:gdd:cl:PreparationTypeCode:FREEZE_DRY;PreparationTypeCode;FREEZE_DRY;Freeze dry;Freeze dry;Lyophiliser;;;;;;;;;NEW;CURRENT;1;;;;;;;;;;;;;
urn:gs1:gdd:cl:PreparationTypeCode:FRY;PreparationTypeCode;FRY;Fry;Fry;Frire;;;;;;;;;NEW;CURRENT;2;;;;;;;;;;;;;
urn:gs1:gdd:cl:PreparationTypeCode:GRATE;PreparationTypeCode;GRATE;Grate;Grate;Grille;;;;;;;;;NEW;CURRENT;1;;;;;;;;;;;;;
urn:gs1:gdd:cl:PreparationTypeCode:GRIDDLE_FRY;PreparationTypeCode;GRIDDLE_FRY;Griddle Fry;Griddle Fry;Poêle à frire;;;;;;;;;NEW;CURRENT;1;;;;;;;;;;;;;
urn:gs1:gdd:cl:PreparationTypeCode:GRILL;PreparationTypeCode;GRILL;Grill;Grill;Gril;;;;;;;;;NEW;CURRENT;1;;;;;;;;;;;;;
urn:gs1:gdd:cl:PreparationTypeCode:GUTTED;PreparationTypeCode;GUTTED;Gutted;Gutted;Éviscéré;;;;;;;;;NEW;CURRENT;1;;;;;;;;;;;;;
urn:gs1:gdd:cl:PreparationTypeCode:HEAT_AND_SERVE;PreparationTypeCode;HEAT_AND_SERVE;Heat_And Serve;Heat_And Serve;Chauffer et servir;;;;;;;;;NEW;CURRENT;1;;;;;;;;;;;;;
urn:gs1:gdd:cl:PreparationTypeCode:IMPINGEMENT_OVEN;PreparationTypeCode;IMPINGEMENT_OVEN;Impingement oven;Impingement oven;Four à impact;;;;;;;;;NEW;CURRENT;1;;;;;;;;;;;;;
urn:gs1:gdd:cl:PreparationTypeCode:IN_SHELL;PreparationTypeCode;IN_SHELL;In shell;In shell;En coquille;;;;;;;;;NEW;CURRENT;1;;;;;;;;;;;;;
urn:gs1:gdd:cl:PreparationTypeCode:JELLY;PreparationTypeCode;JELLY;Jelly;Jelly;Gelée;;;;;;;;;;NEW;CURRENT;1;;;;;;;;;;;;
urn:gs1:gdd:cl:PreparationTypeCode:LIQUID_SMOKE;PreparationTypeCode;LIQUID_SMOKE;Liquid smoke;Liquid smoke;fumée liquide;;;;;;;;;CODEVALUE;GDSN;;NEW;CURRENT;1;;;;;;;;;;
urn:gs1:gdd:cl:PreparationTypeCode:MECHANICALLY_SEPARATED_MEAT;PreparationTypeCode;MECHANICALLY_SEPARATED_MEAT;Mechanically separated meat;Mechanically separated meat;Viande séparée mécaniquement;;;;;;;;;NEW;CURRENT;1;;;;;;;;;;;;;
urn:gs1:gdd:cl:PreparationTypeCode:MECHANICALLY_TENDERISE;PreparationTypeCode;MECHANICALLY_TENDERISE;Mechanically tenderise;Mechanically tenderise;Attendrir mécaniquement;;;;;;;;;GDSN;;NEW;CURRENT;1;;;;;;;;;;;
urn:gs1:gdd:cl:PreparationTypeCode:MICROWAVE;PreparationTypeCode;MICROWAVE;Microwave;Microwave;Micro-ondes;;;;;;;;;NEW;CURRENT;1;;;;;;;;;;;;;
urn:gs1:gdd:cl:PreparationTypeCode:MINCE;PreparationTypeCode;MINCE;Mince;Mince;Hacher;;;;;;;;;NEW;CURRENT;1;;;;;;;;;;;;;
urn:gs1:gdd:cl:PreparationTypeCode:MIX;PreparationTypeCode;MIX;Mix;Mix;Mélanger;;;;;;;;;;UPDATED;CURRENT;3;;;;;;;;;;;;
urn:gs1:gdd:cl:PreparationTypeCode:MULTIPLE_SEE_PREPARATION_INSTRUCTIONS;PreparationTypeCode;MULTIPLE_SEE_PREPARATION_INSTRUCTIONS;Multiple see preparation instructions;Multiple see preparation instructions;Voir les instructions de préparation multiples;;;;;;;;;NEW;CURRENT;1;;;;;;;;;;;;;
urn:gs1:gdd:cl:PreparationTypeCode:PAN_FRY;PreparationTypeCode;PAN_FRY;Pan Fry;Pan Fry;Poêle;;;;;;;;;NEW;CURRENT;1;;;;;;;;;;;;;
urn:gs1:gdd:cl:PreparationTypeCode:PAR_FRY;PreparationTypeCode;PAR_FRY;Par fry/Pre fry;Par fry/Pre fry;Pré-friture/Pré-friture;;;;;;;;;CODEVALUE;GDSN;;NEW;CURRENT;1;;;;;;;;;;
urn:gs1:gdd:cl:PreparationTypeCode:POACH;PreparationTypeCode;POACH;Poach;Poach;Pocher;;;;;;;;;GDSN;;NEW;CURRENT;1;;;;;;;;;;;
urn:gs1:gdd:cl:PreparationTypeCode:PREPARED;PreparationTypeCode;PREPARED;Prepared;Prepared;Préparé;;;;;;;;;NEW;CURRENT;1;;;;;;;;;;;;;
urn:gs1:gdd:cl:PreparationTypeCode:PRESSURE_COOK;PreparationTypeCode;PRESSURE_COOK;Pressure Cook;Pressure Cook;Cuisson sous pression;;;;;;;;;NEW;CURRENT;1;;;;;;;;;;;;;
urn:gs1:gdd:cl:PreparationTypeCode:PRESSURE_FRY;PreparationTypeCode;PRESSURE_FRY;Pressure Fry;Pressure Fry;Friture sous pression;;;;;;;;;NEW;CURRENT;1;;;;;;;;;;;;;
urn:gs1:gdd:cl:PreparationTypeCode:PROTEIN_BINDERS;PreparationTypeCode;PROTEIN_BINDERS;Protein binders;Protein binders;Liants protéiques;;;;;;;;;NEW;CURRENT;1;;;;;;;;;;;;;
urn:gs1:gdd:cl:PreparationTypeCode:PURIFY_SMOKE;PreparationTypeCode;PURIFY_SMOKE;Purify smoke;Purify smoke;Purifier la fumée;;;;;;;;;CODEVALUE;GDSN;;NEW;CURRENT;1;;;;;;;;;;
urn:gs1:gdd:cl:PreparationTypeCode:READY_TO_DRINK;PreparationTypeCode;READY_TO_DRINK;Ready_To Drink;Ready_To Drink;Prêt à boire;;;;;;;;;NEW;CURRENT;1;;;;;;;;;;;;;
urn:gs1:gdd:cl:PreparationTypeCode:READY_TO_EAT;PreparationTypeCode;READY_TO_EAT;Ready_To Eat;Ready_To Eat;Prêt à manger;;;;;;;;;NEW;CURRENT;1;;;;;;;;;;;;;
urn:gs1:gdd:cl:PreparationTypeCode:RECONSTITUTE;PreparationTypeCode;RECONSTITUTE;Reconstitute;Reconstitute;Reconstituer;;;;;;;;;NEW;CURRENT;1;;;;;;;;;;;;;
urn:gs1:gdd:cl:PreparationTypeCode:REFRIGERATE;PreparationTypeCode;REFRIGERATE;Refrigerate;Refrigerate;Réfrigérer;;;;;;;;;NEW;CURRENT;1;;;;;;;;;;;;;
urn:gs1:gdd:cl:PreparationTypeCode:ROAST;PreparationTypeCode;ROAST;Roast;Roast;Rôti;;;;;;;;;CODEVALUE;GDSN;;NEW;CURRENT;1;;;;;;;;;;
urn:gs1:gdd:cl:PreparationTypeCode:ROLL;PreparationTypeCode;ROLL;Roll;Roll;Rouler;;;;;;;;;GDSN;;NEW;CURRENT;1;;;;;;;;;;;
urn:gs1:gdd:cl:PreparationTypeCode:ROTISSERIE;PreparationTypeCode;ROTISSERIE;Rotisserie;Rotisserie;Rôtissoire;;;;;;;;;NEW;CURRENT;1;;;;;;;;;;;;;
urn:gs1:gdd:cl:PreparationTypeCode:SALT;PreparationTypeCode;SALT;Salt;Salt;Sel;;;;;;;;;NEW;CURRENT;1;;;;;;;;;;;;;
urn:gs1:gdd:cl:PreparationTypeCode:SANDWICH_PRESS;PreparationTypeCode;SANDWICH_PRESS;Sandwich press;Sandwich press;Presse à sandwich;;;;;;;;;;CODEVALUE;GDSN;;NEW;CURRENT;1;;;;;;;;;
urn:gs1:gdd:cl:PreparationTypeCode:SAUTE;PreparationTypeCode;SAUTE;Saute;Saute;Sauté;;;;;;;;;NEW;CURRENT;1;;;;;;;;;;;;;
urn:gs1:gdd:cl:PreparationTypeCode:SEAR;PreparationTypeCode;SEAR;Sear;Sear;Saisir;;;;;;;;;CODEVALUE;GDSN;;NEW;CURRENT;1;;;;;;;;;;
urn:gs1:gdd:cl:PreparationTypeCode:SEASON;PreparationTypeCode;SEASON;Season;Season;Saison;;;;;;;;;;NEW;CURRENT;1;;;;;;;;;;;;
urn:gs1:gdd:cl:PreparationTypeCode:SEMI_BONELESS;PreparationTypeCode;SEMI_BONELESS;Semi boneless;Semi boneless;Semi-désossés;;;;;;;;;NEW;CURRENT;1;;;;;;;;;;;;;
urn:gs1:gdd:cl:PreparationTypeCode:SEMI_DRY;PreparationTypeCode;SEMI_DRY;Semi dry;Semi dry;Demi-sec;;;;;;;;;;NEW;CURRENT;1;;;;;;;;;;;;
urn:gs1:gdd:cl:PreparationTypeCode:SHANKLESS;PreparationTypeCode;SHANKLESS;Shankless;Shankless;Sans tige;;;;;;;;;NEW;CURRENT;1;;;;;;;;;;;;;
urn:gs1:gdd:cl:PreparationTypeCode:SHAVE;PreparationTypeCode;SHAVE;Shave;Shave;Raser;;;;;;;;;;NEW;CURRENT;1;;;;;;;;;;;;
urn:gs1:gdd:cl:PreparationTypeCode:SHELL_REMOVE;PreparationTypeCode;SHELL_REMOVE;Shell remove;Shell remove;Retirer la coque;;;;;;;;;NEW;CURRENT;1;;;;;;;;;;;;;
urn:gs1:gdd:cl:PreparationTypeCode:SHRED;PreparationTypeCode;SHRED;Shred;Shred;Déchiqueter;;;;;;;;;;NEW;CURRENT;1;;;;;;;;;;;;
urn:gs1:gdd:cl:PreparationTypeCode:SIMMER;PreparationTypeCode;SIMMER;Simmer;Simmer;Mijoter;;;;;;;;;NEW;CURRENT;1;;;;;;;;;;;;;
urn:gs1:gdd:cl:PreparationTypeCode:SKINNED;PreparationTypeCode;SKINNED;Skinned (skin removed);Skinned (skin removed);Écorché (peau enlevée);;;;;;;;;NEW;CURRENT;1;;;;;;;;;;;;;
urn:gs1:gdd:cl:PreparationTypeCode:SLICE;PreparationTypeCode;SLICE;Slice;Slice;Tranche;;;;;;;;;;NEW;CURRENT;1;;;;;;;;;;;;
urn:gs1:gdd:cl:PreparationTypeCode:SLIT_SHELL;PreparationTypeCode;SLIT_SHELL;Slit shell;Slit shell;Coquille fendue;;;;;;;;;;NEW;CURRENT;1;;;;;;;;;;;;
urn:gs1:gdd:cl:PreparationTypeCode:SLOW_COOKER;PreparationTypeCode;SLOW_COOKER;Slow cooker;Slow cooker;Mijoteuse;;;;;;;;;NEW;CURRENT;1;;;;;;;;;;;;;
urn:gs1:gdd:cl:PreparationTypeCode:SMOKE;PreparationTypeCode;SMOKE;Smoke;Smoke;Fumée;;;;;;;;;GDSN;;NEW;CURRENT;1;;;;;;;;;;;
urn:gs1:gdd:cl:PreparationTypeCode:SMOKE_FLAVOUR;PreparationTypeCode;SMOKE_FLAVOUR;Smoke flavour;Smoke flavour;Saveur fumée;;;;;;;;;GDSN;;NEW;CURRENT;1;;;;;;;;;;;
urn:gs1:gdd:cl:PreparationTypeCode:SOAK;PreparationTypeCode;SOAK;Soak;Soak;Tremper;;;;;;;;;NEW;CURRENT;4;;;;;;;;;;;;;
urn:gs1:gdd:cl:PreparationTypeCode:SOLID;PreparationTypeCode;SOLID;Solid;Solid;Solide;;;;;;;;;;NEW;CURRENT;1;;;;;;;;;;;;
urn:gs1:gdd:cl:PreparationTypeCode:SPLIT_FISH;PreparationTypeCode;SPLIT_FISH;Split fish;Split fish;Poisson fendu;;;;;;;;;CODEVALUE;GDSN;;NEW;CURRENT;1;;;;;;;;;;
urn:gs1:gdd:cl:PreparationTypeCode:SPREADABLE_FORM;PreparationTypeCode;SPREADABLE_FORM;Spreadable form;Spreadable form;Forme tartinable;;;;;;;;;NEW;CURRENT;1;;;;;;;;;;;;;
urn:gs1:gdd:cl:PreparationTypeCode:STEAM;PreparationTypeCode;STEAM;Steam;Steam;Vapeur;;;;;;;;;GDSN;;NEW;CURRENT;1;;;;;;;;;;;
urn:gs1:gdd:cl:PreparationTypeCode:STEW;PreparationTypeCode;STEW;Stew;Stew;Ragoût;;;;;;;;;;NEW;CURRENT;1;;;;;;;;;;;;
urn:gs1:gdd:cl:PreparationTypeCode:STICK_FORM;PreparationTypeCode;STICK_FORM;Stick form;Stick form;Forme de bâton;;;;;;;;;NEW;CURRENT;1;;;;;;;;;;;;;
urn:gs1:gdd:cl:PreparationTypeCode:STIR_FRY;PreparationTypeCode;STIR_FRY;Stir Fry;Stir Fry;Sauté;;;;;;;;;NEW;CURRENT;1;;;;;;;;;;;;;
urn:gs1:gdd:cl:PreparationTypeCode:STRING_FORM;PreparationTypeCode;STRING_FORM;String form;String form;forme de chaîne;;;;;;;;;GDSN;;NEW;CURRENT;1;;;;;;;;;;;
urn:gs1:gdd:cl:PreparationTypeCode:STUFF;PreparationTypeCode;STUFF;Stuff;Stuff;Truc;;;;;;;;;;CODEVALUE;GDSN;;NEW;CURRENT;1;;;;;;;;;
urn:gs1:gdd:cl:PreparationTypeCode:THAW;PreparationTypeCode;THAW;Thaw;Thaw;Dégel;;;;;;;;;NEW;CURRENT;1;;;;;;;;;;;;;
urn:gs1:gdd:cl:PreparationTypeCode:TIPS;PreparationTypeCode;TIPS;Tips;Tips;Conseils;;;;;;;;;GDSN;;NEW;CURRENT;1;;;;;;;;;;;
urn:gs1:gdd:cl:PreparationTypeCode:TOAST;PreparationTypeCode;TOAST;Toast;Toast;Griller;;;;;;;;;NEW;CURRENT;1;;;;;;;;;;;;;
urn:gs1:gdd:cl:PreparationTypeCode:UNPREPARED;PreparationTypeCode;UNPREPARED;Unprepared;Unprepared;Non préparé;;;;;;;;;NEW;CURRENT;1;;;;;;;;;;;;;
urn:gs1:gdd:cl:PreparationTypeCode:UNSPECIFIED;PreparationTypeCode;UNSPECIFIED;Unspecified;Unspecified;Indéterminé;;;;;;;;;;NEW;CURRENT;1;;;;;;;;;;;;
urn:gs1:gdd:cl:PreparationTypeCode:WAFFLE_IRON;PreparationTypeCode;WAFFLE_IRON;Waffle iron;Waffle iron;Gaufrier;;;;;;;;;NEW;CURRENT;1;;;;;;;;;;;;;
urn:gs1:gdd:cl:PreparationTypeCode:WEDGE;PreparationTypeCode;WEDGE;Wedge;Wedge;Coin;;;;;;;;;GDSN;;NEW;CURRENT;1;;;;;;;;;;;
urn:gs1:gdd:cl:PreparationTypeCode:WHEEL_FORM;PreparationTypeCode;WHEEL_FORM;Wheel form;Wheel form;Forme de roue;;;;;;;;;NEW;CURRENT;1;;;;;;;;;;;;;
urn:gs1:gdd:cl:PreparationTypeCode:WHIP;PreparationTypeCode;WHIP;Whip;Whip;Fouet;;;;;;;;;CODEVALUE;GDSN;;NEW;CURRENT;2;;;;;;;;;;
urn:gs1:gdd:cl:PriceComparisonContentTypeCode;PriceComparisonContentTypeCode;;;;;;;;;;;;;NEW;CURRENT;1;;;;;;;;;;;;;
urn:gs1:gdd:cl:PriceComparisonContentTypeCode:DRAINED_WEIGHT;PriceComparisonContentTypeCode;DRAINED_WEIGHT;;;;;;;;;;;;NEW;CURRENT;1;;;;;;;;;;;;;
urn:gs1:gdd:cl:PriceComparisonContentTypeCode:INCLUDING_ADDITIVES;PriceComparisonContentTypeCode;INCLUDING_ADDITIVES;;;;;;;;;;;;;NEW;CURRENT;1;;;;;;;;;;;;
urn:gs1:gdd:cl:PriceComparisonContentTypeCode:MILLILITRES_EXCLUDING_DEPOSIT;PriceComparisonContentTypeCode;MILLILITRES_EXCLUDING_DEPOSIT;;;;;;;;;;;;;NEW;CURRENT;1;;;;;;;;;;;;
urn:gs1:gdd:cl:PriceComparisonContentTypeCode:PER_CUBIC_METRE;PriceComparisonContentTypeCode;PER_CUBIC_METRE;;;;;;;;;;;;NEW;CURRENT;1;;;;;;;;;;;;;
urn:gs1:gdd:cl:PriceComparisonContentTypeCode:PER_DAILY_DOSE;PriceComparisonContentTypeCode;PER_DAILY_DOSE;;;;;;;;;;;;NEW;CURRENT;1;;;;;;;;;;;;;
urn:gs1:gdd:cl:PriceComparisonContentTypeCode:PER_DOSE;PriceComparisonContentTypeCode;PER_DOSE;;;;;;;;;;;;NEW;CURRENT;1;;;;;;;;;;;;;
urn:gs1:gdd:cl:PriceComparisonContentTypeCode:PER_KILOGRAM;PriceComparisonContentTypeCode;PER_KILOGRAM;;;;;;;;;;;;NEW;CURRENT;1;;;;;;;;;;;;;
urn:gs1:gdd:cl:PriceComparisonContentTypeCode:PER_LITRE;PriceComparisonContentTypeCode;PER_LITRE;;;;;;;;;;;;NEW;CURRENT;1;;;;;;;;;;;;;
urn:gs1:gdd:cl:PriceComparisonContentTypeCode:PER_LOAD;PriceComparisonContentTypeCode;PER_LOAD;;;;;;;;;;;;NEW;CURRENT;1;;;;;;;;;;;;;
urn:gs1:gdd:cl:PriceComparisonContentTypeCode:PER_METRE;PriceComparisonContentTypeCode;PER_METRE;;;;;;;;;;;;NEW;CURRENT;1;;;;;;;;;;;;;
urn:gs1:gdd:cl:PriceComparisonContentTypeCode:PER_PIECE;PriceComparisonContentTypeCode;PER_PIECE;;;;;;;;;;;;NEW;CURRENT;1;;;;;;;;;;;;;
urn:gs1:gdd:cl:PriceComparisonContentTypeCode:PER_PINT;PriceComparisonContentTypeCode;PER_PINT;;;;;;;;;;;;NEW;CURRENT;1;;;;;;;;;;;;;
urn:gs1:gdd:cl:PriceComparisonContentTypeCode:PER_POUND;PriceComparisonContentTypeCode;PER_POUND;;;;;;;;;;;;NEW;CURRENT;1;;;;;;;;;;;;;
urn:gs1:gdd:cl:PriceComparisonContentTypeCode:PER_SQUARE_METRE;PriceComparisonContentTypeCode;PER_SQUARE_METRE;;;;;;;;;;;;NEW;CURRENT;1;;;;;;;;;;;;;
urn:gs1:gdd:cl:PriceComparisonContentTypeCode:PER_WASH;PriceComparisonContentTypeCode;PER_WASH;;;;;;;;;;;;NEW;CURRENT;1;;;;;;;;;;;;;
urn:gs1:gdd:cl:PriceComparisonContentTypeCode:PER_YARD;PriceComparisonContentTypeCode;PER_YARD;;;;;;;;;;;;NEW;CURRENT;1;;;;;;;;;;;;;
urn:gs1:gdd:cl:PriceComparisonContentTypeCode:READY_TO_DRINK;PriceComparisonContentTypeCode;READY_TO_DRINK;;;;;;;;;;;;NEW;CURRENT;1;;;;;;;;;;;;;
urn:gs1:gdd:cl:PriceComparisonContentTypeCode:READY_TO_EAT;PriceComparisonContentTypeCode;READY_TO_EAT;;;;;;;;;;;;GDSN;;NEW;CURRENT;1;;;;;;;;;;;
urn:gs1:gdd:cl:PrimaryAddedFlavouringCode;PrimaryAddedFlavouringCode;;;;;;;;;;;;;NEW;CURRENT;1;;;;;;;;;;;;;
urn:gs1:gdd:cl:PrimaryAddedFlavouringCode:ACAI_BERRY;PrimaryAddedFlavouringCode;ACAI_BERRY;Acai Berry;Acai Berry;Acai Berry;;;;;;;;;NEW;CURRENT;1;;;;;;;;;;;;;
urn:gs1:gdd:cl:PrimaryAddedFlavouringCode:ALMOND;PrimaryAddedFlavouringCode;ALMOND;Almond;Almond;Amande;;;;;;;;;NEW;CURRENT;1;;;;;;;;;;;;;
urn:gs1:gdd:cl:PrimaryAddedFlavouringCode:AMARETTO;PrimaryAddedFlavouringCode;AMARETTO;Amaretto;Amaretto;Amaretto;;;;;;;;;NEW;CURRENT;1;;;;;;;;;;;;;
urn:gs1:gdd:cl:PrimaryAddedFlavouringCode:ANISEED;PrimaryAddedFlavouringCode;ANISEED;Aniseed;Aniseed;Anis;;;;;;;;;NEW;CURRENT;1;;;;;;;;;;;;;
urn:gs1:gdd:cl:PrimaryAddedFlavouringCode:APPLE;PrimaryAddedFlavouringCode;APPLE;Apple;Apple;Pomme;;;;;;;;;NEW;CURRENT;1;;;;;;;;;;;;;
urn:gs1:gdd:cl:PrimaryAddedFlavouringCode:APPLE_PIE;PrimaryAddedFlavouringCode;APPLE_PIE;Apple Pie;Apple Pie;Tarte aux pommes;;;;;;;;;NEW;CURRENT;1;;;;;;;;;;;;;
urn:gs1:gdd:cl:PrimaryAddedFlavouringCode:APRICOT;PrimaryAddedFlavouringCode;APRICOT;Apricot;Apricot;Abricot;;;;;;;;;NEW;CURRENT;1;;;;;;;;;;;;;
urn:gs1:gdd:cl:PrimaryAddedFlavouringCode:ARTICHOKE;PrimaryAddedFlavouringCode;ARTICHOKE;Artichoke;Artichoke;Artichaut;;;;;;;;;NEW;CURRENT;1;;;;;;;;;;;;;
urn:gs1:gdd:cl:PrimaryAddedFlavouringCode:BANANA;PrimaryAddedFlavouringCode;BANANA;Banana;Banana;Banane;;;;;;;;;NEW;CURRENT;1;;;;;;;;;;;;;
urn:gs1:gdd:cl:PrimaryAddedFlavouringCode:BASIL;PrimaryAddedFlavouringCode;BASIL;Basil;Basil;Basilic;;;;;;;;;NEW;CURRENT;1;;;;;;;;;;;;;
urn:gs1:gdd:cl:PrimaryAddedFlavouringCode:BISON_GRASS;PrimaryAddedFlavouringCode;BISON_GRASS;Bison grass;Bison grass;herbe à bison;;;;;;;;;NEW;CURRENT;1;;;;;;;;;;;;;
urn:gs1:gdd:cl:PrimaryAddedFlavouringCode:BITTERS;PrimaryAddedFlavouringCode;BITTERS;Bitters;Bitters;Bitter;;;;;;;;;NEW;CURRENT;1;;;;;;;;;;;;;
urn:gs1:gdd:cl:PrimaryAddedFlavouringCode:BLACK_CHERRY;PrimaryAddedFlavouringCode;BLACK_CHERRY;Black Cherry;Black Cherry;Cerise noire;;;;;;;;;NEW;CURRENT;1;;;;;;;;;;;;;
urn:gs1:gdd:cl:PrimaryAddedFlavouringCode:BLACK_CURRANT;PrimaryAddedFlavouringCode;BLACK_CURRANT;Black Currant;Black Currant;Cassis;;;;;;;;;NEW;CURRENT;1;;;;;;;;;;;;;
urn:gs1:gdd:cl:PrimaryAddedFlavouringCode:BLACKBERRY;PrimaryAddedFlavouringCode;BLACKBERRY;Blackberry;Blackberry;Mûre;;;;;;;;;NEW;CURRENT;1;;;;;;;;;;;;;
urn:gs1:gdd:cl:PrimaryAddedFlavouringCode:BLACKTHORN;PrimaryAddedFlavouringCode;BLACKTHORN;Blackthorn;Blackthorn;Prunellier;;;;;;;;;NEW;CURRENT;1;;;;;;;;;;;;;
urn:gs1:gdd:cl:PrimaryAddedFlavouringCode:BLOOD_ORANGE;PrimaryAddedFlavouringCode;BLOOD_ORANGE;Blood Orange;Blood Orange;Orange sanguine;;;;;;;;;NEW;CURRENT;1;;;;;;;;;;;;;
urn:gs1:gdd:cl:PrimaryAddedFlavouringCode:BLUEBERRY;PrimaryAddedFlavouringCode;BLUEBERRY;Blueberry;Blueberry;Myrtille;;;;;;;;;NEW;CURRENT;1;;;;;;;;;;;;;
urn:gs1:gdd:cl:PrimaryAddedFlavouringCode:BOTANICAL;PrimaryAddedFlavouringCode;BOTANICAL;Botanical;Botanical;Botanique;;;;;;;;;NEW;CURRENT;1;;;;;;;;;;;;;
urn:gs1:gdd:cl:PrimaryAddedFlavouringCode:BUTTERSCOTCH;PrimaryAddedFlavouringCode;BUTTERSCOTCH;Butterscotch;Butterscotch;Caramel au beurre;;;;;;;;;NEW;CURRENT;1;;;;;;;;;;;;;
urn:gs1:gdd:cl:PrimaryAddedFlavouringCode:CAKE;PrimaryAddedFlavouringCode;CAKE;Cake;Cake;Gâteau;;;;;;;;;NEW;CURRENT;1;;;;;;;;;;;;;
urn:gs1:gdd:cl:PrimaryAddedFlavouringCode:CARAWAY_SEED;PrimaryAddedFlavouringCode;CARAWAY_SEED;Caraway Seed;Caraway Seed;Graines de carvi;;;;;;;;;NEW;CURRENT;1;;;;;;;;;;;;;
urn:gs1:gdd:cl:PrimaryAddedFlavouringCode:CARDAMOM;PrimaryAddedFlavouringCode;CARDAMOM;Cardamom;Cardamom;Cardamome;;;;;;;;;NEW;CURRENT;1;;;;;;;;;;;;;
urn:gs1:gdd:cl:PrimaryAddedFlavouringCode:CHAMOMILE;PrimaryAddedFlavouringCode;CHAMOMILE;Chamomile;Chamomile;Camomille;;;;;;;;;NEW;CURRENT;1;;;;;;;;;;;;;
urn:gs1:gdd:cl:PrimaryAddedFlavouringCode:CHERRY;PrimaryAddedFlavouringCode;CHERRY;Cherry;Cherry;Cerise;;;;;;;;;NEW;CURRENT;1;;;;;;;;;;;;;
urn:gs1:gdd:cl:PrimaryAddedFlavouringCode:CHILLI;PrimaryAddedFlavouringCode;CHILLI;Chilli;Chilli;Piment;;;;;;;;;NEW;CURRENT;1;;;;;;;;;;;;;
urn:gs1:gdd:cl:PrimaryAddedFlavouringCode:CHOCOLATE;PrimaryAddedFlavouringCode;CHOCOLATE;Chocolate;Chocolate;Chocolat;;;;;;;;;NEW;CURRENT;1;;;;;;;;;;;;;
urn:gs1:gdd:cl:PrimaryAddedFlavouringCode:CINNAMON;PrimaryAddedFlavouringCode;CINNAMON;Cinnamon;Cinnamon;Cannelle;;;;;;;;;NEW;CURRENT;1;;;;;;;;;;;;;
urn:gs1:gdd:cl:PrimaryAddedFlavouringCode:CITRUS_FRUIT;PrimaryAddedFlavouringCode;CITRUS_FRUIT;Citrus Fruit;Citrus Fruit;Agrumes;;;;;;;;;NEW;CURRENT;1;;;;;;;;;;;;;
urn:gs1:gdd:cl:PrimaryAddedFlavouringCode:COCONUT;PrimaryAddedFlavouringCode;COCONUT;Coconut;Coconut;Noix de coco;;;;;;;;;NEW;CURRENT;1;;;;;;;;;;;;;
urn:gs1:gdd:cl:PrimaryAddedFlavouringCode:COFFEE;PrimaryAddedFlavouringCode;COFFEE;Coffee;Coffee;Café;;;;;;;;;NEW;CURRENT;1;;;;;;;;;;;;;
urn:gs1:gdd:cl:PrimaryAddedFlavouringCode:CRANBERRY;PrimaryAddedFlavouringCode;CRANBERRY;Cranberry;Cranberry;Canneberge;;;;;;;;;NEW;CURRENT;1;;;;;;;;;;;;;
urn:gs1:gdd:cl:PrimaryAddedFlavouringCode:CUCUMBER;PrimaryAddedFlavouringCode;CUCUMBER;Cucumber;Cucumber;Concombre;;;;;;;;;NEW;CURRENT;1;;;;;;;;;;;;;
urn:gs1:gdd:cl:PrimaryAddedFlavouringCode:EGG;PrimaryAddedFlavouringCode;EGG;Egg;Egg;Œuf;;;;;;;;;NEW;CURRENT;1;;;;;;;;;;;;;
urn:gs1:gdd:cl:PrimaryAddedFlavouringCode:ELDERBERRY;PrimaryAddedFlavouringCode;ELDERBERRY;Elderberry;Elderberry;Sureau;;;;;;;;;NEW;CURRENT;1;;;;;;;;;;;;;
urn:gs1:gdd:cl:PrimaryAddedFlavouringCode:ELDERFLOWER;PrimaryAddedFlavouringCode;ELDERFLOWER;Elderflower;Elderflower;Fleur de sureau;;;;;;;;;NEW;CURRENT;1;;;;;;;;;;;;;
urn:gs1:gdd:cl:PrimaryAddedFlavouringCode:ENGLISH_TOFFEE;PrimaryAddedFlavouringCode;ENGLISH_TOFFEE;English Toffee;English Toffee;Caramel anglais;;;;;;;;;NEW;CURRENT;1;;;;;;;;;;;;;
urn:gs1:gdd:cl:PrimaryAddedFlavouringCode:ESPRESSO;PrimaryAddedFlavouringCode;ESPRESSO;Espresso;Espresso;Espresso;;;;;;;;;NEW;CURRENT;1;;;;;;;;;;;;;
urn:gs1:gdd:cl:PrimaryAddedFlavouringCode:FIG;PrimaryAddedFlavouringCode;FIG;Fig;Fig;figue;;;;;;;;;NEW;CURRENT;1;;;;;;;;;;;;;
urn:gs1:gdd:cl:PrimaryAddedFlavouringCode:FRENCH_VANILLA;PrimaryAddedFlavouringCode;FRENCH_VANILLA;French Vanilla;French Vanilla;Vanille française;;;;;;;;;NEW;CURRENT;1;;;;;;;;;;;;;
urn:gs1:gdd:cl:PrimaryAddedFlavouringCode:FRUIT;PrimaryAddedFlavouringCode;FRUIT;Fruit;Fruit;Fruit;;;;;;;;;NEW;CURRENT;1;;;;;;;;;;;;;
urn:gs1:gdd:cl:PrimaryAddedFlavouringCode:GENTIAN_ROOT;PrimaryAddedFlavouringCode;GENTIAN_ROOT;Gentian Root;Gentian Root;Racine de gentiane;;;;;;;;;NEW;CURRENT;1;;;;;;;;;;;;;
urn:gs1:gdd:cl:PrimaryAddedFlavouringCode:GINGER;PrimaryAddedFlavouringCode;GINGER;Ginger;Ginger;Gingembre;;;;;;;;;NEW;CURRENT;1;;;;;;;;;;;;;
urn:gs1:gdd:cl:PrimaryAddedFlavouringCode:GOOSEBERRY;PrimaryAddedFlavouringCode;GOOSEBERRY;Gooseberry;Gooseberry;Groseille;;;;;;;;;NEW;CURRENT;1;;;;;;;;;;;;;
urn:gs1:gdd:cl:PrimaryAddedFlavouringCode:GRAPE;PrimaryAddedFlavouringCode;GRAPE;Grape;Grape;Raisin;;;;;;;;;NEW;CURRENT;1;;;;;;;;;;;;;
urn:gs1:gdd:cl:PrimaryAddedFlavouringCode:GRAPEFRUIT;PrimaryAddedFlavouringCode;GRAPEFRUIT;Grapefruit;Grapefruit;Pamplemousse;;;;;;;;;NEW;CURRENT;1;;;;;;;;;;;;;
urn:gs1:gdd:cl:PrimaryAddedFlavouringCode:GREEN_CHILLI;PrimaryAddedFlavouringCode;GREEN_CHILLI;Green Chilli;Green Chilli;Piment vert;;;;;;;;;NEW;CURRENT;1;;;;;;;;;;;;;
urn:gs1:gdd:cl:PrimaryAddedFlavouringCode:GREEN_PEPPER;PrimaryAddedFlavouringCode;GREEN_PEPPER;Green Pepper;Green Pepper;Poivron vert;;;;;;;;;NEW;CURRENT;1;;;;;;;;;;;;;
urn:gs1:gdd:cl:PrimaryAddedFlavouringCode:GREEN_TEA;PrimaryAddedFlavouringCode;GREEN_TEA;Green Tea;Green Tea;Thé vert;;;;;;;;;NEW;CURRENT;1;;;;;;;;;;;;;
urn:gs1:gdd:cl:PrimaryAddedFlavouringCode:GUARANA;PrimaryAddedFlavouringCode;GUARANA;Guarana;Guarana;Guarana;;;;;;;;;NEW;CURRENT;1;;;;;;;;;;;;;
urn:gs1:gdd:cl:PrimaryAddedFlavouringCode:HAZELNUT;PrimaryAddedFlavouringCode;HAZELNUT;Hazelnut;Hazelnut;Noisette;;;;;;;;;NEW;CURRENT;1;;;;;;;;;;;;;
urn:gs1:gdd:cl:PrimaryAddedFlavouringCode:HERB;PrimaryAddedFlavouringCode;HERB;Herb;Herb;Herbe;;;;;;;;;NEW;CURRENT;1;;;;;;;;;;;;;
urn:gs1:gdd:cl:PrimaryAddedFlavouringCode:HONEY;PrimaryAddedFlavouringCode;HONEY;Honey;Honey;Chéri;;;;;;;;;NEW;CURRENT;1;;;;;;;;;;;;;
urn:gs1:gdd:cl:PrimaryAddedFlavouringCode:HOT_PEPPER;PrimaryAddedFlavouringCode;HOT_PEPPER;Hot Pepper;Hot Pepper;Piment fort;;;;;;;;;NEW;CURRENT;1;;;;;;;;;;;;;
urn:gs1:gdd:cl:PrimaryAddedFlavouringCode:LEMON;PrimaryAddedFlavouringCode;LEMON;Lemon;Lemon;Citron;;;;;;;;;NEW;CURRENT;1;;;;;;;;;;;;;
urn:gs1:gdd:cl:PrimaryAddedFlavouringCode:LEMON_BALM;PrimaryAddedFlavouringCode;LEMON_BALM;Lemon Balm;Lemon Balm;Mélisse officinale;;;;;;;;;NEW;CURRENT;1;;;;;;;;;;;;;
urn:gs1:gdd:cl:PrimaryAddedFlavouringCode:LIME;PrimaryAddedFlavouringCode;LIME;Lime;Lime;Citron vert;;;;;;;;;NEW;CURRENT;1;;;;;;;;;;;;;
urn:gs1:gdd:cl:PrimaryAddedFlavouringCode:LINGONBERRY;PrimaryAddedFlavouringCode;LINGONBERRY;Lingonberry;Lingonberry;Airelle rouge;;;;;;;;;NEW;CURRENT;1;;;;;;;;;;;;;
urn:gs1:gdd:cl:PrimaryAddedFlavouringCode:LIQUORICE;PrimaryAddedFlavouringCode;LIQUORICE;Liquorice;Liquorice;Réglisse;;;;;;;;;NEW;CURRENT;1;;;;;;;;;;;;;
urn:gs1:gdd:cl:PrimaryAddedFlavouringCode:LYCHEE;PrimaryAddedFlavouringCode;LYCHEE;Lychee;Lychee;Litchi;;;;;;;;;NEW;CURRENT;1;;;;;;;;;;;;;
urn:gs1:gdd:cl:PrimaryAddedFlavouringCode:MANDARIN;PrimaryAddedFlavouringCode;MANDARIN;Mandarin;Mandarin;mandarin;;;;;;;;;NEW;CURRENT;1;;;;;;;;;;;;;
urn:gs1:gdd:cl:PrimaryAddedFlavouringCode:MANGO;PrimaryAddedFlavouringCode;MANGO;Mango;Mango;mangue;;;;;;;;;NEW;CURRENT;1;;;;;;;;;;;;;
urn:gs1:gdd:cl:PrimaryAddedFlavouringCode:MARMALADE;PrimaryAddedFlavouringCode;MARMALADE;Marmalade;Marmalade;Confiture;;;;;;;;;NEW;CURRENT;1;;;;;;;;;;;;;
urn:gs1:gdd:cl:PrimaryAddedFlavouringCode:MELON;PrimaryAddedFlavouringCode;MELON;Melon;Melon;Melon;;;;;;;;;NEW;CURRENT;1;;;;;;;;;;;;;
urn:gs1:gdd:cl:PrimaryAddedFlavouringCode:MINT;PrimaryAddedFlavouringCode;MINT;Mint;Mint;Menthe;;;;;;;;;NEW;CURRENT;1;;;;;;;;;;;;;
urn:gs1:gdd:cl:PrimaryAddedFlavouringCode:MULBERRY;PrimaryAddedFlavouringCode;MULBERRY;Mulberry;Mulberry;Mûre;;;;;;;;;NEW;CURRENT;1;;;;;;;;;;;;;
urn:gs1:gdd:cl:PrimaryAddedFlavouringCode:NONE;PrimaryAddedFlavouringCode;NONE;None;None;Aucun;;;;;;;;;NEW;CURRENT;1;;;;;;;;;;;;;
urn:gs1:gdd:cl:PrimaryAddedFlavouringCode:NUT;PrimaryAddedFlavouringCode;NUT;Nut;Nut;Noix;;;;;;;;;NEW;CURRENT;1;;;;;;;;;;;;;
urn:gs1:gdd:cl:PrimaryAddedFlavouringCode:ORANGE;PrimaryAddedFlavouringCode;ORANGE;Orange;Orange;Orange;;;;;;;;;NEW;CURRENT;1;;;;;;;;;;;;;
urn:gs1:gdd:cl:PrimaryAddedFlavouringCode:OTHER;PrimaryAddedFlavouringCode;OTHER;Other;Other;Autre;;;;;;;;;NEW;CURRENT;1;;;;;;;;;;;;;
urn:gs1:gdd:cl:PrimaryAddedFlavouringCode:PASSION_FRUIT_MARACUYA_GRANADILLA;PrimaryAddedFlavouringCode;PASSION_FRUIT_MARACUYA_GRANADILLA;Passion Fruit/Maracuya/Granadilla;Passion Fruit/Maracuya/Granadilla;Fruit de la Passion/Maracuya/Grenadille;;;;;;;;;NEW;CURRENT;1;;;;;;;;;;;;;
urn:gs1:gdd:cl:PrimaryAddedFlavouringCode:PEACH;PrimaryAddedFlavouringCode;PEACH;Peach;Peach;Pêche;;;;;;;;;NEW;CURRENT;1;;;;;;;;;;;;;
urn:gs1:gdd:cl:PrimaryAddedFlavouringCode:PEAR;PrimaryAddedFlavouringCode;PEAR;Pear;Pear;Poire;;;;;;;;;NEW;CURRENT;1;;;;;;;;;;;;;
urn:gs1:gdd:cl:PrimaryAddedFlavouringCode:PEPPER;PrimaryAddedFlavouringCode;PEPPER;Pepper;Pepper;Poivre;;;;;;;;;NEW;CURRENT;1;;;;;;;;;;;;;
urn:gs1:gdd:cl:PrimaryAddedFlavouringCode:PEPPERMINT;PrimaryAddedFlavouringCode;PEPPERMINT;Peppermint;Peppermint;Menthe poivrée;;;;;;;;;NEW;CURRENT;1;;;;;;;;;;;;;
urn:gs1:gdd:cl:PrimaryAddedFlavouringCode:PINEAPPLE;PrimaryAddedFlavouringCode;PINEAPPLE;Pineapple;Pineapple;Ananas;;;;;;;;;NEW;CURRENT;1;;;;;;;;;;;;;
urn:gs1:gdd:cl:PrimaryAddedFlavouringCode:PLUM;PrimaryAddedFlavouringCode;PLUM;Plum;Plum;Prune;;;;;;;;;NEW;CURRENT;1;;;;;;;;;;;;;
urn:gs1:gdd:cl:PrimaryAddedFlavouringCode:POMEGRANATE;PrimaryAddedFlavouringCode;POMEGRANATE;Pomegranate;Pomegranate;Grenade;;;;;;;;;NEW;CURRENT;1;;;;;;;;;;;;;
urn:gs1:gdd:cl:PrimaryAddedFlavouringCode:RASPBERRY;PrimaryAddedFlavouringCode;RASPBERRY;Raspberry;Raspberry;Framboise;;;;;;;;;NEW;CURRENT;1;;;;;;;;;;;;;
urn:gs1:gdd:cl:PrimaryAddedFlavouringCode:RED_CURRANT;PrimaryAddedFlavouringCode;RED_CURRANT;Red Currant;Red Currant;groseille rouge;;;;;;;;;NEW;CURRENT;1;;;;;;;;;;;;;
urn:gs1:gdd:cl:PrimaryAddedFlavouringCode:RHUBARB;PrimaryAddedFlavouringCode;RHUBARB;Rhubarb;Rhubarb;Rhubarbe;;;;;;;;;NEW;CURRENT;1;;;;;;;;;;;;;
urn:gs1:gdd:cl:PrimaryAddedFlavouringCode:ROOT_BEER;PrimaryAddedFlavouringCode;ROOT_BEER;Root Beer;Root Beer;Bière de racine;;;;;;;;;NEW;CURRENT;1;;;;;;;;;;;;;
urn:gs1:gdd:cl:PrimaryAddedFlavouringCode:ROSE;PrimaryAddedFlavouringCode;ROSE;Rose;Rose;Rose;;;;;;;;;NEW;CURRENT;1;;;;;;;;;;;;;
urn:gs1:gdd:cl:PrimaryAddedFlavouringCode:ROSEMARY;PrimaryAddedFlavouringCode;ROSEMARY;Rosemary;Rosemary;Romarin;;;;;;;;;NEW;CURRENT;1;;;;;;;;;;;;;
urn:gs1:gdd:cl:PrimaryAddedFlavouringCode:S_MORES;PrimaryAddedFlavouringCode;S_MORES;S'Mores;S'Mores;S'Mores;;;;;;;;;NEW;CURRENT;1;;;;;;;;;;;;;
urn:gs1:gdd:cl:PrimaryAddedFlavouringCode:SALT;PrimaryAddedFlavouringCode;SALT;Salt;Salt;Sel;;;;;;;;;NEW;CURRENT;1;;;;;;;;;;;;;
urn:gs1:gdd:cl:PrimaryAddedFlavouringCode:SALTED_CARAMEL;PrimaryAddedFlavouringCode;SALTED_CARAMEL;Salted Caramel;Salted Caramel;Caramel salé;;;;;;;;;NEW;CURRENT;1;;;;;;;;;;;;;
urn:gs1:gdd:cl:PrimaryAddedFlavouringCode:SMOKED;PrimaryAddedFlavouringCode;SMOKED;Smoked;Smoked;Fumé;;;;;;;;;NEW;CURRENT;1;;;;;;;;;;;;;
urn:gs1:gdd:cl:PrimaryAddedFlavouringCode:SOUR_CHERRY;PrimaryAddedFlavouringCode;SOUR_CHERRY;Sour cherry;Sour cherry;cerise aigre;;;;;;;;;NEW;CURRENT;1;;;;;;;;;;;;;
urn:gs1:gdd:cl:PrimaryAddedFlavouringCode:SPICE;PrimaryAddedFlavouringCode;SPICE;Spice;Spice;Pimenter;;;;;;;;;NEW;CURRENT;1;;;;;;;;;;;;;
urn:gs1:gdd:cl:PrimaryAddedFlavouringCode:STRAWBERRY;PrimaryAddedFlavouringCode;STRAWBERRY;Strawberry;Strawberry;Fraise;;;;;;;;;NEW;CURRENT;1;;;;;;;;;;;;;
urn:gs1:gdd:cl:PrimaryAddedFlavouringCode:SUGAR;PrimaryAddedFlavouringCode;SUGAR;Sugar;Sugar;Sucre;;;;;;;;;NEW;CURRENT;1;;;;;;;;;;;;;
urn:gs1:gdd:cl:PrimaryAddedFlavouringCode:SWEET_TEA;PrimaryAddedFlavouringCode;SWEET_TEA;Sweet Tea;Sweet Tea;Thé sucré;;;;;;;;;NEW;CURRENT;1;;;;;;;;;;;;;
urn:gs1:gdd:cl:PrimaryAddedFlavouringCode:TANGERINE;PrimaryAddedFlavouringCode;TANGERINE;Tangerine;Tangerine;Tangerine;;;;;;;;;NEW;CURRENT;1;;;;;;;;;;;;;
urn:gs1:gdd:cl:PrimaryAddedFlavouringCode:TOFFEE;PrimaryAddedFlavouringCode;TOFFEE;Toffee;Toffee;Caramel au beurre;;;;;;;;;NEW;CURRENT;1;;;;;;;;;;;;;
urn:gs1:gdd:cl:PrimaryAddedFlavouringCode:TROPICAL_FRUIT;PrimaryAddedFlavouringCode;TROPICAL_FRUIT;Tropical Fruit;Tropical Fruit;Fruits tropicaux;;;;;;;;;NEW;CURRENT;1;;;;;;;;;;;;;
urn:gs1:gdd:cl:PrimaryAddedFlavouringCode:TRUFFLE;PrimaryAddedFlavouringCode;TRUFFLE;Truffle;Truffle;Truffe;;;;;;;;;NEW;CURRENT;1;;;;;;;;;;;;;
urn:gs1:gdd:cl:PrimaryAddedFlavouringCode:UNCLASSIFIED;PrimaryAddedFlavouringCode;UNCLASSIFIED;Unclassified;Unclassified;Non classé;;;;;;;;;NEW;CURRENT;1;;;;;;;;;;;;;
urn:gs1:gdd:cl:PrimaryAddedFlavouringCode:UNIDENTIFIED;PrimaryAddedFlavouringCode;UNIDENTIFIED;Unidentified;Unidentified;Non identifié;;;;;;;;;NEW;CURRENT;1;;;;;;;;;;;;;
urn:gs1:gdd:cl:PrimaryAddedFlavouringCode:VANILLA;PrimaryAddedFlavouringCode;VANILLA;Vanilla;Vanilla;Vanille;;;;;;;;;NEW;CURRENT;1;;;;;;;;;;;;;
urn:gs1:gdd:cl:PrimaryAddedFlavouringCode:VANILLA_BEAN;PrimaryAddedFlavouringCode;VANILLA_BEAN;Vanilla Bean;Vanilla Bean;Gousse de vanille;;;;;;;;;NEW;CURRENT;1;;;;;;;;;;;;;
urn:gs1:gdd:cl:PrimaryAddedFlavouringCode:VIOLET;PrimaryAddedFlavouringCode;VIOLET;Violet;Violet;Violet;;;;;;;;;NEW;CURRENT;1;;;;;;;;;;;;;
urn:gs1:gdd:cl:PrimaryAddedFlavouringCode:WALNUT;PrimaryAddedFlavouringCode;WALNUT;Walnut;Walnut;Noyer;;;;;;;;;NEW;CURRENT;1;;;;;;;;;;;;;
urn:gs1:gdd:cl:PrimaryAddedFlavouringCode:WATERMELON;PrimaryAddedFlavouringCode;WATERMELON;Watermelon;Watermelon;Pastèque;;;;;;;;;NEW;CURRENT;1;;;;;;;;;;;;;
urn:gs1:gdd:cl:PrimaryAddedFlavouringCode:WORMWOOD;PrimaryAddedFlavouringCode;WORMWOOD;Wormwood;Wormwood;Armoise;;;;;;;;;NEW;CURRENT;1;;;;;;;;;;;;;
urn:gs1:gdd:cl:ProductActivityTypeCode;ProductActivityTypeCode;;;;;;;;;;;;;NEW;CURRENT;3;;;;;;;;;;;;;
urn:gs1:gdd:cl:ProductActivityTypeCode:ASSEMBLY;ProductActivityTypeCode;ASSEMBLY;Assembly;Assembly;Assemblée;;;;;;;;;NEW;CURRENT;1;;;;;;;;;;;;;
urn:gs1:gdd:cl:ProductActivityTypeCode:BIRTH;ProductActivityTypeCode;BIRTH;Birth;Birth;Naissance;;;;;;;;; birds; fish and crustaceans.;CODEVALUE;GDSN;;NEW;CURRENT;2;;;;;;;;
urn:gs1:gdd:cl:ProductActivityTypeCode:BOTTLING;ProductActivityTypeCode;BOTTLING;Bottling;Bottling;Embouteillage;;;;;;;;;NEW;CURRENT;1;;;;;;;;;;;;;
urn:gs1:gdd:cl:ProductActivityTypeCode:CATCH_ZONE;ProductActivityTypeCode;CATCH_ZONE;Catch zone;Catch zone;Zone de capture;;;;;;;;;NEW;CURRENT;1;;;;;;;;;;;;;
urn:gs1:gdd:cl:ProductActivityTypeCode:CUTTER;ProductActivityTypeCode;CUTTER;Cutter;Cutter;Coupé;;;;;;;;;NEW;CURRENT;1;;;;;;;;;;;;;
urn:gs1:gdd:cl:ProductActivityTypeCode:FARMING;ProductActivityTypeCode;FARMING;Farming;Farming;Agriculture;;;;;;;;;CODEVALUE;GDSN;;NEW;CURRENT;1;;;;;;;;;;
urn:gs1:gdd:cl:ProductActivityTypeCode:HUNTED_GATHERED;ProductActivityTypeCode;HUNTED_GATHERED;Hunted/Gathered;Hunted/Gathered;Chassé/Cueilli;;;;;;;;;NEW;CURRENT;1;;;;;;;;;;;;;
urn:gs1:gdd:cl:ProductActivityTypeCode:IMPORTATION;ProductActivityTypeCode;IMPORTATION;Importation;Importation;Importation;;;;;;;;;GDSN;;NEW;CURRENT;3;;;;;;;;;;;
urn:gs1:gdd:cl:ProductActivityTypeCode:LAST_PROCESSING;ProductActivityTypeCode;LAST_PROCESSING;Last processing;Last processing;Dernier traitement;;;;;;;;;NEW;CURRENT;1;;;;;;;;;;;;;
urn:gs1:gdd:cl:ProductActivityTypeCode:MILKING;ProductActivityTypeCode;MILKING;Milking;Milking;Traite;;;;;;;;;NEW;CURRENT;3;;;;;;;;;;;;;
urn:gs1:gdd:cl:ProductActivityTypeCode:REARING;ProductActivityTypeCode;REARING;Rearing;Rearing;Élevage;;;;;;;;; one instance of the attribute should be populated (e.g. reared in Spain and Portugal). If the animal may have been raised in a single location but for a particular animal it is transactional; it is suggested to populate the attribute for each possibility of location an animal may have come from (e.g. Instance 1 - reared in Spain; instance 2 - Reared in Portugal). Note: the term animal includes but is not limited to mammals; birds; fish and crustaceans.;CODEVALUE;GDSN;;NEW;CURRENT;2;;;;;
urn:gs1:gdd:cl:ProductActivityTypeCode:SLAUGHTER;ProductActivityTypeCode;SLAUGHTER;Slaughter;Slaughter;Abattage;;;;;;;;; birds; fish and crustaceans.;CODEVALUE;GDSN;;NEW;CURRENT;2;;;;;;;;
urn:gs1:gdd:cl:ProductionMethodForFishAndSeafoodCode;ProductionMethodForFishAndSeafoodCode;;;;;;;;;;;;;;NEW;CURRENT;1;;;;;;;;;;;;
urn:gs1:gdd:cl:ProductionMethodForFishAndSeafoodCode:AQUACULTURE;ProductionMethodForFishAndSeafoodCode;AQUACULTURE;Aquaculture;Aquaculture;Aquaculture;;;;;;;;;GDSN;;NEW;CURRENT;1;;;;;;;;;;;
urn:gs1:gdd:cl:ProductionMethodForFishAndSeafoodCode:AQUACULTURE_CAGES_DAM_SYSTEMS;ProductionMethodForFishAndSeafoodCode;AQUACULTURE_CAGES_DAM_SYSTEMS;Aquaculture cages - (open) dam systems;Aquaculture cages - (open) dam systems;Cages d'aquaculture - systèmes de barrages (ouverts);;;;;;;;;NEW;CURRENT;1;;;;;;;;;;;;;
urn:gs1:gdd:cl:ProductionMethodForFishAndSeafoodCode:AQUACULTURE_CAGES_FULL_LIFECYCLE;ProductionMethodForFishAndSeafoodCode;AQUACULTURE_CAGES_FULL_LIFECYCLE;Aquaculture cages - full lifecycle;Aquaculture cages - full lifecycle;Cages d'aquaculture - cycle de vie complet;;;;;;;;;NEW;CURRENT;1;;;;;;;;;;;;;
urn:gs1:gdd:cl:ProductionMethodForFishAndSeafoodCode:AQUACULTURE_CAGES_WILD_JUVENILES;ProductionMethodForFishAndSeafoodCode;AQUACULTURE_CAGES_WILD_JUVENILES;Aquaculture cages - wild juveniles;Aquaculture cages - wild juveniles;Cages d'aquaculture - juvéniles sauvages;;;;;;;;;NEW;CURRENT;1;;;;;;;;;;;;;
urn:gs1:gdd:cl:ProductionMethodForFishAndSeafoodCode:AQUACULTURE_FLOAT_TRAY_RAFT_ROPE_BOTTOM_WILD;ProductionMethodForFishAndSeafoodCode;AQUACULTURE_FLOAT_TRAY_RAFT_ROPE_BOTTOM_WILD;Aquaculture float/tray/raft/rope/bottom-wild;Aquaculture float/tray/raft/rope/bottom-wild;Flotteur/plateau/radeau/corde/fond d'aquaculture - sauvage;;;;;;;;;NEW;CURRENT;1;;;;;;;;;;;;;
urn:gs1:gdd:cl:ProductionMethodForFishAndSeafoodCode:AQUACULTURE_FLOAT_TRAY_RAFT_ROPE_BOTTOM-FULL;ProductionMethodForFishAndSeafoodCode;AQUACULTURE_FLOAT_TRAY_RAFT_ROPE_BOTTOM-FULL;Aquaculture float/tray/raft/rope/bottom-100%;Aquaculture float/tray/raft/rope/bottom-100%;Flotteur/plateau/radeau/corde/fond d'aquaculture - 100 %;;;;;;;;;NEW;CURRENT;1;;;;;;;;;;;;;
urn:gs1:gdd:cl:ProductionMethodForFishAndSeafoodCode:AQUACULTURE_PONDS_EXTENSIVE;ProductionMethodForFishAndSeafoodCode;AQUACULTURE_PONDS_EXTENSIVE;Aquaculture ponds - extensive production;Aquaculture ponds - extensive production;Bassins d'aquaculture - production extensive;;;;;;;;;NEW;CURRENT;1;;;;;;;;;;;;;
urn:gs1:gdd:cl:ProductionMethodForFishAndSeafoodCode:AQUACULTURE_PONDS_INTENSIVE;ProductionMethodForFishAndSeafoodCode;AQUACULTURE_PONDS_INTENSIVE;Aquaculture ponds - intensive production;Aquaculture ponds - intensive production;Bassins d'aquaculture - production intensive;;;;;;;;;NEW;CURRENT;1;;;;;;;;;;;;;
urn:gs1:gdd:cl:ProductionMethodForFishAndSeafoodCode:AQUACULTURE_PONDS_SEMI_INTENSIVE;ProductionMethodForFishAndSeafoodCode;AQUACULTURE_PONDS_SEMI_INTENSIVE;Aquaculture ponds - semi-intensive production;Aquaculture ponds - semi-intensive production;Bassins d'aquaculture - production semi-intensive;;;;;;;;;NEW;CURRENT;1;;;;;;;;;;;;;
urn:gs1:gdd:cl:ProductionMethodForFishAndSeafoodCode:AQUACULTURE_RACEWAYS;ProductionMethodForFishAndSeafoodCode;AQUACULTURE_RACEWAYS;Aquaculture raceways;Aquaculture raceways;Raceways d'aquaculture;;;;;;;;;NEW;CURRENT;1;;;;;;;;;;;;;
urn:gs1:gdd:cl:ProductionMethodForFishAndSeafoodCode:AQUACULTURE_RECIRCULATING;ProductionMethodForFishAndSeafoodCode;AQUACULTURE_RECIRCULATING;Aquaculture recirculating systems;Aquaculture recirculating systems;Systèmes de recirculation d'aquaculture;;;;;;;;;NEW;CURRENT;1;;;;;;;;;;;;;
urn:gs1:gdd:cl:ProductionMethodForFishAndSeafoodCode:AQUACULTURE_RECIRCULATING_AQUAPONIC;ProductionMethodForFishAndSeafoodCode;AQUACULTURE_RECIRCULATING_AQUAPONIC;Aquaculture recirculating systems - Aquaponic;Aquaculture recirculating systems - Aquaponic;Systèmes de recirculation d'aquaculture - Aquaponique;;;;;;;;;NEW;CURRENT;1;;;;;;;;;;;;;
urn:gs1:gdd:cl:ProductionMethodForFishAndSeafoodCode:AQUACULTURE_TANKS;ProductionMethodForFishAndSeafoodCode;AQUACULTURE_TANKS;Aquaculture tanks;Aquaculture tanks;Réservoirs d'aquaculture;;;;;;;;;NEW;CURRENT;1;;;;;;;;;;;;;
urn:gs1:gdd:cl:ProductionMethodForFishAndSeafoodCode:INLAND_FISHERY;ProductionMethodForFishAndSeafoodCode;INLAND_FISHERY;Inland Fishery;Inland Fishery;Pêche continentale;;;;;;;;; artificial canals; and static or lenitic waters such as natural lakes and tarns and artificial lakes or reservoirs such as rivers; lakes; etc.;CODEVALUE;GDSN;;NEW;CURRENT;1;;;;;;
urn:gs1:gdd:cl:ProductionMethodForFishAndSeafoodCode:MARINE_FISHERY;ProductionMethodForFishAndSeafoodCode;MARINE_FISHERY;Marine Fishery;Marine Fishery;Pêche maritime;;;;;;;;;NEW;CURRENT;1;;;;;;;;;;;;;
urn:gs1:gdd:cl:PromotionTypeCode;PromotionTypeCode;;;;;;;;;;;;;NEW;CURRENT;1;;;;;;;;;;;;;
urn:gs1:gdd:cl:PromotionTypeCode:BONUS_PACK;PromotionTypeCode;BONUS_PACK;;;;;;;;;;;;NEW;CURRENT;1;;;;;;;;;;;;;
urn:gs1:gdd:cl:PromotionTypeCode:FREE_COMPONENTS;PromotionTypeCode;FREE_COMPONENTS;;;;;;;;;;;;NEW;CURRENT;1;;;;;;;;;;;;;
urn:gs1:gdd:cl:PromotionTypeCode:FREE_GIFT_ATTACHED;PromotionTypeCode;FREE_GIFT_ATTACHED;Free_Gift Attached;Free_Gift Attached;Cadeau gratuit ci-joint;;;;;;;;;;NEW;CURRENT;1;;;;;;;;;;;;
urn:gs1:gdd:cl:PromotionTypeCode:FREE_QUANTITY;PromotionTypeCode;FREE_QUANTITY;;;;;;;;;;;;GDSN;;NEW;CURRENT;1;;;;;;;;;;;
urn:gs1:gdd:cl:PromotionTypeCode:MULTI_PACK_AND_COMBINATION_PACK;PromotionTypeCode;MULTI_PACK_AND_COMBINATION_PACK;;;;;;;;;;;;NEW;CURRENT;1;;;;;;;;;;;;;
urn:gs1:gdd:cl:PromotionTypeCode:SAMPLE;PromotionTypeCode;SAMPLE;Sample;Sample;Échantillon;;;;;;;;;NEW;CURRENT;1;;;;;;;;;;;;;
urn:gs1:gdd:cl:PromotionTypeCode:SPECIAL_PACKAGING;PromotionTypeCode;SPECIAL_PACKAGING;;;;;;;;;;;;NEW;CURRENT;1;;;;;;;;;;;;;
urn:gs1:gdd:cl:ReferencedTradeItemTypeCode;ReferencedTradeItemTypeCode;;;;;;;;;;;;;CHANGED;CURRENT;2;;;;;;;;;;;;;
urn:gs1:gdd:cl:ReferencedTradeItemTypeCode:ACCESSORY_INCLUDED;ReferencedTradeItemTypeCode;ACCESSORY_INCLUDED;Accessory/Add-on included;Accessory/Add-on included;Accessoire/module complémentaire inclus;;;;;;;;;NEW;CURRENT;1;;;;;;;;;;;;;
urn:gs1:gdd:cl:ReferencedTradeItemTypeCode:ACCESSORY_SOLD_SEPARATELY;ReferencedTradeItemTypeCode;ACCESSORY_SOLD_SEPARATELY;Accessory/Add-on sold separately;Accessory/Add-on sold separately;Accessoire/module complémentaire vendu séparément;;;;;;;;;;NEW;CURRENT;1;;;;;;;;;;;;
urn:gs1:gdd:cl:ReferencedTradeItemTypeCode:DEPENDENT_PROPRIETARY;ReferencedTradeItemTypeCode;DEPENDENT_PROPRIETARY;Dependent Proprietary;Dependent Proprietary;Dépendant propriétaire;;;;;;;;;NEW;CURRENT;1;;;;;;;;;;;;;
urn:gs1:gdd:cl:ReferencedTradeItemTypeCode:EQUIVALENT;ReferencedTradeItemTypeCode;EQUIVALENT;Equivalent;Equivalent;Équivalent;;;;;;;;;NEW;CURRENT;1;;;;;;;;;;;;;
urn:gs1:gdd:cl:ReferencedTradeItemTypeCode:ITEM_VARIANT_MASTER;ReferencedTradeItemTypeCode;ITEM_VARIANT_MASTER;Item Variant Master;Item Variant Master;Variante d'article Master;;;;;;;;;;NEW;CURRENT;1;;;;;;;;;;;;
urn:gs1:gdd:cl:ReferencedTradeItemTypeCode:PREFERRED;ReferencedTradeItemTypeCode;PREFERRED;Preferred;Preferred;Préféré;;;;;;;;;;NEW;CURRENT;1;;;;;;;;;;;;
urn:gs1:gdd:cl:ReferencedTradeItemTypeCode:PRIMARY_ALTERNATIVE;ReferencedTradeItemTypeCode;PRIMARY_ALTERNATIVE;Primary Alternative;Primary Alternative;Alternative principale;;;;;;;;;CODEVALUE;GDSN;;NEW;CURRENT;1;;;;;;;;;;
urn:gs1:gdd:cl:ReferencedTradeItemTypeCode:REPLACED;ReferencedTradeItemTypeCode;REPLACED;Replaced;Replaced;Remplacé;;;;;;;;;NEW;CURRENT;1;;;;;;;;;;;;;
urn:gs1:gdd:cl:ReferencedTradeItemTypeCode:REPLACED_BY;ReferencedTradeItemTypeCode;REPLACED_BY;Replaced By;Replaced By;Remplacé par;;;;;;;;;NEW;CURRENT;1;;;;;;;;;;;;;
urn:gs1:gdd:cl:ReferencedTradeItemTypeCode:SUBSTITUTED;ReferencedTradeItemTypeCode;SUBSTITUTED;Substituted;Substituted;Remplacé;;;;;;;;;NEW;CURRENT;1;;;;;;;;;;;;;
urn:gs1:gdd:cl:ReferencedTradeItemTypeCode:SUBSTITUTED_BY;ReferencedTradeItemTypeCode;SUBSTITUTED_BY;Substituted By;Substituted By;Remplacé par;;;;;;;;;NEW;CURRENT;1;;;;;;;;;;;;;
urn:gs1:gdd:cl:RennetTypeCode;RennetTypeCode;;;;;;;;;;;;;NEW;CURRENT;1;;;;;;;;;;;;;
urn:gs1:gdd:cl:RennetTypeCode:ANIMAL_RENNET;RennetTypeCode;ANIMAL_RENNET;Animal Rennet;Animal Rennet;présure animale;Tierisches Lab;Dierlijk Stremsel;Cuajo animal;Animal Rennet;Caglio animale;Coalho Animal;Animal Löpe;Eläinperäinen Juoksute;NEW;CURRENT;1;;;;;;;;;;;;;
urn:gs1:gdd:cl:RennetTypeCode:MICROBIAL_RENNET;RennetTypeCode;MICROBIAL_RENNET;Microbial Rennet;Microbial Rennet;Présure microbienne;Mikrobielles Lab;Microbiëel Stremsel;Cuajo microbiano;Microbial Rennet;Caglio microbico;Coalho Microbiano;Mikrobiellt Löpe;Mikrobiologinen Juoksute;NEW;CURRENT;1;;;;;;;;;;;;;
urn:gs1:gdd:cl:RennetTypeCode:NO_RENNET;RennetTypeCode;NO_RENNET;No Rennet;No Rennet;Sans présure;Ohne Lab;Zonder stremsel;Sin cuajo;No Rennet;Senza caglio;Sem coalho;Utan löpe;Ilman juoksutetta;NEW;CURRENT;1;;;;;;;;;;;;;
urn:gs1:gdd:cl:RennetTypeCode:VEGETABLE_RENNET;RennetTypeCode;VEGETABLE_RENNET;Vegetable Rennet;Vegetable Rennet;Présure végétale;Pflanzliches Lab;Plantaardig Stremsel;Cuajo vegetal;Vegetable Rennet;Caglio vegetale;Coalho Vegetal;Vegetabiliskt Löpe;Kasviperäinen Juoksute;NEW;CURRENT;1;;;;;;;;;;;;;
urn:gs1:gdd:cl:SDSStandardCode;SDSStandardCode;;;;;;;;;;;;;NEW;CURRENT;1;;;;;;;;;;;;;;;;;;;;;;;;;;;;;;;;;;;;;;;;;;;;;;;;;;;;;;;;;;;;;;;;;;;;
urn:gs1:gdd:cl:SDSStandardCode:ANSI;SDSStandardCode;ANSI;ANSI;ANSI;ANSI;;;;;;;;;NEW;CURRENT;1;;;;;;;;;;;;;;;;;;;;;;;;;;;;;;;;;;;;;;;;;;;;;;;;;;;;;;;;;;;;;;;;;;;;
urn:gs1:gdd:cl:SDSStandardCode:FITPC;SDSStandardCode;FITPC;Fiche Information Technique Produit Cosmetique - Cosmetic Product Technical Data Sheet;Fiche Information Technique Produit Cosmetique - Cosmetic Product Technical Data Sheet;Fiche Information Technique Produit Cosmétique - Fiche Technique Produit Cosmétique;;;;;;;;;;NEW;CURRENT;1;;;;;;;;;;;;;;;;;;;;;;;;;;;;;;;;;;;;;;;;;;;;;;;;;;;;;;;;;;;;;;;;;;;
urn:gs1:gdd:cl:SDSStandardCode:GHS;SDSStandardCode;GHS;GHS;GHS;SGH;;;;;;;;;NEW;CURRENT;1;;;;;;;;;;;;;;;;;;;;;;;;;;;;;;;;;;;;;;;;;;;;;;;;;;;;;;;;;;;;;;;;;;;;
urn:gs1:gdd:cl:SDSStandardCode:OSHA;SDSStandardCode;OSHA;OSHA;OSHA;OSHA;;;;;;;;;NEW;CURRENT;1;;;;;;;;;;;;;;;;;;;;;;;;;;;;;;;;;;;;;;;;;;;;;;;;;;;;;;;;;;;;;;;;;;;;
urn:gs1:gdd:cl:SDSStandardCode:OTHER;SDSStandardCode;OTHER;Other;Other;Autre;;;;;;;;;NEW;CURRENT;1;;;;;;;;;;;;;;;;;;;;;;;;;;;;;;;;;;;;;;;;;;;;;;;;;;;;;;;;;;;;;;;;;;;;
urn:gs1:gdd:cl:SDSStandardCode:REACH;SDSStandardCode;REACH;Reach regulation;Reach regulation;Règlement REACH;;;;;;;;;GDSN;;NEW;CURRENT;1;;;;;;;;;;;;;;;;;;;;;;;;;;;;;;;;;;;;;;;;;;;;;;;;;;;;;;;;;;;;;;;;;;
urn:gs1:gdd:cl:SDSStandardCode:RETAILER_REQUESTED;SDSStandardCode;RETAILER_REQUESTED;Retailer Requested;Retailer Requested;Détaillant demandé;;;;;;;;;NEW;CURRENT;1;;;;;;;;;;;;;;;;;;;;;;;;;;;;;;;;;;;;;;;;;;;;;;;;;;;;;;;;;;;;;;;;;;;;
urn:gs1:gdd:cl:SeasonParameterCode;SeasonParameterCode;;;;;;;;;;;;;CHANGED;CURRENT;2;;;;;;;;;;;;;
urn:gs1:gdd:cl:SeasonParameterCode:ALL_YEAR;SeasonParameterCode;ALL_YEAR;All Year;All Year;Toute l'année;;;;;;;;;NEW;CURRENT;1;;;;;;;;;;;;;
urn:gs1:gdd:cl:SeasonParameterCode:AUTUMN;SeasonParameterCode;AUTUMN;Autumn;Autumn;Automne;;;;;;;;;NEW;CURRENT;1;;;;;;;;;;;;;
urn:gs1:gdd:cl:SeasonParameterCode:AUTUMN_WINTER;SeasonParameterCode;AUTUMN_WINTER;Autumn Winter;Autumn Winter;Automne Hiver;;;;;;;;;NEW;CURRENT;1;;;;;;;;;;;;;
urn:gs1:gdd:cl:SeasonParameterCode:CARNIVAL;SeasonParameterCode;CARNIVAL;Carnival;Carnival;Carnaval;;;;;;;;;NEW;CURRENT;2;;;;;;;;;;;;;
urn:gs1:gdd:cl:SeasonParameterCode:CHRISTMAS;SeasonParameterCode;CHRISTMAS;Christmas;Christmas;Noël;;;;;;;;;NEW;CURRENT;2;;;;;;;;;;;;;
urn:gs1:gdd:cl:SeasonParameterCode:EASTER;SeasonParameterCode;EASTER;Easter;Easter;Pâques;;;;;;;;;NEW;CURRENT;2;;;;;;;;;;;;;
urn:gs1:gdd:cl:SeasonParameterCode:FATHERS_DAY;SeasonParameterCode;FATHERS_DAY;Father's Day;Father's Day;Fête des pères;;;;;;;;;NEW;CURRENT;1;;;;;;;;;;;;;
urn:gs1:gdd:cl:SeasonParameterCode:HALLOWEEN;SeasonParameterCode;HALLOWEEN;Halloween;Halloween;Halloween;;;;;;;;;NEW;CURRENT;2;;;;;;;;;;;;;
urn:gs1:gdd:cl:SeasonParameterCode:MOTHERS_DAY;SeasonParameterCode;MOTHERS_DAY;Mother's Day;Mother's Day;fête des Mères;;;;;;;;;NEW;CURRENT;1;;;;;;;;;;;;;
urn:gs1:gdd:cl:SeasonParameterCode:OTHER;SeasonParameterCode;OTHER;Other;Other;Autre;;;;;;;;;NEW;CURRENT;2;;;;;;;;;;;;;
urn:gs1:gdd:cl:SeasonParameterCode:SPRING;SeasonParameterCode;SPRING;Spring;Spring;Printemps;;;;;;;;;NEW;CURRENT;1;;;;;;;;;;;;;
urn:gs1:gdd:cl:SeasonParameterCode:SPRING_SUMMER;SeasonParameterCode;SPRING_SUMMER;Spring Summer;Spring Summer;Printemps Été;;;;;;;;;NEW;CURRENT;1;;;;;;;;;;;;;
urn:gs1:gdd:cl:SeasonParameterCode:SUMMER;SeasonParameterCode;SUMMER;Summer;Summer;Été;;;;;;;;;NEW;CURRENT;1;;;;;;;;;;;;;
urn:gs1:gdd:cl:SeasonParameterCode:VALENTINES_DAY;SeasonParameterCode;VALENTINES_DAY;Valentines Day;Valentines Day;Saint Valentin;;;;;;;;;NEW;CURRENT;2;;;;;;;;;;;;;
urn:gs1:gdd:cl:SeasonParameterCode:WINTER;SeasonParameterCode;WINTER;Winter;Winter;Hiver;;;;;;;;;NEW;CURRENT;1;;;;;;;;;;;;;
urn:gs1:gdd:cl:SecondaryAddedFlavouringCode;SecondaryAddedFlavouringCode;;;;;;;;;;;;;NEW;CURRENT;1;;;;;;;;;;;;;
urn:gs1:gdd:cl:SecondaryAddedFlavouringCode:ACAI_BERRY;SecondaryAddedFlavouringCode;ACAI_BERRY;Acai Berry;Acai Berry;Acai Berry;;;;;;;;;NEW;CURRENT;1;;;;;;;;;;;;;
urn:gs1:gdd:cl:SecondaryAddedFlavouringCode:ALMOND;SecondaryAddedFlavouringCode;ALMOND;Almond;Almond;Amande;;;;;;;;;NEW;CURRENT;1;;;;;;;;;;;;;
urn:gs1:gdd:cl:SecondaryAddedFlavouringCode:AMARETTO;SecondaryAddedFlavouringCode;AMARETTO;Amaretto;Amaretto;Amaretto;;;;;;;;;NEW;CURRENT;1;;;;;;;;;;;;;
urn:gs1:gdd:cl:SecondaryAddedFlavouringCode:ANISEED;SecondaryAddedFlavouringCode;ANISEED;Aniseed;Aniseed;Anis;;;;;;;;;NEW;CURRENT;1;;;;;;;;;;;;;
urn:gs1:gdd:cl:SecondaryAddedFlavouringCode:APPLE;SecondaryAddedFlavouringCode;APPLE;Apple;Apple;Pomme;;;;;;;;;NEW;CURRENT;1;;;;;;;;;;;;;
urn:gs1:gdd:cl:SecondaryAddedFlavouringCode:APPLE_PIE;SecondaryAddedFlavouringCode;APPLE_PIE;Apple Pie;Apple Pie;Tarte aux pommes;;;;;;;;;NEW;CURRENT;1;;;;;;;;;;;;;
urn:gs1:gdd:cl:SecondaryAddedFlavouringCode:APRICOT;SecondaryAddedFlavouringCode;APRICOT;Apricot;Apricot;Abricot;;;;;;;;;NEW;CURRENT;1;;;;;;;;;;;;;
urn:gs1:gdd:cl:SecondaryAddedFlavouringCode:ARTICHOKE;SecondaryAddedFlavouringCode;ARTICHOKE;Artichoke;Artichoke;Artichaut;;;;;;;;;NEW;CURRENT;1;;;;;;;;;;;;;
urn:gs1:gdd:cl:SecondaryAddedFlavouringCode:BANANA;SecondaryAddedFlavouringCode;BANANA;Banana;Banana;Banane;;;;;;;;;NEW;CURRENT;1;;;;;;;;;;;;;
urn:gs1:gdd:cl:SecondaryAddedFlavouringCode:BASIL;SecondaryAddedFlavouringCode;BASIL;Basil;Basil;Basilic;;;;;;;;;NEW;CURRENT;1;;;;;;;;;;;;;
urn:gs1:gdd:cl:SecondaryAddedFlavouringCode:BISON_GRASS;SecondaryAddedFlavouringCode;BISON_GRASS;Bison grass;Bison grass;herbe à bison;;;;;;;;;NEW;CURRENT;1;;;;;;;;;;;;;
urn:gs1:gdd:cl:SecondaryAddedFlavouringCode:BITTERS;SecondaryAddedFlavouringCode;BITTERS;Bitters;Bitters;Bitter;;;;;;;;;NEW;CURRENT;1;;;;;;;;;;;;;
urn:gs1:gdd:cl:SecondaryAddedFlavouringCode:BLACK_CHERRY;SecondaryAddedFlavouringCode;BLACK_CHERRY;Black Cherry;Black Cherry;Cerise noire;;;;;;;;;NEW;CURRENT;1;;;;;;;;;;;;;
urn:gs1:gdd:cl:SecondaryAddedFlavouringCode:BLACK_CURRANT;SecondaryAddedFlavouringCode;BLACK_CURRANT;Black Currant;Black Currant;Cassis;;;;;;;;;NEW;CURRENT;1;;;;;;;;;;;;;
urn:gs1:gdd:cl:SecondaryAddedFlavouringCode:BLACKBERRY;SecondaryAddedFlavouringCode;BLACKBERRY;Blackberry;Blackberry;Mûre;;;;;;;;;NEW;CURRENT;1;;;;;;;;;;;;;
urn:gs1:gdd:cl:SecondaryAddedFlavouringCode:BLACKTHORN;SecondaryAddedFlavouringCode;BLACKTHORN;Blackthorn;Blackthorn;Prunellier;;;;;;;;;NEW;CURRENT;1;;;;;;;;;;;;;
urn:gs1:gdd:cl:SecondaryAddedFlavouringCode:BLOOD_ORANGE;SecondaryAddedFlavouringCode;BLOOD_ORANGE;Blood Orange;Blood Orange;Orange sanguine;;;;;;;;;NEW;CURRENT;1;;;;;;;;;;;;;
urn:gs1:gdd:cl:SecondaryAddedFlavouringCode:BLUEBERRY;SecondaryAddedFlavouringCode;BLUEBERRY;Blueberry;Blueberry;Myrtille;;;;;;;;;NEW;CURRENT;1;;;;;;;;;;;;;
urn:gs1:gdd:cl:SecondaryAddedFlavouringCode:BOTANICAL;SecondaryAddedFlavouringCode;BOTANICAL;Botanical;Botanical;Botanique;;;;;;;;;NEW;CURRENT;1;;;;;;;;;;;;;
urn:gs1:gdd:cl:SecondaryAddedFlavouringCode:BUTTERSCOTCH;SecondaryAddedFlavouringCode;BUTTERSCOTCH;Butterscotch;Butterscotch;Caramel au beurre;;;;;;;;;NEW;CURRENT;1;;;;;;;;;;;;;
urn:gs1:gdd:cl:SecondaryAddedFlavouringCode:CAKE;SecondaryAddedFlavouringCode;CAKE;Cake;Cake;Gâteau;;;;;;;;;NEW;CURRENT;1;;;;;;;;;;;;;
urn:gs1:gdd:cl:SecondaryAddedFlavouringCode:CARAWAY_SEED;SecondaryAddedFlavouringCode;CARAWAY_SEED;Caraway Seed;Caraway Seed;Graines de carvi;;;;;;;;;NEW;CURRENT;1;;;;;;;;;;;;;
urn:gs1:gdd:cl:SecondaryAddedFlavouringCode:CARDAMOM;SecondaryAddedFlavouringCode;CARDAMOM;Cardamom;Cardamom;Cardamome;;;;;;;;;NEW;CURRENT;1;;;;;;;;;;;;;
urn:gs1:gdd:cl:SecondaryAddedFlavouringCode:CHAMOMILE;SecondaryAddedFlavouringCode;CHAMOMILE;Chamomile;Chamomile;Camomille;;;;;;;;;NEW;CURRENT;1;;;;;;;;;;;;;
urn:gs1:gdd:cl:SecondaryAddedFlavouringCode:CHERRY;SecondaryAddedFlavouringCode;CHERRY;Cherry;Cherry;Cerise;;;;;;;;;NEW;CURRENT;1;;;;;;;;;;;;;
urn:gs1:gdd:cl:SecondaryAddedFlavouringCode:CHILLI;SecondaryAddedFlavouringCode;CHILLI;Chilli;Chilli;Piment;;;;;;;;;NEW;CURRENT;1;;;;;;;;;;;;;
urn:gs1:gdd:cl:SecondaryAddedFlavouringCode:CHOCOLATE;SecondaryAddedFlavouringCode;CHOCOLATE;Chocolate;Chocolate;Chocolat;;;;;;;;;NEW;CURRENT;1;;;;;;;;;;;;;
urn:gs1:gdd:cl:SecondaryAddedFlavouringCode:CINNAMON;SecondaryAddedFlavouringCode;CINNAMON;Cinnamon;Cinnamon;Cannelle;;;;;;;;;NEW;CURRENT;1;;;;;;;;;;;;;
urn:gs1:gdd:cl:SecondaryAddedFlavouringCode:CITRUS_FRUIT;SecondaryAddedFlavouringCode;CITRUS_FRUIT;Citrus Fruit;Citrus Fruit;Agrumes;;;;;;;;;NEW;CURRENT;1;;;;;;;;;;;;;
urn:gs1:gdd:cl:SecondaryAddedFlavouringCode:COCONUT;SecondaryAddedFlavouringCode;COCONUT;Coconut;Coconut;Noix de coco;;;;;;;;;NEW;CURRENT;1;;;;;;;;;;;;;
urn:gs1:gdd:cl:SecondaryAddedFlavouringCode:COFFEE;SecondaryAddedFlavouringCode;COFFEE;Coffee;Coffee;Café;;;;;;;;;NEW;CURRENT;1;;;;;;;;;;;;;
urn:gs1:gdd:cl:SecondaryAddedFlavouringCode:CRANBERRY;SecondaryAddedFlavouringCode;CRANBERRY;Cranberry;Cranberry;Canneberge;;;;;;;;;NEW;CURRENT;1;;;;;;;;;;;;;
urn:gs1:gdd:cl:SecondaryAddedFlavouringCode:CUCUMBER;SecondaryAddedFlavouringCode;CUCUMBER;Cucumber;Cucumber;Concombre;;;;;;;;;NEW;CURRENT;1;;;;;;;;;;;;;
urn:gs1:gdd:cl:SecondaryAddedFlavouringCode:EGG;SecondaryAddedFlavouringCode;EGG;Egg;Egg;Œuf;;;;;;;;;NEW;CURRENT;1;;;;;;;;;;;;;
urn:gs1:gdd:cl:SecondaryAddedFlavouringCode:ELDERBERRY;SecondaryAddedFlavouringCode;ELDERBERRY;Elderberry;Elderberry;Sureau;;;;;;;;;NEW;CURRENT;1;;;;;;;;;;;;;
urn:gs1:gdd:cl:SecondaryAddedFlavouringCode:ELDERFLOWER;SecondaryAddedFlavouringCode;ELDERFLOWER;Elderflower;Elderflower;Fleur de sureau;;;;;;;;;NEW;CURRENT;1;;;;;;;;;;;;;
urn:gs1:gdd:cl:SecondaryAddedFlavouringCode:ENGLISH_TOFFEE;SecondaryAddedFlavouringCode;ENGLISH_TOFFEE;English Toffee;English Toffee;Caramel anglais;;;;;;;;;NEW;CURRENT;1;;;;;;;;;;;;;
urn:gs1:gdd:cl:SecondaryAddedFlavouringCode:ESPRESSO;SecondaryAddedFlavouringCode;ESPRESSO;Espresso;Espresso;Espresso;;;;;;;;;NEW;CURRENT;1;;;;;;;;;;;;;
urn:gs1:gdd:cl:SecondaryAddedFlavouringCode:FIG;SecondaryAddedFlavouringCode;FIG;Fig;Fig;figue;;;;;;;;;NEW;CURRENT;1;;;;;;;;;;;;;
urn:gs1:gdd:cl:SecondaryAddedFlavouringCode:FRENCH_VANILLA;SecondaryAddedFlavouringCode;FRENCH_VANILLA;French Vanilla;French Vanilla;Vanille française;;;;;;;;;NEW;CURRENT;1;;;;;;;;;;;;;
urn:gs1:gdd:cl:SecondaryAddedFlavouringCode:GENTIAN_ROOT;SecondaryAddedFlavouringCode;GENTIAN_ROOT;Gentian Root;Gentian Root;Racine de gentiane;;;;;;;;;NEW;CURRENT;1;;;;;;;;;;;;;
urn:gs1:gdd:cl:SecondaryAddedFlavouringCode:GINGER;SecondaryAddedFlavouringCode;GINGER;Ginger;Ginger;Gingembre;;;;;;;;;NEW;CURRENT;1;;;;;;;;;;;;;
urn:gs1:gdd:cl:SecondaryAddedFlavouringCode:GOOSEBERRY;SecondaryAddedFlavouringCode;GOOSEBERRY;Gooseberry;Gooseberry;Groseille;;;;;;;;;NEW;CURRENT;1;;;;;;;;;;;;;
urn:gs1:gdd:cl:SecondaryAddedFlavouringCode:GRAPE;SecondaryAddedFlavouringCode;GRAPE;Grape;Grape;Raisin;;;;;;;;;NEW;CURRENT;1;;;;;;;;;;;;;
urn:gs1:gdd:cl:SecondaryAddedFlavouringCode:GRAPEFRUIT;SecondaryAddedFlavouringCode;GRAPEFRUIT;Grapefruit;Grapefruit;Pamplemousse;;;;;;;;;NEW;CURRENT;1;;;;;;;;;;;;;
urn:gs1:gdd:cl:SecondaryAddedFlavouringCode:GREEN_CHILLI;SecondaryAddedFlavouringCode;GREEN_CHILLI;Green Chilli;Green Chilli;Piment vert;;;;;;;;;NEW;CURRENT;1;;;;;;;;;;;;;
urn:gs1:gdd:cl:SecondaryAddedFlavouringCode:GREEN_PEPPER;SecondaryAddedFlavouringCode;GREEN_PEPPER;Green Pepper;Green Pepper;Poivron vert;;;;;;;;;NEW;CURRENT;1;;;;;;;;;;;;;
urn:gs1:gdd:cl:SecondaryAddedFlavouringCode:GREEN_TEA;SecondaryAddedFlavouringCode;GREEN_TEA;Green Tea;Green Tea;Thé vert;;;;;;;;;NEW;CURRENT;1;;;;;;;;;;;;;
urn:gs1:gdd:cl:SecondaryAddedFlavouringCode:GUARANA;SecondaryAddedFlavouringCode;GUARANA;Guarana;Guarana;Guarana;;;;;;;;;NEW;CURRENT;1;;;;;;;;;;;;;
urn:gs1:gdd:cl:SecondaryAddedFlavouringCode:HAZELNUT;SecondaryAddedFlavouringCode;HAZELNUT;Hazelnut;Hazelnut;Noisette;;;;;;;;;NEW;CURRENT;1;;;;;;;;;;;;;
urn:gs1:gdd:cl:SecondaryAddedFlavouringCode:HERB;SecondaryAddedFlavouringCode;HERB;Herb;Herb;Herbe;;;;;;;;;NEW;CURRENT;1;;;;;;;;;;;;;
urn:gs1:gdd:cl:SecondaryAddedFlavouringCode:HONEY;SecondaryAddedFlavouringCode;HONEY;Honey;Honey;Chéri;;;;;;;;;NEW;CURRENT;1;;;;;;;;;;;;;
urn:gs1:gdd:cl:SecondaryAddedFlavouringCode:HOT_PEPPER;SecondaryAddedFlavouringCode;HOT_PEPPER;Hot Pepper;Hot Pepper;Piment fort;;;;;;;;;NEW;CURRENT;1;;;;;;;;;;;;;
urn:gs1:gdd:cl:SecondaryAddedFlavouringCode:LEMON;SecondaryAddedFlavouringCode;LEMON;Lemon;Lemon;Citron;;;;;;;;;NEW;CURRENT;1;;;;;;;;;;;;;
urn:gs1:gdd:cl:SecondaryAddedFlavouringCode:LEMON_BALM;SecondaryAddedFlavouringCode;LEMON_BALM;Lemon Balm;Lemon Balm;Mélisse officinale;;;;;;;;;NEW;CURRENT;1;;;;;;;;;;;;;
urn:gs1:gdd:cl:SecondaryAddedFlavouringCode:LIME;SecondaryAddedFlavouringCode;LIME;Lime;Lime;Citron vert;;;;;;;;;NEW;CURRENT;1;;;;;;;;;;;;;
urn:gs1:gdd:cl:SecondaryAddedFlavouringCode:LINGONBERRY;SecondaryAddedFlavouringCode;LINGONBERRY;Lingonberry;Lingonberry;Airelle rouge;;;;;;;;;NEW;CURRENT;1;;;;;;;;;;;;;
urn:gs1:gdd:cl:SecondaryAddedFlavouringCode:LIQUORICE;SecondaryAddedFlavouringCode;LIQUORICE;Liquorice;Liquorice;Réglisse;;;;;;;;;NEW;CURRENT;1;;;;;;;;;;;;;
urn:gs1:gdd:cl:SecondaryAddedFlavouringCode:LYCHEE;SecondaryAddedFlavouringCode;LYCHEE;Lychee;Lychee;Litchi;;;;;;;;;NEW;CURRENT;1;;;;;;;;;;;;;
urn:gs1:gdd:cl:SecondaryAddedFlavouringCode:MANDARIN;SecondaryAddedFlavouringCode;MANDARIN;Mandarin;Mandarin;mandarin;;;;;;;;;NEW;CURRENT;1;;;;;;;;;;;;;
urn:gs1:gdd:cl:SecondaryAddedFlavouringCode:MANGO;SecondaryAddedFlavouringCode;MANGO;Mango;Mango;mangue;;;;;;;;;NEW;CURRENT;1;;;;;;;;;;;;;
urn:gs1:gdd:cl:SecondaryAddedFlavouringCode:MARMALADE;SecondaryAddedFlavouringCode;MARMALADE;Marmalade;Marmalade;Confiture;;;;;;;;;NEW;CURRENT;1;;;;;;;;;;;;;
urn:gs1:gdd:cl:SecondaryAddedFlavouringCode:MELON;SecondaryAddedFlavouringCode;MELON;Melon;Melon;Melon;;;;;;;;;NEW;CURRENT;1;;;;;;;;;;;;;
urn:gs1:gdd:cl:SecondaryAddedFlavouringCode:MINT;SecondaryAddedFlavouringCode;MINT;Mint;Mint;Menthe;;;;;;;;;NEW;CURRENT;1;;;;;;;;;;;;;
urn:gs1:gdd:cl:SecondaryAddedFlavouringCode:MULBERRY;SecondaryAddedFlavouringCode;MULBERRY;Mulberry;Mulberry;Mûre;;;;;;;;;NEW;CURRENT;1;;;;;;;;;;;;;
urn:gs1:gdd:cl:SecondaryAddedFlavouringCode:NONE;SecondaryAddedFlavouringCode;NONE;None;None;Aucun;;;;;;;;;NEW;CURRENT;1;;;;;;;;;;;;;
urn:gs1:gdd:cl:SecondaryAddedFlavouringCode:ORANGE;SecondaryAddedFlavouringCode;ORANGE;Orange;Orange;Orange;;;;;;;;;NEW;CURRENT;1;;;;;;;;;;;;;
urn:gs1:gdd:cl:SecondaryAddedFlavouringCode:PASSION_FRUIT_MARACUYA_GRANADILLA;SecondaryAddedFlavouringCode;PASSION_FRUIT_MARACUYA_GRANADILLA;Passion Fruit/Maracuya/Granadilla;Passion Fruit/Maracuya/Granadilla;Fruit de la Passion/Maracuya/Grenadille;;;;;;;;;NEW;CURRENT;1;;;;;;;;;;;;;
urn:gs1:gdd:cl:SecondaryAddedFlavouringCode:PEACH;SecondaryAddedFlavouringCode;PEACH;Peach;Peach;Pêche;;;;;;;;;NEW;CURRENT;1;;;;;;;;;;;;;
urn:gs1:gdd:cl:SecondaryAddedFlavouringCode:PEAR;SecondaryAddedFlavouringCode;PEAR;Pear;Pear;Poire;;;;;;;;;NEW;CURRENT;1;;;;;;;;;;;;;
urn:gs1:gdd:cl:SecondaryAddedFlavouringCode:PEPPER;SecondaryAddedFlavouringCode;PEPPER;Pepper;Pepper;Poivre;;;;;;;;;NEW;CURRENT;1;;;;;;;;;;;;;
urn:gs1:gdd:cl:SecondaryAddedFlavouringCode:PEPPERMINT;SecondaryAddedFlavouringCode;PEPPERMINT;Peppermint;Peppermint;Menthe poivrée;;;;;;;;;NEW;CURRENT;1;;;;;;;;;;;;;
urn:gs1:gdd:cl:SecondaryAddedFlavouringCode:PINEAPPLE;SecondaryAddedFlavouringCode;PINEAPPLE;Pineapple;Pineapple;Ananas;;;;;;;;;NEW;CURRENT;1;;;;;;;;;;;;;
urn:gs1:gdd:cl:SecondaryAddedFlavouringCode:PLUM;SecondaryAddedFlavouringCode;PLUM;Plum;Plum;Prune;;;;;;;;;NEW;CURRENT;1;;;;;;;;;;;;;
urn:gs1:gdd:cl:SecondaryAddedFlavouringCode:POMEGRANATE;SecondaryAddedFlavouringCode;POMEGRANATE;Pomegranate;Pomegranate;Grenade;;;;;;;;;NEW;CURRENT;1;;;;;;;;;;;;;
urn:gs1:gdd:cl:SecondaryAddedFlavouringCode:RASPBERRY;SecondaryAddedFlavouringCode;RASPBERRY;Raspberry;Raspberry;Framboise;;;;;;;;;NEW;CURRENT;1;;;;;;;;;;;;;
urn:gs1:gdd:cl:SecondaryAddedFlavouringCode:RED_CURRANT;SecondaryAddedFlavouringCode;RED_CURRANT;Red Currant;Red Currant;groseille rouge;;;;;;;;;NEW;CURRENT;1;;;;;;;;;;;;;
urn:gs1:gdd:cl:SecondaryAddedFlavouringCode:RHUBARB;SecondaryAddedFlavouringCode;RHUBARB;Rhubarb;Rhubarb;Rhubarbe;;;;;;;;;NEW;CURRENT;1;;;;;;;;;;;;;
urn:gs1:gdd:cl:SecondaryAddedFlavouringCode:ROOT_BEER;SecondaryAddedFlavouringCode;ROOT_BEER;Root Beer;Root Beer;Bière de racine;;;;;;;;;NEW;CURRENT;1;;;;;;;;;;;;;
urn:gs1:gdd:cl:SecondaryAddedFlavouringCode:ROSE;SecondaryAddedFlavouringCode;ROSE;Rose;Rose;Rose;;;;;;;;;NEW;CURRENT;1;;;;;;;;;;;;;
urn:gs1:gdd:cl:SecondaryAddedFlavouringCode:ROSEMARY;SecondaryAddedFlavouringCode;ROSEMARY;Rosemary;Rosemary;Romarin;;;;;;;;;NEW;CURRENT;1;;;;;;;;;;;;;
urn:gs1:gdd:cl:SecondaryAddedFlavouringCode:S_MORES;SecondaryAddedFlavouringCode;S_MORES;S'Mores;S'Mores;S'Mores;;;;;;;;;NEW;CURRENT;1;;;;;;;;;;;;;
urn:gs1:gdd:cl:SecondaryAddedFlavouringCode:SALTED_CARAMEL;SecondaryAddedFlavouringCode;SALTED_CARAMEL;Salted Caramel;Salted Caramel;Caramel salé;;;;;;;;;NEW;CURRENT;1;;;;;;;;;;;;;
urn:gs1:gdd:cl:SecondaryAddedFlavouringCode:SMOKED;SecondaryAddedFlavouringCode;SMOKED;Smoked;Smoked;Fumé;;;;;;;;;NEW;CURRENT;1;;;;;;;;;;;;;
urn:gs1:gdd:cl:SecondaryAddedFlavouringCode:SOUR_CHERRY;SecondaryAddedFlavouringCode;SOUR_CHERRY;Sour cherry;Sour cherry;cerise aigre;;;;;;;;;NEW;CURRENT;1;;;;;;;;;;;;;
urn:gs1:gdd:cl:SecondaryAddedFlavouringCode:SPICE;SecondaryAddedFlavouringCode;SPICE;Spice;Spice;Pimenter;;;;;;;;;NEW;CURRENT;1;;;;;;;;;;;;;
urn:gs1:gdd:cl:SecondaryAddedFlavouringCode:STRAWBERRY;SecondaryAddedFlavouringCode;STRAWBERRY;Strawberry;Strawberry;Fraise;;;;;;;;;NEW;CURRENT;1;;;;;;;;;;;;;
urn:gs1:gdd:cl:SecondaryAddedFlavouringCode:SWEET_TEA;SecondaryAddedFlavouringCode;SWEET_TEA;Sweet Tea;Sweet Tea;Thé sucré;;;;;;;;;NEW;CURRENT;1;;;;;;;;;;;;;
urn:gs1:gdd:cl:SecondaryAddedFlavouringCode:TANGERINE;SecondaryAddedFlavouringCode;TANGERINE;Tangerine;Tangerine;Tangerine;;;;;;;;;NEW;CURRENT;1;;;;;;;;;;;;;
urn:gs1:gdd:cl:SecondaryAddedFlavouringCode:TOFFEE;SecondaryAddedFlavouringCode;TOFFEE;Toffee;Toffee;Caramel au beurre;;;;;;;;;NEW;CURRENT;1;;;;;;;;;;;;;
urn:gs1:gdd:cl:SecondaryAddedFlavouringCode:TROPICAL_FRUIT;SecondaryAddedFlavouringCode;TROPICAL_FRUIT;Tropical Fruit;Tropical Fruit;Fruits tropicaux;;;;;;;;;NEW;CURRENT;1;;;;;;;;;;;;;
urn:gs1:gdd:cl:SecondaryAddedFlavouringCode:TRUFFLE;SecondaryAddedFlavouringCode;TRUFFLE;Truffle;Truffle;Truffe;;;;;;;;;NEW;CURRENT;1;;;;;;;;;;;;;
urn:gs1:gdd:cl:SecondaryAddedFlavouringCode:UNCLASSIFIED;SecondaryAddedFlavouringCode;UNCLASSIFIED;Unclassified;Unclassified;Non classé;;;;;;;;;NEW;CURRENT;1;;;;;;;;;;;;;
urn:gs1:gdd:cl:SecondaryAddedFlavouringCode:UNIDENTIFIED;SecondaryAddedFlavouringCode;UNIDENTIFIED;Unidentified;Unidentified;Non identifié;;;;;;;;;NEW;CURRENT;1;;;;;;;;;;;;;
urn:gs1:gdd:cl:SecondaryAddedFlavouringCode:VANILLA;SecondaryAddedFlavouringCode;VANILLA;Vanilla;Vanilla;Vanille;;;;;;;;;NEW;CURRENT;1;;;;;;;;;;;;;
urn:gs1:gdd:cl:SecondaryAddedFlavouringCode:VANILLA_BEAN;SecondaryAddedFlavouringCode;VANILLA_BEAN;Vanilla Bean;Vanilla Bean;Gousse de vanille;;;;;;;;;NEW;CURRENT;1;;;;;;;;;;;;;
urn:gs1:gdd:cl:SecondaryAddedFlavouringCode:VIOLET;SecondaryAddedFlavouringCode;VIOLET;Violet;Violet;Violet;;;;;;;;;NEW;CURRENT;1;;;;;;;;;;;;;
urn:gs1:gdd:cl:SecondaryAddedFlavouringCode:WALNUT;SecondaryAddedFlavouringCode;WALNUT;Walnut;Walnut;Noyer;;;;;;;;;NEW;CURRENT;1;;;;;;;;;;;;;
urn:gs1:gdd:cl:SecondaryAddedFlavouringCode:WATERMELON;SecondaryAddedFlavouringCode;WATERMELON;Watermelon;Watermelon;Pastèque;;;;;;;;;NEW;CURRENT;1;;;;;;;;;;;;;
urn:gs1:gdd:cl:SecondaryAddedFlavouringCode:WORMWOOD;SecondaryAddedFlavouringCode;WORMWOOD;Wormwood;Wormwood;Armoise;;;;;;;;;NEW;CURRENT;1;;;;;;;;;;;;;
urn:gs1:gdd:cl:ShippingContainerTypeCode;ShippingContainerTypeCode;;;;;;;;;;;;;NEW;CURRENT;1;;;;;;;;;;;;;
urn:gs1:gdd:cl:ShippingContainerTypeCode:20G0;ShippingContainerTypeCode;20G0;General Purpose Container;General Purpose Container;Conteneur à usage général;;;;;;;;;GDSN;;NEW;CURRENT;1;;;;;;;;;;;
urn:gs1:gdd:cl:ShippingContainerTypeCode:20G1;ShippingContainerTypeCode;20G1;General Purpose Container - Passive Vents;General Purpose Container - Passive Vents;Conteneur à usage général - Évents passifs;;;;;;;;;GDSN;;NEW;CURRENT;1;;;;;;;;;;;
urn:gs1:gdd:cl:ShippingContainerTypeCode:20H0;ShippingContainerTypeCode;20H0;Thermal containers; refrigerated and/or heated with removable equipment 8 Feet Tall.;Thermal containers;;;;;;;;; 8′ tall container; and refrigerated or heated with removable equipment located externally;heat transfer coefficient K=0.4W/M2.K;CODEVALUE;GDSN;;NEW;CURRENT;1;;;;;;;
urn:gs1:gdd:cl:ShippingContainerTypeCode:22G0;ShippingContainerTypeCode;22G0;General Purpose Container - Openings at one or both ends;General Purpose Container - Openings at one or both ends;Conteneur à usage général - Ouvertures à une ou aux deux extrémités;;;;;;;;;GDSN;;NEW;CURRENT;1;;;;;;;;;;;
urn:gs1:gdd:cl:ShippingContainerTypeCode:22G1;ShippingContainerTypeCode;22G1;General Purpose Container - Passive Vents at Upper Part of cargo space.;General Purpose Container - Passive Vents at Upper Part of cargo space.;Conteneur à usage général - Évents passifs dans la partie supérieure de l'espace de chargement.;;;;;;;;;GDSN;;NEW;CURRENT;1;;;;;;;;;;;
urn:gs1:gdd:cl:ShippingContainerTypeCode:22H0;ShippingContainerTypeCode;22H0;Thermal containers; refrigerated and/or heated with removable equipment 8.6 Feet Tall.;Thermal containers;;;;;;;;;20′ long container; 8′6″ tall container; and Refrigerated or heated with removable equipment located externally;heat transfer coefficient K=0.4W/M2.K;CODEVALUE;GDSN;;NEW;CURRENT;1;;;;;;
urn:gs1:gdd:cl:ShippingContainerTypeCode:22P1;ShippingContainerTypeCode;22P1;20 Foot Flat Platform Container;20 Foot Flat Platform Container;Conteneur à plate-forme plate de 20 pieds;;;;;;;;;GDSN;;NEW;CURRENT;1;;;;;;;;;;;
urn:gs1:gdd:cl:ShippingContainerTypeCode:22P3;ShippingContainerTypeCode;22P3;20 Foot Flat Collapsible Platform Container;20 Foot Flat Collapsible Platform Container;Conteneur à plate-forme pliable plat de 20 pieds;;;;;;;;;GDSN;;NEW;CURRENT;1;;;;;;;;;;;
urn:gs1:gdd:cl:ShippingContainerTypeCode:22R1;ShippingContainerTypeCode;22R1;20 Foot Reefer Container Mechanically Heated Cooled;20 Foot Reefer Container Mechanically Heated Cooled;Conteneur frigorifique de 20 pieds chauffé et refroidi mécaniquement;;;;;;;;;GDSN;;NEW;CURRENT;1;;;;;;;;;;;
urn:gs1:gdd:cl:ShippingContainerTypeCode:22R7;ShippingContainerTypeCode;22R7;20 Foot Reefer Container Gen F;20 Foot Reefer Container Gen F;Conteneur frigorifique de 20 pieds Gen F;;;;;;;;;;NEW;CURRENT;1;;;;;;;;;;;;
urn:gs1:gdd:cl:ShippingContainerTypeCode:22U1;ShippingContainerTypeCode;22U1;20 Foot Open Top Container;20 Foot Open Top Container;Conteneur à toit ouvert de 20 pieds;;;;;;;;;;NEW;CURRENT;1;;;;;;;;;;;;
urn:gs1:gdd:cl:ShippingContainerTypeCode:22U6;ShippingContainerTypeCode;22U6;20 Foot Hard Top Container;20 Foot Hard Top Container;Conteneur à toit rigide de 20 pieds;;;;;;;;;;NEW;CURRENT;1;;;;;;;;;;;;
urn:gs1:gdd:cl:ShippingContainerTypeCode:22V0;ShippingContainerTypeCode;22V0;General Purpose Container with Non-mechanical Ventilation.;General Purpose Container with Non-mechanical Ventilation.;Conteneur à usage général avec ventilation non mécanique.;;;;;;;;;CODEVALUE;GDSN;;NEW;CURRENT;1;;;;;;;;;;
urn:gs1:gdd:cl:ShippingContainerTypeCode:22V2;ShippingContainerTypeCode;22V2;General Purpose Container with Mechanical Ventilation;General Purpose Container with Mechanical Ventilation;Conteneur à usage général avec ventilation mécanique;;;;;;;;;GDSN;;NEW;CURRENT;1;;;;;;;;;;;
urn:gs1:gdd:cl:ShippingContainerTypeCode:22V3;ShippingContainerTypeCode;22V3;General purpose Container with Ventilation;General purpose Container with Ventilation;Conteneur à usage général avec ventilation;;;;;;;;;;NEW;CURRENT;1;;;;;;;;;;;;
urn:gs1:gdd:cl:ShippingContainerTypeCode:25G0;ShippingContainerTypeCode;25G0;20 Foot Unventilated General Purpose Container;20 Foot Unventilated General Purpose Container;Conteneur à usage général non ventilé de 20 pieds;;;;;;;;;;NEW;CURRENT;1;;;;;;;;;;;;
urn:gs1:gdd:cl:ShippingContainerTypeCode:26G0;ShippingContainerTypeCode;26G0;Unventilated General Purpose Container Overheight;Unventilated General Purpose Container Overheight;Conteneur à usage général non ventilé en surélévation;;;;;;;;;GDSN;;NEW;CURRENT;1;;;;;;;;;;;
urn:gs1:gdd:cl:ShippingContainerTypeCode:26H0;ShippingContainerTypeCode;26H0;20 Foot High Cube Insulated Container;20 Foot High Cube Insulated Container;Conteneur isotherme de 20 pieds de haut cube;;;;;;;;;CODEVALUE;GDSN;;NEW;CURRENT;1;;;;;;;;;;
urn:gs1:gdd:cl:ShippingContainerTypeCode:2CG1;ShippingContainerTypeCode;2CG1;20 Foot Dry General Purpose Container;20 Foot Dry General Purpose Container;Conteneur sec à usage général de 20 pieds;;;;;;;;;;NEW;CURRENT;1;;;;;;;;;;;;
urn:gs1:gdd:cl:ShippingContainerTypeCode:2EG0;ShippingContainerTypeCode;2EG0;High Cube Container Width 2.5 Metre.;High Cube Container Width 2.5 Metre.;Conteneur High Cube Largeur 2;;;;;;;;;CODEVALUE;GDSN;;NEW;CURRENT;1;;;;;;;;;;
urn:gs1:gdd:cl:ShippingContainerTypeCode:42G0;ShippingContainerTypeCode;42G0;40 Foot Dry General Purpose Container Open Both Ends;40 Foot Dry General Purpose Container Open Both Ends;Conteneur sec à usage général de 40 pieds ouvert aux deux extrémités;;;;;;;;;;NEW;CURRENT;1;;;;;;;;;;;;
urn:gs1:gdd:cl:ShippingContainerTypeCode:42G1;ShippingContainerTypeCode;42G1;Unventilated General Purpose Container;Unventilated General Purpose Container;Conteneur à usage général non ventilé;;;;;;;;;;NEW;CURRENT;1;;;;;;;;;;;;
urn:gs1:gdd:cl:ShippingContainerTypeCode:42H0;ShippingContainerTypeCode;42H0;40 Foot Insulated Container;40 Foot Insulated Container;Conteneur isolé de 40 pieds;;;;;;;;;CODEVALUE;GDSN;;NEW;CURRENT;1;;;;;;;;;;
urn:gs1:gdd:cl:ShippingContainerTypeCode:42P1;ShippingContainerTypeCode;42P1;40 Foot Flat Platform Container;40 Foot Flat Platform Container;Conteneur à plate-forme plate de 40 pieds;;;;;;;;;GDSN;;NEW;CURRENT;1;;;;;;;;;;;
urn:gs1:gdd:cl:ShippingContainerTypeCode:42P3;ShippingContainerTypeCode;42P3;40 Foot Flat Collapsible Platform Container;40 Foot Flat Collapsible Platform Container;Conteneur à plate-forme pliable plat de 40 pieds;;;;;;;;;GDSN;;NEW;CURRENT;1;;;;;;;;;;;
urn:gs1:gdd:cl:ShippingContainerTypeCode:42R1;ShippingContainerTypeCode;42R1;40 Foot Reefer Container Mechanically Refrigerated and Heated;40 Foot Reefer Container Mechanically Refrigerated and Heated;Conteneur frigorifique de 40 pieds réfrigéré et chauffé mécaniquement;;;;;;;;;GDSN;;NEW;CURRENT;1;;;;;;;;;;;
urn:gs1:gdd:cl:ShippingContainerTypeCode:42R3;ShippingContainerTypeCode;42R3;40 Foot Reefer Container Self-powered Mechanically;40 Foot Reefer Container Self-powered Mechanically;Conteneur frigorifique de 40 pieds auto-alimenté mécaniquement;;;;;;;;;GDSN;;NEW;CURRENT;1;;;;;;;;;;;
urn:gs1:gdd:cl:ShippingContainerTypeCode:42U1;ShippingContainerTypeCode;42U1;40 Foot Open Top Container;40 Foot Open Top Container;Conteneur à toit ouvert de 40 pieds;;;;;;;;;;NEW;CURRENT;1;;;;;;;;;;;;
urn:gs1:gdd:cl:ShippingContainerTypeCode:42U6;ShippingContainerTypeCode;42U6;40 Foot Hard Top Container;40 Foot Hard Top Container;Conteneur à toit rigide de 40 pieds;;;;;;;;;;NEW;CURRENT;1;;;;;;;;;;;;
urn:gs1:gdd:cl:ShippingContainerTypeCode:45G0;ShippingContainerTypeCode;45G0;40 Foot High Cube Dry Container;40 Foot High Cube Dry Container;Conteneur sec High Cube de 40 pieds;;;;;;;;;GDSN;;NEW;CURRENT;1;;;;;;;;;;;
urn:gs1:gdd:cl:ShippingContainerTypeCode:45G1;ShippingContainerTypeCode;45G1;40 Foot High Cube Dry Container Vents in Upper Part of Cargo Space;40 Foot High Cube Dry Container Vents in Upper Part of Cargo Space;Conteneur sec de 40 pieds de haut avec évents dans la partie supérieure de l'espace de chargement;;;;;;;;;GDSN;;NEW;CURRENT;1;;;;;;;;;;;
urn:gs1:gdd:cl:ShippingContainerTypeCode:45R1;ShippingContainerTypeCode;45R1;40 Foot High Cube Reefer Container;40 Foot High Cube Reefer Container;Conteneur frigorifique High Cube de 40 pieds;;;;;;;;;GDSN;;NEW;CURRENT;1;;;;;;;;;;;
urn:gs1:gdd:cl:ShippingContainerTypeCode:45U6;ShippingContainerTypeCode;45U6;40 Foot High Cube Hard Top Container;40 Foot High Cube Hard Top Container;Conteneur à toit rigide de 40 pieds High Cube;;;;;;;;;;NEW;CURRENT;1;;;;;;;;;;;;
urn:gs1:gdd:cl:ShippingContainerTypeCode:46H0;ShippingContainerTypeCode;46H0;40 Foot High Cube Insulated Container;40 Foot High Cube Insulated Container;Conteneur isotherme de 40 pieds de haut cube;;;;;;;;;CODEVALUE;GDSN;;NEW;CURRENT;1;;;;;;;;;;
urn:gs1:gdd:cl:ShippingContainerTypeCode:48G0;ShippingContainerTypeCode;48G0;48 ft shipping container;48 ft shipping container;Conteneur maritime de 48 pieds;;;;;;;;;NEW;CURRENT;1;;;;;;;;;;;;;
urn:gs1:gdd:cl:ShippingContainerTypeCode:4CG0;ShippingContainerTypeCode;4CG0;General Purpose Container Width 2.5 Metre;General Purpose Container Width 2.5 Metre;Conteneur à usage général largeur 2;;;;;;;;;CODEVALUE;GDSN;;NEW;CURRENT;1;;;;;;;;;;
urn:gs1:gdd:cl:ShippingContainerTypeCode:4CG1;ShippingContainerTypeCode;4CG1;40 Foot Dry General Purpose Container;40 Foot Dry General Purpose Container;Conteneur sec à usage général de 40 pieds;;;;;;;;;;NEW;CURRENT;1;;;;;;;;;;;;
urn:gs1:gdd:cl:ShippingContainerTypeCode:4EG1;ShippingContainerTypeCode;4EG1;40 Foot High Cube Dry General Purpose Container;40 Foot High Cube Dry General Purpose Container;Conteneur sec à usage général de 40 pieds de haut cube;;;;;;;;;;NEW;CURRENT;1;;;;;;;;;;;;
urn:gs1:gdd:cl:ShippingContainerTypeCode:53G0;ShippingContainerTypeCode;53G0;53 ft shipping container;53 ft shipping container;Conteneur maritime de 53 pieds;;;;;;;;;GDSN;;NEW;CURRENT;1;;;;;;;;;;;
urn:gs1:gdd:cl:ShippingContainerTypeCode:L0G1;ShippingContainerTypeCode;L0G1;45 Foot Dry High Cube Container;45 Foot Dry High Cube Container;Conteneur High Cube sec de 45 pieds;;;;;;;;;GDSN;;NEW;CURRENT;1;;;;;;;;;;;
urn:gs1:gdd:cl:ShippingContainerTypeCode:L2G1;ShippingContainerTypeCode;L2G1;45 Foot Dry High Cube Container 8.6 Feet Tall;45 Foot Dry High Cube Container 8.6 Feet Tall;Conteneur High Cube sec de 45 pieds de hauteur;;;;;;;;; and General - Passive vents at upper part of cargo space;CODEVALUE;GDSN;;NEW;CURRENT;1;;;;;;;;;
urn:gs1:gdd:cl:ShippingContainerTypeCode:L5G1;ShippingContainerTypeCode;L5G1;45 Foot Dry High Cube Container 9.6 Feet Tall;45 Foot Dry High Cube Container 9.6 Feet Tall;Conteneur High Cube sec de 45 pieds de haut et 9;;;;;;;;;CODEVALUE;GDSN;;NEW;CURRENT;1;;;;;;;;;;
urn:gs1:gdd:cl:SpecialItemCode;SpecialItemCode;;;;;;;;;;;;;CHANGED;CURRENT;5;;;;;;;;;;;;;
urn:gs1:gdd:cl:SpecialItemCode:COLLATERAL_ITEM;SpecialItemCode;COLLATERAL_ITEM;;;;;;;;;;;;NEW;CURRENT;1;;;;;;;;;;;;;
urn:gs1:gdd:cl:SpecialItemCode:DEMONSTRATION_UNIT;SpecialItemCode;DEMONSTRATION_UNIT;;;;;;;;;;;;GDSN;;NEW;CURRENT;2;;;;;;;;;;;
urn:gs1:gdd:cl:SpecialItemCode:DYNAMIC_ASSORTMENT;SpecialItemCode;DYNAMIC_ASSORTMENT;Dynamic assortment;Dynamic assortment;Assortiment dynamique;;;;;;;;;GDSN;;NEW;CURRENT;2;;;;;;;;;;;
urn:gs1:gdd:cl:SpecialItemCode:ECO_CHEQUES;SpecialItemCode;ECO_CHEQUES;Eco Chèques;Eco Chèques;Éco Chèques;;;;;;;;;;NEW;CURRENT;1;;;;;;;;;;;;
urn:gs1:gdd:cl:SpecialItemCode:EMPLOYEE_MEAL_VOUCHERS;SpecialItemCode;EMPLOYEE_MEAL_VOUCHERS;Employee Meal Vouchers;Employee Meal Vouchers;Chèques-repas pour les employés;;;;;;;;;;NEW;CURRENT;1;;;;;;;;;;;;
urn:gs1:gdd:cl:SpecialItemCode:FSA_ELIGIBLE;SpecialItemCode;FSA_ELIGIBLE;FSA Eligible;FSA Eligible;Admissible au FSA;;;;;;;;;NEW;CURRENT;3;;;;;;;;;;;;;
urn:gs1:gdd:cl:SpecialItemCode:GIFT_WITH_PURCHASE;SpecialItemCode;GIFT_WITH_PURCHASE;Gift_With Purchase;Gift_With Purchase;Cadeau avec achat;;;;;;;;;;NEW;CURRENT;1;;;;;;;;;;;;
urn:gs1:gdd:cl:SpecialItemCode:HSA_ELIGIBLE;SpecialItemCode;HSA_ELIGIBLE;HSA Eligible;HSA Eligible;Admissible au HSA;;;;;;;;;NEW;CURRENT;1;;;;;;;;;;;;;
urn:gs1:gdd:cl:SpecialItemCode:LIMITED_PRODUCTION;SpecialItemCode;LIMITED_PRODUCTION;;;;;;;;;;;;GDSN;;NEW;CURRENT;2;;;;;;;;;;;
urn:gs1:gdd:cl:SpecialItemCode:NONFUNCTIONING_DISPLAY_UNIT;SpecialItemCode;NONFUNCTIONING_DISPLAY_UNIT;Nonfunctioning_Display Unit;Nonfunctioning_Display Unit;Unité d'affichage non fonctionnelle;;;;;;;;;;NEW;CURRENT;1;;;;;;;;;;;;
urn:gs1:gdd:cl:SpecialItemCode:NOT_FOR_RESALE_TO_CONSUMER;SpecialItemCode;NOT_FOR_RESALE_TO_CONSUMER;;;;;;;;;;;;;NEW;CURRENT;1;;;;;;;;;;;;
urn:gs1:gdd:cl:SpecialItemCode:PURCHASE_WITH_PURCHASE;SpecialItemCode;PURCHASE_WITH_PURCHASE;Purchase_With Purchase;Purchase_With Purchase;Achat_Avec achat;;;;;;;;;;NEW;CURRENT;1;;;;;;;;;;;;
urn:gs1:gdd:cl:SpecialItemCode:SNAP_ELIGIBLE;SpecialItemCode;SNAP_ELIGIBLE;SNAP Eligible;SNAP Eligible;Admissible au programme SNAP;;;;;;;;;CODEVALUE;GDSN;;NEW;CURRENT;4;;;;;;;;;;
urn:gs1:gdd:cl:SpecialItemCode:TRAVEL_SIZE;SpecialItemCode;TRAVEL_SIZE;Travel Size;Travel Size;Format voyage;;;;;;;;;NEW;CURRENT;3;;;;;;;;;;;;;
urn:gs1:gdd:cl:SpecialItemCode:VALUE_PACK;SpecialItemCode;VALUE_PACK;Value Pack;Value Pack;Pack économique;;;;;;;;;;NEW;CURRENT;5;;;;;;;;;;;;
urn:gs1:gdd:cl:SpecialItemCode:WIC_ELIGIBLE;SpecialItemCode;WIC_ELIGIBLE;WIC Eligible;WIC Eligible;Admissible au WIC;;;;;;;;; or a mom with a child under 5; can get the right personalized support for their family from products eligible to the WIC program.;CODEVALUE;GDSN;;NEW;CURRENT;4;;;;;;;;
urn:gs1:gdd:cl:StackingFactorTypeCode;StackingFactorTypeCode;;;;;;;;;;;;;NEW;CURRENT;1;;;;;;;;;;;;;
urn:gs1:gdd:cl:StackingFactorTypeCode:STORAGE_UNSPECIFIED;StackingFactorTypeCode;STORAGE_UNSPECIFIED;Storage Unspecified;Storage Unspecified;Stockage non spécifié;;;;;;;;;;NEW;CURRENT;1;;;;;;;;;;;;
urn:gs1:gdd:cl:StackingFactorTypeCode:TRANSPORT_AIR;StackingFactorTypeCode;TRANSPORT_AIR;Transport Air;Transport Air;Transport aérien;;;;;;;;;NEW;CURRENT;1;;;;;;;;;;;;;
urn:gs1:gdd:cl:StackingFactorTypeCode:TRANSPORT_INLAND_WATER;StackingFactorTypeCode;TRANSPORT_INLAND_WATER;Transport inland water;Transport inland water;Transport fluvial;;;;;;;;;NEW;CURRENT;2;;;;;;;;;;;;;
urn:gs1:gdd:cl:StackingFactorTypeCode:TRANSPORT_MARITIME;StackingFactorTypeCode;TRANSPORT_MARITIME;Transport Maritime;Transport Maritime;Transport maritime;;;;;;;;;NEW;CURRENT;1;;;;;;;;;;;;;
urn:gs1:gdd:cl:StackingFactorTypeCode:TRANSPORT_RAIL;StackingFactorTypeCode;TRANSPORT_RAIL;Transport Rail;Transport Rail;Transport ferroviaire;;;;;;;;;NEW;CURRENT;1;;;;;;;;;;;;;
urn:gs1:gdd:cl:StackingFactorTypeCode:TRANSPORT_ROAD;StackingFactorTypeCode;TRANSPORT_ROAD;Transport Road;Transport Road;Transport routier;;;;;;;;;NEW;CURRENT;1;;;;;;;;;;;;;
urn:gs1:gdd:cl:StackingFactorTypeCode:TRANSPORT_UNSPECIFIED;StackingFactorTypeCode;TRANSPORT_UNSPECIFIED;Transport Unspecified;Transport Unspecified;Transport non spécifié;;;;;;;;;NEW;CURRENT;1;;;;;;;;;;;;;
urn:gs1:gdd:cl:StackingFactorTypeCode:UNSPECIFIED;StackingFactorTypeCode;UNSPECIFIED;Unspecified;Unspecified;Indéterminé;;;;;;;;;NEW;CURRENT;1;;;;;;;;;;;;;
urn:gs1:gdd:cl:StorageStateCode;StorageStateCode;;;;;;;;;;;;;NEW;CURRENT;1;;;;;;;;;;;;;
urn:gs1:gdd:cl:StorageStateCode:NOT_PREVIOUSLY_FROZEN;StorageStateCode;NOT_PREVIOUSLY_FROZEN;Not Previously Frozen;Not Previously Frozen;Pas encore congelé;;;;;;;;;NEW;CURRENT;1;;;;;;;;;;;;;
urn:gs1:gdd:cl:StorageStateCode:PREVIOUSLY_FROZEN;StorageStateCode;PREVIOUSLY_FROZEN;Previously Frozen;Previously Frozen;Précédemment congelé;;;;;;;;;NEW;CURRENT;1;;;;;;;;;;;;;
urn:gs1:gdd:cl:SurfaceOfCheeseAtEndOfRipeningCode;SurfaceOfCheeseAtEndOfRipeningCode;;;;;;;;;;;;;NEW;CURRENT;1;;;;;;;;;;;;;
urn:gs1:gdd:cl:SurfaceOfCheeseAtEndOfRipeningCode:NO_RIND;SurfaceOfCheeseAtEndOfRipeningCode;NO_RIND;No Rind;No Rind;Sans croûte;;;;;;;;;NEW;CURRENT;1;;;;;;;;;;;;;
urn:gs1:gdd:cl:SurfaceOfCheeseAtEndOfRipeningCode:RIND;SurfaceOfCheeseAtEndOfRipeningCode;RIND;Rind;Rind;Couenne;;;;;;;;;NEW;CURRENT;1;;;;;;;;;;;;;
urn:gs1:gdd:cl:SurfaceOfCheeseAtEndOfRipeningCode:SOFT_RIPENED_MOULD_RIND;SurfaceOfCheeseAtEndOfRipeningCode;SOFT_RIPENED_MOULD_RIND;Soft-ripened Mould Rind;Soft-ripened Mould Rind;Croûte moisie à maturation molle;;;;;;;;; the most famous of these cheeses.;CODEVALUE;GDSN;;NEW;CURRENT;2;;;;;;;;;
urn:gs1:gdd:cl:SustainabilityFeatureCode;SustainabilityFeatureCode;;;;;;;;;;;;;CHANGED;CURRENT;3;;;;;;;;;;;;;
urn:gs1:gdd:cl:SustainabilityFeatureCode:BIODEGRADABLE;SustainabilityFeatureCode;BIODEGRADABLE;Biodegradable;Biodegradable;Biodégradable;;;;;;;;;NEW;CURRENT;1;;;;;;;;;;;;;
urn:gs1:gdd:cl:SustainabilityFeatureCode:CARBON_NEUTRAL;SustainabilityFeatureCode;CARBON_NEUTRAL;Carbon neutral;Carbon neutral;Neutre en carbone;;;;;;;;;NEW;CURRENT;1;;;;;;;;;;;;;
urn:gs1:gdd:cl:SustainabilityFeatureCode:CIRCULAR_ECONOMY;SustainabilityFeatureCode;CIRCULAR_ECONOMY;Circular economy;Circular economy;Économie circulaire;;;;;;;;; and pollution by involving reuse; repair; refurbish and recycle of existing materials and products for as long as possible.;CODEVALUE;GDSN;;NEW;CURRENT;1;;;;;;;
urn:gs1:gdd:cl:SustainabilityFeatureCode:INCINERABLE;SustainabilityFeatureCode;INCINERABLE;Incinerable;Incinerable;Incinérable;;;;;;;;;NEW;CURRENT;3;;;;;;;;;;;;;
urn:gs1:gdd:cl:SustainabilityFeatureCode:OXO_DEGRADABLE;SustainabilityFeatureCode;OXO_DEGRADABLE;Oxo-degradable;Oxo-degradable;Oxo-dégradable;;;;;;;;;GDSN;;NEW;CURRENT;1;;;;;;;;;;;
urn:gs1:gdd:cl:SustainabilityFeatureCode:REUSABLE;SustainabilityFeatureCode;REUSABLE;Reusable;Reusable;Réutilisable;;;;;;;;;NEW;CURRENT;2;;;;;;;;;;;;;
urn:gs1:gdd:cl:SweetnessLevelOfAlcoholicBeverageCode;SweetnessLevelOfAlcoholicBeverageCode;;;;;;;;;;;;;;NEW;CURRENT;1;;;;;;;;;;;;
urn:gs1:gdd:cl:SweetnessLevelOfAlcoholicBeverageCode:BRUT;SweetnessLevelOfAlcoholicBeverageCode;BRUT;Brut;Brut;Brut;;;;;;;;;NEW;CURRENT;1;;;;;;;;;;;;;
urn:gs1:gdd:cl:SweetnessLevelOfAlcoholicBeverageCode:BRUT_NATURE;SweetnessLevelOfAlcoholicBeverageCode;BRUT_NATURE;Brut nature;Brut nature;Brut nature;;;;;;;;;NEW;CURRENT;1;;;;;;;;;;;;;
urn:gs1:gdd:cl:SweetnessLevelOfAlcoholicBeverageCode:DRY;SweetnessLevelOfAlcoholicBeverageCode;DRY;Dry;Dry;Sec;;;;;;;;;NEW;CURRENT;1;;;;;;;;;;;;;
urn:gs1:gdd:cl:SweetnessLevelOfAlcoholicBeverageCode:EXTRA_BRUT;SweetnessLevelOfAlcoholicBeverageCode;EXTRA_BRUT;Extra brut;Extra brut;Extra brut;;;;;;;;;NEW;CURRENT;1;;;;;;;;;;;;;
urn:gs1:gdd:cl:SweetnessLevelOfAlcoholicBeverageCode:EXTRA_DRY;SweetnessLevelOfAlcoholicBeverageCode;EXTRA_DRY;Extra dry;Extra dry;Extra sec;;;;;;;;;NEW;CURRENT;1;;;;;;;;;;;;;
urn:gs1:gdd:cl:SweetnessLevelOfAlcoholicBeverageCode:MEDIUM;SweetnessLevelOfAlcoholicBeverageCode;MEDIUM;Medium;Medium;Moyen;;;;;;;;;NEW;CURRENT;1;;;;;;;;;;;;;
urn:gs1:gdd:cl:SweetnessLevelOfAlcoholicBeverageCode:MEDIUM_DRY;SweetnessLevelOfAlcoholicBeverageCode;MEDIUM_DRY;Medium dry;Medium dry;Moyennement sec;;;;;;;;;NEW;CURRENT;1;;;;;;;;;;;;;
urn:gs1:gdd:cl:SweetnessLevelOfAlcoholicBeverageCode:OFF_DRY;SweetnessLevelOfAlcoholicBeverageCode;OFF_DRY;Off-Dry;Off-Dry;Demi-sec;;;;;;;;;NEW;CURRENT;1;;;;;;;;;;;;;
urn:gs1:gdd:cl:SweetnessLevelOfAlcoholicBeverageCode:OTHER;SweetnessLevelOfAlcoholicBeverageCode;OTHER;Other;Other;Autre;;;;;;;;;NEW;CURRENT;1;;;;;;;;;;;;;
urn:gs1:gdd:cl:SweetnessLevelOfAlcoholicBeverageCode:SWEET;SweetnessLevelOfAlcoholicBeverageCode;SWEET;Sweet/Doux;Sweet/Doux;Doux;;;;;;;;;UPDATED;CURRENT;2;;;;;;;;;;;;;
urn:gs1:gdd:cl:TemperatureMeasurementUnitCode;TemperatureMeasurementUnitCode;;;;;;;;;;;;;NEW;CURRENT;1;;;;;;;;;;;;;
urn:gs1:gdd:cl:TemperatureMeasurementUnitCode:CEL;TemperatureMeasurementUnitCode;CEL;Celsius;Celsius;Celsius;;;;;;;;;Shared;;NEW;CURRENT;1;;;;;;;;;;;
urn:gs1:gdd:cl:TemperatureMeasurementUnitCode:FAH;TemperatureMeasurementUnitCode;FAH;The Fahrenheit temperature scale;The Fahrenheit temperature scale;L'échelle de température Fahrenheit;;;;;;;;;;NEW;CURRENT;1;;;;;;;;;;;;
urn:gs1:gdd:cl:TemperatureMeasurementUnitCode:KEL;TemperatureMeasurementUnitCode;KEL;Kelvin;Kelvin;Kelvin;;;;;;;;;NEW;CURRENT;1;;;;;;;;;;;;;
urn:gs1:gdd:cl:TradeChannelCode;TradeChannelCode;;;;;;;;;;;;;CHANGED;CURRENT;6;;;;;;;;;;;;;
urn:gs1:gdd:cl:TradeChannelCode:AGRICULTURE;TradeChannelCode;AGRICULTURE;Agriculture;Agriculture;Agriculture;;;;;;;;;GDSN;;NEW;CURRENT;3;;;;;;;;;;;
urn:gs1:gdd:cl:TradeChannelCode:CASH_AND_CARRY;TradeChannelCode;CASH_AND_CARRY;Cash And Carry;Cash And Carry;Vente au comptant et à emporter;;;;;;;;;;NEW;CURRENT;2;;;;;;;;;;;;
urn:gs1:gdd:cl:TradeChannelCode:CHILD_NUTRITION_FOOD_PROGRAMS;TradeChannelCode;CHILD_NUTRITION_FOOD_PROGRAMS;Child nutrition food programs;Child nutrition food programs;Programmes alimentaires pour la nutrition des enfants;;;;;;;;;CODEVALUE;GDSN;;NEW;CURRENT;1;;;;;;;;;;
urn:gs1:gdd:cl:TradeChannelCode:CONSIGNMENT;TradeChannelCode;CONSIGNMENT;Consignment;Consignment;Consignation;;;;;;;;;GDSN;;NEW;CURRENT;6;;;;;;;;;;;
urn:gs1:gdd:cl:TradeChannelCode:CONVENIENCE;TradeChannelCode;CONVENIENCE;Convenience;Convenience;Commodité;;;;;;;;;NEW;CURRENT;1;;;;;;;;;;;;;
urn:gs1:gdd:cl:TradeChannelCode:DRUG;TradeChannelCode;DRUG;Drug;Drug;Médicament;;;;;;;;;NEW;CURRENT;1;;;;;;;;;;;;;
urn:gs1:gdd:cl:TradeChannelCode:DRUG_STORE;TradeChannelCode;DRUG_STORE;Drugstore;Drugstore;Pharmacie;;;;;;;;;;NEW;CURRENT;1;;;;;;;;;;;;
urn:gs1:gdd:cl:TradeChannelCode:DUTY_FREE;TradeChannelCode;DUTY_FREE;Duty Free;Duty Free;Sans taxe;;;;;;;;;;NEW;CURRENT;5;;;;;;;;;;;;
urn:gs1:gdd:cl:TradeChannelCode:FOOD_SERVICE;TradeChannelCode;FOOD_SERVICE;Food Service;Food Service;Service de restauration;;;;;;;;;CODEVALUE;GDSN;;NEW;CURRENT;1;;;;;;;;;;
urn:gs1:gdd:cl:TradeChannelCode:GROCERY;TradeChannelCode;GROCERY;Grocery;Grocery;Épicerie;;;;;;;;;NEW;CURRENT;1;;;;;;;;;;;;;
urn:gs1:gdd:cl:TradeChannelCode:HARD_LINES;TradeChannelCode;HARD_LINES;Hard Lines;Hard Lines;Lignes dures;;;;;;;;;;NEW;CURRENT;1;;;;;;;;;;;;
urn:gs1:gdd:cl:TradeChannelCode:HEALTHCARE;TradeChannelCode;HEALTHCARE;Healthcare;Healthcare;soins de santé;;;;;;;;;CODEVALUE;GDSN;;NEW;CURRENT;1;;;;;;;;;;
urn:gs1:gdd:cl:TradeChannelCode:HOME_GOODS;TradeChannelCode;HOME_GOODS;Home Goods;Home Goods;Articles pour la maison;;;;;;;;;CODEVALUE;GDSN;;NEW;CURRENT;1;;;;;;;;;;
urn:gs1:gdd:cl:TradeChannelCode:HOSPITAL;TradeChannelCode;HOSPITAL;Hospital;Hospital;Hôpital;;;;;;;;;NEW;CURRENT;1;;;;;;;;;;;;;
urn:gs1:gdd:cl:TradeChannelCode:HOSPITAL_PHARMACY;TradeChannelCode;HOSPITAL_PHARMACY;Hospital Pharmacy;Hospital Pharmacy;Pharmacie de l'hôpital;;;;;;;;;;NEW;CURRENT;1;;;;;;;;;;;;
urn:gs1:gdd:cl:TradeChannelCode:INDUSTRIAL;TradeChannelCode;INDUSTRIAL;Industrial;Industrial;Industriel;;;;;;;;;GDSN;;NEW;CURRENT;1;;;;;;;;;;;
urn:gs1:gdd:cl:TradeChannelCode:INSTITUTIONAL;TradeChannelCode;INSTITUTIONAL;Institutional;Institutional;Institutionnel;;;;;;;;;;CODEVALUE;GDSN;;NEW;CURRENT;1;;;;;;;;;
urn:gs1:gdd:cl:TradeChannelCode:MASS_MERCHANDISING;TradeChannelCode;MASS_MERCHANDISING;Mass Merchandising;Mass Merchandising;Marchandisage de masse;;;;;;;;;;CODEVALUE;GDSN;;NEW;CURRENT;1;;;;;;;;;
urn:gs1:gdd:cl:TradeChannelCode:MILITARY;TradeChannelCode;MILITARY;Military;Military;Militaire;;;;;;;;;NEW;CURRENT;1;;;;;;;;;;;;;
urn:gs1:gdd:cl:TradeChannelCode:ONLINE;TradeChannelCode;ONLINE;Online;Online;En ligne;;;;;;;;;NEW;CURRENT;4;;;;;;;;;;;;;
urn:gs1:gdd:cl:TradeChannelCode:SPECIALTY_RETAIL;TradeChannelCode;SPECIALTY_RETAIL;Specialty Retail;Specialty Retail;Commerce de détail spécialisé;;;;;;;;;;CODEVALUE;GDSN;;NEW;CURRENT;2;;;;;;;;;
urn:gs1:gdd:cl:TradeChannelCode:UNSPECIFIED;TradeChannelCode;UNSPECIFIED;Unspecified;Unspecified;Indéterminé;;;;;;;;;NEW;CURRENT;1;;;;;;;;;;;;;
urn:gs1:gdd:cl:TradeChannelCode:VENDING;TradeChannelCode;VENDING;Vending;Vending;Vente;;;;;;;;;NEW;CURRENT;1;;;;;;;;;;;;;
urn:gs1:gdd:cl:TradeChannelCode:VENDOR_LEASED_SPACE;TradeChannelCode;VENDOR_LEASED_SPACE;Vendor Leased Space;Vendor Leased Space;Espace loué par le vendeur;;;;;;;;;NEW;CURRENT;1;;;;;;;;;;;;;
urn:gs1:gdd:cl:TradeItemPriceTypeCode;TradeItemPriceTypeCode;;;;;;;;;;;;;NEW;CURRENT;3;;;;;;;;;;;;;
urn:gs1:gdd:cl:TradeItemPriceTypeCode:BULK_PRICE;TradeItemPriceTypeCode;BULK_PRICE;Bulk Price;Bulk Price;Prix ​​de gros;;;;;;;;;NEW;CURRENT;1;;;;;;;;;;;;;
urn:gs1:gdd:cl:TradeItemPriceTypeCode:INPATIENT_REGULATORY_REIMBURSMENT_PRICE;TradeItemPriceTypeCode;INPATIENT_REGULATORY_REIMBURSMENT_PRICE;Inpatient Regulatory Reimbursement Price;Inpatient Regulatory Reimbursement Price;Tarif de remboursement réglementaire pour les patients hospitalisés;;;;;;;;;NEW;CURRENT;2;;;;;;;;;;;;;
urn:gs1:gdd:cl:TradeItemPriceTypeCode:LOOSE_PRICE;TradeItemPriceTypeCode;LOOSE_PRICE;Loose Price;Loose Price;Prix ​​​​libre;;;;;;;;;NEW;CURRENT;1;;;;;;;;;;;;;
urn:gs1:gdd:cl:TradeItemPriceTypeCode:MINIMUM_ADVERTISED_PRICE;TradeItemPriceTypeCode;MINIMUM_ADVERTISED_PRICE;Minimum Advertised Price;Minimum Advertised Price;Prix ​​minimum annoncé;;;;;;;;;NEW;CURRENT;1;;;;;;;;;;;;;
urn:gs1:gdd:cl:TradeItemPriceTypeCode:OUTPATIENT_REGULATORY_REIMBURSMENT_PRICE;TradeItemPriceTypeCode;OUTPATIENT_REGULATORY_REIMBURSMENT_PRICE;Outpatient Regulatory Reimbursement Price;Outpatient Regulatory Reimbursement Price;Tarif de remboursement réglementaire pour les consultations externes;;;;;;;;;NEW;CURRENT;2;;;;;;;;;;;;;
urn:gs1:gdd:cl:TradeItemPriceTypeCode:RETAIL_PRICE_ON_TRADE_ITEM;TradeItemPriceTypeCode;RETAIL_PRICE_ON_TRADE_ITEM;Retail Price on Trade Item;Retail Price on Trade Item;Prix ​​de détail sur l'article commercial;;;;;;;;;NEW;CURRENT;1;;;;;;;;;;;;;
urn:gs1:gdd:cl:TradeItemPriceTypeCode:UMRP;TradeItemPriceTypeCode;UMRP;Unilateral Minimum Retail Price;Unilateral Minimum Retail Price;Prix ​​de vente minimum unilatéral;;;;;;;;;GDSN;;NEW;CURRENT;3;;;;;;;;;;;
urn:gs1:gdd:cl:TradeItemUnitDescriptorCode;TradeItemUnitDescriptorCode;;;;;;;;;;;;;NEW;CURRENT;1;;;;;;;;;;;;;
urn:gs1:gdd:cl:TradeItemUnitDescriptorCode:BASE_UNIT_OR_EACH;TradeItemUnitDescriptorCode;BASE_UNIT_OR_EACH;Base Unit or Each;Base Unit or Each;Unité de base ou chacune;;;;;;;;;NEW;CURRENT;1;;;;;;;;;;;;;
urn:gs1:gdd:cl:TradeItemUnitDescriptorCode:CASE;TradeItemUnitDescriptorCode;CASE;Case;Case;Cas;;;;;;;;;NEW;CURRENT;1;;;;;;;;;;;;;
urn:gs1:gdd:cl:TradeItemUnitDescriptorCode:DISPLAY_SHIPPER;TradeItemUnitDescriptorCode;DISPLAY_SHIPPER;Display Shipper;Display Shipper;Afficher l'expéditeur;;;;;;;;;CHANGED;CURRENT;2;;;;;;;;;;;;;
urn:gs1:gdd:cl:TradeItemUnitDescriptorCode:MIXED_MODULE;TradeItemUnitDescriptorCode;MIXED_MODULE;Display Ready Pallet;Display Ready Pallet;Palette prête à être exposée;;;;;;;;;CHANGED;CURRENT;1;;;;;;;;;;;;;
urn:gs1:gdd:cl:TradeItemUnitDescriptorCode:PACK_OR_INNER_PACK;TradeItemUnitDescriptorCode;PACK_OR_INNER_PACK;Pack or Inner Pack;Pack or Inner Pack;Pack ou pack intérieur;;;;;;;;;NEW;CURRENT;1;;;;;;;;;;;;;
urn:gs1:gdd:cl:TradeItemUnitDescriptorCode:PALLET;TradeItemUnitDescriptorCode;PALLET;Pallet;Pallet;Palette;;;;;;;;;NEW;CURRENT;1;;;;;;;;;;;;;
urn:gs1:gdd:cl:TradeItemUnitDescriptorCode:TRANSPORT_LOAD;TradeItemUnitDescriptorCode;TRANSPORT_LOAD;Transport Load;Transport Load;Charge de transport;;;;;;;;;CODEVALUE;GDSN;;NEW;CURRENT;1;;;;;;;;;;
urn:gs1:gdd:cl:VariableTradeItemTypeCode;VariableTradeItemTypeCode;;;;;;;;;;;;;NEW;CURRENT;1;;;;;;;;;;;;;
urn:gs1:gdd:cl:VariableTradeItemTypeCode:LOOSE;VariableTradeItemTypeCode;LOOSE;Loose;Loose;Lâche;;;;;;;;; loose fruit and vegetables; grains; candy; fresh produce; fabric bolts; spooled chain or rope; nails or snacks. A fixed-measure reel of 100 metres of wire is sold from the supplier to the retailer. At the retailer; the consumer may either buy the entire 100-metre reel at a fixed price for the whole reel; or may request a length of wire to be cut to his requirement at a price per metre. A 10 pound case of candy sold to the retailer. The retailer puts this in bins and prices.;CODEVALUE;GDSN;;NEW;CURRENT;1;
urn:gs1:gdd:cl:VariableTradeItemTypeCode:PRE_PACKED;VariableTradeItemTypeCode;PRE_PACKED;Pre-packed;Pre-packed;Pré-emballé;;;;;;;;;GDSN;;NEW;CURRENT;1;;;;;;;;;;;
